completion	action	base_h1	sheared_h1	base_h2	sheared_h2
coefficient-euclidean	1	1.06247324205224	1.06247324205224	0.0408219945202551	0.0408219945202551
coefficient-euclidean	2	1.09983473036027	1.09983473036027	0.257812837067414	0.261569689829404
coefficient-euclidean	3	1.06126109361585	1.06126109361585	0.0705946297234686	0.0543554506413562
coefficient-euclidean	4	1.07228228545278	1.07228228545278	0.29382012392163	0.42443541516925
coefficient-euclidean	5	0.736621493791412	0.736621493791411	0.022557641512298	0.073743814133464
coefficient-euclidean	6	0.695739603762488	0.695739603762488	0.0217078821699475	0.191026119391234
coefficient-euclidean	7	1.08923699881725	1.08923699881724	0.0369939872464432	0.036955832337674
coefficient-euclidean	8	1.11782190489878	1.11782190489878	0.253453628352026	0.260786399169101
coefficient-euclidean	9	1.16855649640462	1.16855649640462	0.0759488328807557	0.0526497562460041
coefficient-euclidean	10	1.06033074778834	1.06033074778834	0.298243189208497	0.454274105255644
coefficient-euclidean	11	0.81414851712723	0.81414851712723	0.0315441827076835	0.0686318549915599
coefficient-euclidean	12	0.684310565043186	0.684310565043186	0.0286345305962798	0.206851963570483
coefficient-euclidean	13	1.22092980308204	1.22092980308204	0.0600682510810546	0.028739383128016
coefficient-euclidean	14	1.15126360003787	1.15126360003787	0.28478628023849	0.435109453270778
coefficient-euclidean	15	1.31760300206068	1.31760300206068	0.0693046297886193	0.0309048746083313
coefficient-euclidean	16	1.12488418649121	1.12488418649121	0.293687554806248	0.466234327587168
coefficient-euclidean	17	0.941398980170663	0.941398980170663	0.0905609259701478	0.142156177161765
coefficient-euclidean	18	0.857548882497065	0.857548882497065	0.0883822102328521	0.162808308421533
coefficient-euclidean	19	1.44912639535255	1.44912639535256	0.313666188235401	0.150668263506915
coefficient-euclidean	20	1.36272213956262	1.36272213956262	0.316350646222463	0.31617705310334
coefficient-euclidean	21	1.59790292990539	1.59790292990539	0.330394320875021	0.145846399544236
coefficient-euclidean	22	1.39505519676498	1.39505519676498	0.330774089491157	0.339339384222742
coefficient-euclidean	23	1.77455837831009	1.77455837831009	0.420174667320706	0.251992836895909
coefficient-euclidean	24	1.67644455664958	1.67644455664958	0.417611166207031	0.279180775794994
coefficient-euclidean	25	0.958802688606449	0.95880268860645	0.0195400258626258	0.0370855648452097
coefficient-euclidean	26	1.05858180016754	1.05858180016754	0.393761099949408	0.339497792786052
coefficient-euclidean	27	0.970294024275194	0.970294024275195	0.0610479221551335	0.0489975510089961
coefficient-euclidean	28	1.08951220197945	1.08951220197945	0.507718306891458	0.543716796470435
coefficient-euclidean	29	0.673908386663421	0.673908386663421	0.190754195908294	0.130136621867728
coefficient-euclidean	30	0.663269052076447	0.663269052076447	0.231227035560279	0.277277534802436
coefficient-euclidean	31	0.955662345606671	0.955662345606672	0.000784572616930969	0.0139415396593393
coefficient-euclidean	32	1.04291040640268	1.04291040640268	0.361214098156668	0.257672135550892
coefficient-euclidean	33	1.07190881034671	1.07190881034671	0.00781799871750803	0.00688636896377023
coefficient-euclidean	34	0.785172423575066	0.785172423575066	0.313449409936528	0.162540208715546
coefficient-euclidean	35	0.692238726264253	0.692238726264254	0.07909055521509	0.127353927474048
coefficient-euclidean	36	0.332566178160569	0.332566178160569	0.0355742596286377	0.0506900548730832
coefficient-euclidean	37	1.10037313718104	1.10037313718104	0.0388019594035049	0.0353252426675492
coefficient-euclidean	38	1.14528289168683	1.14528289168683	0.469787801325558	0.485940429791338
coefficient-euclidean	39	1.22164031311781	1.22164031311781	0.00520408837116073	0.0164508503327318
coefficient-euclidean	40	0.86824211309046	0.86824211309046	0.312146420648775	0.193835588248679
coefficient-euclidean	41	0.828909948192271	0.828909948192272	0.181941664974833	0.279297891538271
coefficient-euclidean	42	0.509960226218938	0.509960226218938	0.0970383675509594	0.0548816820727999
coefficient-euclidean	43	1.54119284032492	1.54119284032492	0.541128079451884	0.312248248229765
coefficient-euclidean	44	1.51895480312379	1.51895480312379	0.602080733442356	0.51930566325444
coefficient-euclidean	45	1.54271133198178	1.54271133198178	0.419466885179861	0.395229175358042
coefficient-euclidean	46	1.1570703634314	1.1570703634314	0.355823037803665	0.267747312794561
coefficient-euclidean	47	1.75219096273471	1.75219096273471	0.57182558473121	0.581835195426864
coefficient-euclidean	48	1.45050547452096	1.45050547452096	0.442989882245471	0.239128689752274
coefficient-euclidean	49	0.827422536128215	0.827422536128215	0.0172459710657618	0.0320324804213501
coefficient-euclidean	50	0.934294413864426	0.934294413864427	0.377702864252627	0.33055971714391
coefficient-euclidean	51	0.905031430121172	0.905031430121172	0.0686167285080245	0.0459907035849519
coefficient-euclidean	52	0.961833884107143	0.961833884107143	0.505078904351825	0.568780080469553
coefficient-euclidean	53	0.630674096858761	0.630674096858761	0.1892608290337	0.118541067179322
coefficient-euclidean	54	0.558567811899326	0.558567811899326	0.22964983621201	0.288570565818098
coefficient-euclidean	55	0.804614648566517	0.804614648566518	0.00221640262222929	0.0127631668542431
coefficient-euclidean	56	0.907834337489643	0.907834337489644	0.350447426405536	0.250207861682144
coefficient-euclidean	57	0.894612036293469	0.89461203629347	0.00995466440629626	0.00562797436187482
coefficient-euclidean	58	0.645923454193412	0.645923454193412	0.306794567932589	0.15683900570447
coefficient-euclidean	59	0.564979475797983	0.564979475797983	0.0683452981902703	0.121149878356424
coefficient-euclidean	60	0.217404913627645	0.217404913627644	0.0273114433837548	0.046008304081026
coefficient-euclidean	61	1.01345760919024	1.01345760919024	0.0464240570008962	0.0342002331104155
coefficient-euclidean	62	0.99805498814545	0.99805498814545	0.46747486812436	0.511404641753302
coefficient-euclidean	63	1.02781618865459	1.02781618865459	0.00384423298086654	0.0132147668274758
coefficient-euclidean	64	0.713714760609785	0.713714760609785	0.301121939567679	0.188547527633386
coefficient-euclidean	65	0.703097572561075	0.703097572561076	0.180522545025672	0.293808144732464
coefficient-euclidean	66	0.464909596069768	0.464909596069769	0.097929498511166	0.0476853245064433
coefficient-euclidean	67	1.45641034023534	1.45641034023534	0.537730964930706	0.2898831371292
coefficient-euclidean	68	1.37439321504861	1.37439321504861	0.598872741738894	0.527116363256469
coefficient-euclidean	69	1.29208900748081	1.29208900748082	0.398240354892721	0.376995171616793
coefficient-euclidean	70	0.925667342849677	0.925667342849677	0.338564575791231	0.252106409968108
coefficient-euclidean	71	1.57636556923651	1.57636556923651	0.568581667742763	0.592481599129436
coefficient-euclidean	72	1.36265375487444	1.36265375487444	0.442759515924672	0.220344600871252
coefficient-euclidean	73	0.720073053104061	0.720073053104061	0.0557636903544393	0.0215514561934873
coefficient-euclidean	74	0.790855730410966	0.790855730410967	0.364514207204891	0.474203656570308
coefficient-euclidean	75	0.775530830751445	0.775530830751445	0.0656947440136549	0.0236115176801141
coefficient-euclidean	76	0.769050299680934	0.769050299680934	0.378036225670159	0.508135339696787
coefficient-euclidean	77	0.586862097946504	0.586862097946504	0.182015835230762	0.167822495219391
coefficient-euclidean	78	0.524668415325632	0.524668415325631	0.181994668532747	0.190248304039203
coefficient-euclidean	79	0.700665838805056	0.700665838805056	0.0438840343165951	0.0333367428514629
coefficient-euclidean	80	0.770302868196132	0.770302868196133	0.341030593297595	0.409687319737892
coefficient-euclidean	81	0.774433561020303	0.774433561020303	0.0227221544067627	0.0128954927881442
coefficient-euclidean	82	0.495248006410975	0.495248006410976	0.261630618576815	0.155760906151377
coefficient-euclidean	83	0.488655372493809	0.48865537249381	0.0631675277726029	0.219899346432696
coefficient-euclidean	84	0.176395341234139	0.176395341234139	0.0231916183424406	0.0257988834941615
coefficient-euclidean	85	0.763153283259986	0.763153283259986	0.0500409387550963	0.0334154982690011
coefficient-euclidean	86	0.749266341446951	0.749266341446952	0.34964024280137	0.442230191751426
coefficient-euclidean	87	0.783266534969806	0.783266534969807	0.019177182486315	0.0109343714778809
coefficient-euclidean	88	0.494188602790591	0.494188602790591	0.257439870538448	0.156335940365803
coefficient-euclidean	89	0.482443887549759	0.482443887549759	0.0725831685217937	0.240511837407127
coefficient-euclidean	90	0.244640329370752	0.244640329370752	0.0322548333688226	0.0233639185739982
coefficient-euclidean	91	1.31381149573946	1.31381149573946	0.521579119641449	0.311466266180212
coefficient-euclidean	92	1.25048160175334	1.25048160175334	0.521951586089038	0.34081229512652
coefficient-euclidean	93	1.10000063645662	1.10000063645662	0.382319060250272	0.433878955063041
coefficient-euclidean	94	0.798583302675226	0.798583302675226	0.320854866964991	0.13876110510812
coefficient-euclidean	95	1.14245196759802	1.14245196759802	0.400465535991459	0.462545822828752
coefficient-euclidean	96	0.931240438072623	0.931240438072624	0.33760042541746	0.135471858523348
coefficient-euclidean	97	0.659242376655956	0.659242376655956	0.0604058002907637	0.149144832644937
coefficient-euclidean	98	0.615528351514078	0.615528351514078	0.0124556899374864	0.280905903539709
coefficient-euclidean	99	0.700332228471765	0.700332228471764	0.070746091424843	0.144689847468429
coefficient-euclidean	100	0.579592461813559	0.579592461813558	0.0134683895482878	0.298800011757372
coefficient-euclidean	101	0.766309093094962	0.766309093094961	0.0672261368404537	0.221938059412844
coefficient-euclidean	102	0.696020571857854	0.696020571857854	0.0579807637189198	0.243694488672945
coefficient-euclidean	103	0.660498123870152	0.660498123870152	0.0575550110721421	0.24328841052095
coefficient-euclidean	104	0.619464553348383	0.619464553348384	0.00858135530192235	0.371978064105623
coefficient-euclidean	105	0.67047936191577	0.67047936191577	0.0318209710059049	0.311646682360368
coefficient-euclidean	106	0.311801161901316	0.311801161901316	0.0531883401724776	0.234489614554207
coefficient-euclidean	107	0.692723197558261	0.692723197558262	0.0140087509701898	0.421382413015299
coefficient-euclidean	108	0.391007783411655	0.391007783411655	0.0853128932092287	0.211277507375697
coefficient-euclidean	109	0.701585920156983	0.701585920156984	0.0634642437967042	0.229656971936513
coefficient-euclidean	110	0.583700294896995	0.583700294896995	0.00536960302886957	0.380414694709982
coefficient-euclidean	111	0.672522059873915	0.672522059873915	0.0275749952065352	0.302247968210672
coefficient-euclidean	112	0.307912829962063	0.307912829962064	0.0487801423231496	0.224926871278138
coefficient-euclidean	113	0.667886074730074	0.667886074730075	0.0100091014105355	0.432368513770417
coefficient-euclidean	114	0.446286834151334	0.446286834151334	0.0904801305824901	0.198916461049974
coefficient-euclidean	115	0.77549264888495	0.77549264888495	0.0497527041018897	0.25094026596743
coefficient-euclidean	116	0.702357072987166	0.702357072987166	0.0405966081519774	0.272443419396972
coefficient-euclidean	117	0.70202221311123	0.70202221311123	0.00126473722147247	0.358143121717699
coefficient-euclidean	118	0.396144275468947	0.396144275468947	0.070330497912798	0.145328886198155
coefficient-euclidean	119	0.675236170333583	0.675236170333583	0.00143479464558362	0.378497751336338
coefficient-euclidean	120	0.458527538740955	0.458527538740955	0.079948181646608	0.142477968611144
coefficient-euclidean	121	2.94690576076533	2.94690576076533	0.0337258640490749	0.517234838153875
coefficient-euclidean	122	6.15393561331971	6.15393561332001	0.829890059647898	0.239581989156272
coefficient-euclidean	123	2.24976667311509	2.24976667311509	0.00297471202405894	0.607864040816979
coefficient-euclidean	124	2.86070962239644	2.86070962239643	0.994212122694366	0.300829847798281
coefficient-euclidean	125	0.53929037944289	0.53929037944289	0.0989253542604539	0.261088561819295
coefficient-euclidean	126	0.503738522240792	0.503738522240792	0.211295575394247	0.254745486868696
coefficient-euclidean	127	3.01097460158773	3.01097460158774	0.0324965611880398	0.528455286955592
coefficient-euclidean	128	7.35703521445852	7.35703521445785	0.827866818506822	0.252071167865825
coefficient-euclidean	129	2.39543554586617	2.39543554586617	0.00196814303203881	0.634627915649381
coefficient-euclidean	130	2.89180953475319	2.89180953475318	1.02553180209286	0.327651567273671
coefficient-euclidean	131	0.624292664888239	0.624292664888239	0.101984448581488	0.275784334301139
coefficient-euclidean	132	0.535748896465447	0.535748896465446	0.229839875009816	0.272092980248117
coefficient-euclidean	133	3.02333268353634	3.02333268353635	0.0128521523597046	0.718892968208308
coefficient-euclidean	134	4.25739784402023	4.2573978440202	1.02968633407281	0.428534686703996
coefficient-euclidean	135	3.24705864128578	3.2470586412858	0.0130397465741468	0.73487938923092
coefficient-euclidean	136	4.27921842698992	4.27921842698992	1.06471363354602	0.443726837884065
coefficient-euclidean	137	0.746919612162451	0.746919612162451	0.233707426332161	0.370604030723237
coefficient-euclidean	138	0.693958467292918	0.693958467292917	0.249120305812222	0.373642342139187
coefficient-euclidean	139	2.82240759075838	2.82240759075838	0.547327492495661	1.0023904853973
coefficient-euclidean	140	2.59161989452025	2.59161989452025	0.73516159876056	1.0685735752283
coefficient-euclidean	141	3.47679057162879	3.47679057162879	0.553656880230355	1.00640063769239
coefficient-euclidean	142	2.86287011609663	2.86287011609663	0.76924063785511	1.08820753538835
coefficient-euclidean	143	3.92558405632869	3.92558405632866	0.745741313998182	1.05715655283719
coefficient-euclidean	144	3.53699652512175	3.53699652512176	0.772256905026414	1.07226444518245
coefficient-euclidean	145	3.42295370881741	3.42295370881741	1.31889886156116	0.825623839157824
coefficient-euclidean	146	3.91880165905526	3.91880165905528	2.85557594661135	0.230398297859822
coefficient-euclidean	147	2.63939639573853	2.63939639573854	1.1109987074684	0.961616612619858
coefficient-euclidean	148	2.70822574403585	2.70822574403585	2.17373790094884	0.235455842931414
coefficient-euclidean	149	1.01408902178996	1.01408902178996	0.39952031484472	0.275524324227585
coefficient-euclidean	150	0.94768843627653	0.94768843627653	0.407862623392006	0.209666513821644
coefficient-euclidean	151	1.34041637258925	1.34041637258925	0.190229348817225	0.294239478157115
coefficient-euclidean	152	1.14092819585207	1.14092819585208	0.501513174174565	0.0132462677631607
coefficient-euclidean	153	3.3172037328189	3.3172037328189	1.24101169789427	1.06187193196903
coefficient-euclidean	154	1.97617446727106	1.97617446727106	0.883619037323557	1.06603077543547
coefficient-euclidean	155	1.07630919315578	1.07630919315578	0.709475098541204	0.17642160323828
coefficient-euclidean	156	0.966889580345805	0.966889580345806	0.177631170336561	0.519048880917653
coefficient-euclidean	157	1.35786332113451	1.35786332113451	0.119630689550356	0.327611044625088
coefficient-euclidean	158	0.992613554764778	0.992613554764778	0.423674815198592	0.0469141062784064
coefficient-euclidean	159	4.24598029112691	4.24598029112693	1.2455945152993	0.975402945647244
coefficient-euclidean	160	2.05671453705368	2.05671453705368	0.901208245291018	1.15293873743321
coefficient-euclidean	161	1.17640966101695	1.17640966101695	0.7458899596678	0.0769519457681687
coefficient-euclidean	162	1.10971363743586	1.10971363743586	0.192090403463369	0.46032979370493
coefficient-euclidean	163	1.0232757118675	1.0232757118675	0.0678575965230483	0.0731089589038561
coefficient-euclidean	164	0.85723262218767	0.857232622187669	0.080193077728386	0.0819884573953151
coefficient-euclidean	165	3.28510324274864	3.28510324274864	1.57231890837647	0.203382343938992
coefficient-euclidean	166	1.93088542730157	1.93088542730157	0.624033169782076	0.920354191681407
coefficient-euclidean	167	3.55919917355616	3.55919917355616	1.65393963776758	0.136503192693093
coefficient-euclidean	168	2.16903472706853	2.16903472706853	0.633057164307097	0.769958677715494
coefficient-euclidean	169	3.53991293748198	3.53991293748198	1.39162271805594	0.861371828479982
coefficient-euclidean	170	4.05158241504258	4.05158241504257	3.04847439959728	0.24801321642803
coefficient-euclidean	171	2.60749943626788	2.60749943626788	1.15236702021763	1.02596109075269
coefficient-euclidean	172	2.57636172977106	2.57636172977106	2.17997640995073	0.256058988657012
coefficient-euclidean	173	0.960062286154202	0.960062286154202	0.407023607819676	0.297430970514087
coefficient-euclidean	174	0.830628588647138	0.830628588647138	0.409435891636063	0.222392951228329
coefficient-euclidean	175	1.22228305411572	1.22228305411572	0.214652125315613	0.306022310149537
coefficient-euclidean	176	1.01938100556987	1.01938100556987	0.519800960332597	0.0174098489106139
coefficient-euclidean	177	3.19888167501832	3.19888167501832	1.29190937343284	1.08955764758049
coefficient-euclidean	178	1.83795439728542	1.83795439728542	0.858054308066469	1.05598939566944
coefficient-euclidean	179	0.958200160020336	0.958200160020336	0.714052449907535	0.182661030759304
coefficient-euclidean	180	0.843804852642498	0.843804852642498	0.161249648355985	0.513892496652584
coefficient-euclidean	181	1.28071156557034	1.28071156557034	0.13282369855032	0.340635897629201
coefficient-euclidean	182	0.834184080340012	0.834184080340012	0.422976176369663	0.0544869194390766
coefficient-euclidean	183	3.84389861366182	3.84389861366184	1.28617264696972	0.979648363760928
coefficient-euclidean	184	1.8969252315714	1.8969252315714	0.870293496201175	1.14466201247104
coefficient-euclidean	185	1.07803288816903	1.07803288816903	0.746915636804697	0.0671069722021676
coefficient-euclidean	186	1.0611940032071	1.0611940032071	0.178106600124739	0.442652277035763
coefficient-euclidean	187	0.932746940530931	0.932746940530933	0.0703689664476351	0.0665258346259931
coefficient-euclidean	188	0.680805093963321	0.680805093963321	0.0793594684793626	0.0780467886802334
coefficient-euclidean	189	2.74963788317547	2.74963788317547	1.56604520185112	0.194101652435417
coefficient-euclidean	190	1.70104475220406	1.70104475220406	0.593099047089554	0.894786310614521
coefficient-euclidean	191	3.16394776195071	3.16394776195072	1.65308261554366	0.120427882840907
coefficient-euclidean	192	2.07028944193314	2.07028944193314	0.609645881179346	0.729024430461334
coefficient-euclidean	193	3.66441157570181	3.6644115757018	1.78082222257004	1.39044410257809
coefficient-euclidean	194	3.49084497986233	3.49084497986232	3.20144331355596	0.397200271752558
coefficient-euclidean	195	3.52202631739269	3.52202631739269	1.74918350246296	1.42494443350367
coefficient-euclidean	196	3.3407341808777	3.3407341808777	2.99398513220252	0.400548146349713
coefficient-euclidean	197	0.854242050726633	0.854242050726633	0.421871442196022	0.373961878028369
coefficient-euclidean	198	0.792821152842315	0.792821152842315	0.415839704149642	0.364996112732393
coefficient-euclidean	199	1.08557085666335	1.08557085666335	0.306094242025488	0.439195338329923
coefficient-euclidean	200	0.719447779272496	0.719447779272496	0.520060791894329	0.0780708431474143
coefficient-euclidean	201	4.57345521148814	4.57345521148816	1.74842614045706	1.21670684959822
coefficient-euclidean	202	1.7116670516423	1.7116670516423	0.713525182173677	1.08838710937194
coefficient-euclidean	203	0.893801524668992	0.893801524668993	0.727735577778201	0.118919361770131
coefficient-euclidean	204	0.793972804275699	0.7939728042757	0.0611302050126068	0.433724840400266
coefficient-euclidean	205	1.12972610811932	1.12972610811932	0.294859691770652	0.440122865639484
coefficient-euclidean	206	0.689994657643715	0.689994657643716	0.501012933124811	0.081426242508527
coefficient-euclidean	207	4.28771088966477	4.28771088966476	1.73188723643643	1.19056532680457
coefficient-euclidean	208	1.70761822845615	1.70761822845615	0.709353227207602	1.09091890784048
coefficient-euclidean	209	0.913707081095275	0.913707081095275	0.724097859602517	0.102858956589045
coefficient-euclidean	210	0.86811159960194	0.86811159960194	0.0634795702275309	0.421184245132292
coefficient-euclidean	211	0.618219384177014	0.618219384177014	0.0674852321744798	0.0236789041948588
coefficient-euclidean	212	0.532998721802874	0.532998721802874	0.0641600553749144	0.0262427463949411
coefficient-euclidean	213	2.28705093154556	2.28705093154557	1.56952677048039	0.0792856772112305
coefficient-euclidean	214	1.53358772229729	1.53358772229729	0.429319486369133	0.630360821674365
coefficient-euclidean	215	2.39330595827223	2.39330595827223	1.57502977875639	0.0722422626097124
coefficient-euclidean	216	1.65488090860333	1.65488090860333	0.435878490250782	0.613541843036624
coefficient-euclidean	217	3.52984861337857	3.52984861337857	2.22437542241014	2.41629631758759
coefficient-euclidean	218	3.10392228780687	3.10392228780686	1.7060643102273	1.8661473885936
coefficient-euclidean	219	3.5512011603068	3.5512011603068	2.17848253166715	2.44565871414403
coefficient-euclidean	220	3.09562525082257	3.09562525082256	1.61298580286906	1.83355445874917
coefficient-euclidean	221	2.5661498787015	2.5661498787015	1.40496620430769	1.89793177193216
coefficient-euclidean	222	2.50449544775652	2.50449544775653	1.35475794421095	1.84777992908746
coefficient-euclidean	223	0.525687157593332	0.525687157593332	0.357813676983712	0.411298934767648
coefficient-euclidean	224	0.392216708420076	0.392216708420076	0.261944549268852	0.361311137776172
coefficient-euclidean	225	3.36963569319041	3.36963569319042	2.08339156378577	0.63517553445567
coefficient-euclidean	226	1.31357090111039	1.31357090111038	0.0293124791784443	0.968616930410651
coefficient-euclidean	227	2.76144934239115	2.76144934239115	1.52073650962471	0.470271458763768
coefficient-euclidean	228	1.34794106448854	1.34794106448854	0.00520728249106623	0.819562355556134
coefficient-euclidean	229	0.573198583108612	0.573198583108612	0.345545179919474	0.395968020190564
coefficient-euclidean	230	0.375037857070519	0.375037857070519	0.235379588942356	0.343718418557497
coefficient-euclidean	231	3.25192045944999	3.25192045944999	2.05525660788371	0.611264084453565
coefficient-euclidean	232	1.31481022831053	1.31481022831053	0.0262234159162786	0.949722678584962
coefficient-euclidean	233	2.70232072278698	2.70232072278697	1.45645598493479	0.433227846564395
coefficient-euclidean	234	1.40762180667069	1.40762180667069	0.00332373538284827	0.784174889701986
coefficient-euclidean	235	0.448434346637723	0.448434346637723	0.172558086276562	0.246733015079377
coefficient-euclidean	236	0.380887884716946	0.380887884716946	0.158297831594529	0.244014558026251
coefficient-euclidean	237	2.59155027191752	2.59155027191752	1.48408249447836	0.336508192846506
coefficient-euclidean	238	1.33307874616943	1.33307874616943	0.000676604536377513	0.707293083996164
coefficient-euclidean	239	2.58992015498228	2.58992015498228	1.43688295624338	0.321558587133098
coefficient-euclidean	240	1.39465580869862	1.39465580869862	0.0018069445111559	0.689936328794717
coefficient-euclidean	241	2.02520993069625	2.02520993069625	0.0845860679500737	0.645129958765432
coefficient-euclidean	242	3.49823492444326	3.49823492444327	1.01572922886442	0.595861838844493
coefficient-euclidean	243	1.86555304396861	1.86555304396861	0.0816452256417512	0.723790846094186
coefficient-euclidean	244	3.49597509709695	3.49597509709695	1.34241475013268	0.755330241402328
coefficient-euclidean	245	0.748003479446014	0.748003479446013	0.346527033823249	0.529916648986791
coefficient-euclidean	246	0.760462839986651	0.760462839986652	0.504993837691861	0.603112968272985
coefficient-euclidean	247	1.85974015689926	1.85974015689926	0.0410973805158843	0.446540332680157
coefficient-euclidean	248	2.80882163259892	2.80882163259892	0.899606012370226	0.350280852919766
coefficient-euclidean	249	1.90964495053337	1.90964495053337	0.0838277189366219	0.402227837556255
coefficient-euclidean	250	2.66167282136896	2.66167282136896	0.770391617366399	0.297783128739788
coefficient-euclidean	251	0.800290301550776	0.800290301550776	0.285927936815999	0.309158319306769
coefficient-euclidean	252	0.564872581837379	0.564872581837379	0.16538815128893	0.296996933864526
coefficient-euclidean	253	2.08163490564342	2.08163490564343	0.0486520407917172	0.618809427737683
coefficient-euclidean	254	3.73031346295227	3.73031346295228	1.22338546717669	0.607053265130695
coefficient-euclidean	255	2.25646594131287	2.25646594131287	0.0946841377064602	0.498799087503222
coefficient-euclidean	256	3.56415502224822	3.56415502224825	0.795715193717716	0.409234501632291
coefficient-euclidean	257	0.971204587765424	0.971204587765424	0.477700614687859	0.497331462491994
coefficient-euclidean	258	0.742764614285984	0.742764614285984	0.198345872453161	0.417515487106418
coefficient-euclidean	259	4.2106467206517	4.21064672065169	0.847841843746931	1.20829345601225
coefficient-euclidean	260	5.39332401403738	5.39332401403724	1.12990481847999	1.4253536983887
coefficient-euclidean	261	3.32517185096511	3.32517185096509	0.848810166269277	1.23541420820844
coefficient-euclidean	262	3.17893559863711	3.17893559863712	0.641928983392326	1.1359396125624
coefficient-euclidean	263	7.38354764833365	7.3835476483342	1.18174066261005	1.48558443006693
coefficient-euclidean	264	5.4679185448751	5.4679185448751	0.672617042310985	1.1549949619128
coefficient-euclidean	265	2.82187558276266	2.82187558276266	1.61527478545109	1.01391568582343
coefficient-euclidean	266	3.7240816894944	3.7240816894944	2.50362018244222	0.484407309238703
coefficient-euclidean	267	2.58626079098423	2.58626079098423	1.40706643157688	1.14701230724111
coefficient-euclidean	268	3.24177032243573	3.24177032243574	1.90720948936154	0.521861374973054
coefficient-euclidean	269	1.50445915823548	1.50445915823548	0.472678808224398	0.46434056233638
coefficient-euclidean	270	1.44424107564158	1.44424107564158	0.440038637034374	0.429071166532467
coefficient-euclidean	271	1.15265129200886	1.15265129200886	0.244692093217662	0.257496157293705
coefficient-euclidean	272	1.038816543307	1.038816543307	0.423656168927858	0.0924017923942184
coefficient-euclidean	273	2.93977401558823	2.93977401558823	1.92896418976632	0.820802248065876
coefficient-euclidean	274	3.37228681263423	3.37228681263423	0.637315071302433	1.88949747610336
coefficient-euclidean	275	1.64625209926884	1.64625209926884	0.954077274970319	0.143176880350952
coefficient-euclidean	276	1.91867440174601	1.918674401746	0.108838251233451	0.82344744358417
coefficient-euclidean	277	1.2298458332834	1.2298458332834	0.183574899296158	0.250623447255359
coefficient-euclidean	278	0.965951083148203	0.965951083148204	0.330185736010237	0.128133329785016
coefficient-euclidean	279	3.11846425938913	3.11846425938913	1.90637560337777	0.712084034392982
coefficient-euclidean	280	3.27040329160538	3.27040329160538	0.642177407830115	1.95339163991668
coefficient-euclidean	281	1.80661644694404	1.80661644694405	0.960516497773644	0.0461071014737251
coefficient-euclidean	282	2.06457104457797	2.06457104457797	0.13499306213173	0.683809544817702
coefficient-euclidean	283	1.07178652072167	1.07178652072167	0.0694467666668387	0.0105168910474368
coefficient-euclidean	284	0.919089276121453	0.919089276121454	0.0537097719434998	0.0489751920829008
coefficient-euclidean	285	3.60981398966103	3.60981398966103	2.10466604581031	0.0705158079670153
coefficient-euclidean	286	2.85420884443	2.85420884443	0.483759400418875	1.10921407524601
coefficient-euclidean	287	5.76923291176635	5.76923291176642	2.15334885760628	0.0307585119264533
coefficient-euclidean	288	3.26164578842037	3.26164578842038	0.517728510546662	0.90399600208653
coefficient-euclidean	289	1.81337609107185	1.81337609107185	0.85709605072842	0.560036728420063
coefficient-euclidean	290	2.05697033277183	2.05697033277183	1.60349549067547	0.215754091651235
coefficient-euclidean	291	2.23382918145017	2.23382918145017	1.02455696569557	0.505165429718193
coefficient-euclidean	292	2.31458145159419	2.31458145159419	1.83619078225944	0.211090190516851
coefficient-euclidean	293	1.18989275524951	1.18989275524951	0.453480020628497	0.19349966819336
coefficient-euclidean	294	0.822366036218287	0.822366036218286	0.416907585039903	0.228633567304597
coefficient-euclidean	295	0.858581167260881	0.858581167260881	0.0328753630678718	0.143716237960593
coefficient-euclidean	296	0.767826998514721	0.767826998514721	0.315449430754457	0.0531822401026353
coefficient-euclidean	297	2.57340264455882	2.57340264455882	1.34169304781621	0.612522098566427
coefficient-euclidean	298	3.22418622194865	3.22418622194865	1.08464490350547	2.3557020269188
coefficient-euclidean	299	1.31083745007527	1.31083745007527	1.04108007142337	0.0869631117362185
coefficient-euclidean	300	1.59174393675799	1.59174393675799	0.403631190733079	0.948086127173127
coefficient-euclidean	301	1.13344612435843	1.13344612435843	0.0775289683150647	0.120395103874902
coefficient-euclidean	302	0.778540035875051	0.778540035875051	0.334842304760648	0.0132693857845323
coefficient-euclidean	303	2.66696792211607	2.66696792211607	1.25673723385203	0.634498832669257
coefficient-euclidean	304	2.92779704883383	2.92779704883383	1.00572264554049	2.04275936944815
coefficient-euclidean	305	1.2371205077723	1.2371205077723	0.939264304559037	0.148908977549383
coefficient-euclidean	306	1.82417817038473	1.82417817038473	0.382632054581631	1.01924131098644
coefficient-euclidean	307	0.968445486232523	0.968445486232523	0.0917915770713394	0.0960960060683852
coefficient-euclidean	308	0.676257715781189	0.676257715781189	0.0612966811432055	0.0762858867050197
coefficient-euclidean	309	5.34964104035477	5.34964104035474	2.28586151593544	0.152284572159245
coefficient-euclidean	310	3.10625454026784	3.10625454026784	0.901189624954996	1.49848812729954
coefficient-euclidean	311	5.84687538607392	5.84687538607392	2.1511497761765	0.204000981086524
coefficient-euclidean	312	3.33090228229798	3.33090228229798	0.935215474590143	1.82009115800514
coefficient-euclidean	313	1.77132735915067	1.77132735915067	1.04334938480991	0.874770709918878
coefficient-euclidean	314	1.93192682791039	1.93192682791039	1.62807217523639	0.382154288052152
coefficient-euclidean	315	2.46501791812851	2.46501791812851	1.42374273269823	0.704437319113906
coefficient-euclidean	316	2.74396436719993	2.74396436719993	2.43231374440212	0.344175383046687
coefficient-euclidean	317	1.09988191247625	1.09988191247625	0.464080964504862	0.311966654175009
coefficient-euclidean	318	0.792470832218437	0.792470832218437	0.459340466131002	0.384205136597355
coefficient-euclidean	319	0.739177304365818	0.739177304365818	0.0956432711798507	0.19356766894572
coefficient-euclidean	320	0.520766018209729	0.520766018209729	0.309811173896627	0.1124836391546
coefficient-euclidean	321	2.63094653378241	2.63094653378241	1.61031118428346	0.617026098777594
coefficient-euclidean	322	2.77963128047334	2.77963128047335	0.814026577747113	2.10814004685882
coefficient-euclidean	323	1.34936421702386	1.34936421702386	1.04783059769917	0.025536789252825
coefficient-euclidean	324	1.56947120515423	1.56947120515423	0.262475243982091	0.719274168427179
coefficient-euclidean	325	0.950406727356797	0.950406727356797	0.201889468528753	0.175401711613211
coefficient-euclidean	326	0.62692936918616	0.62692936918616	0.422457481901359	0.0364298766938624
coefficient-euclidean	327	2.46471138994265	2.46471138994265	1.51556380817242	0.739770675189964
coefficient-euclidean	328	2.58528188697989	2.58528188697989	0.747828622052032	1.7978022832075
coefficient-euclidean	329	1.07171410978379	1.07171410978379	0.939016691609973	0.184663213398472
coefficient-euclidean	330	1.64349463727666	1.64349463727666	0.215085701533468	0.929584645317146
coefficient-euclidean	331	0.67842304145898	0.678423041458981	0.0854525913262888	0.092122044044951
coefficient-euclidean	332	0.533988921166109	0.53398892116611	0.0709073161307377	0.0330380105596699
coefficient-euclidean	333	5.99888130939078	5.99888130939078	2.2749315921313	0.0581035769969186
coefficient-euclidean	334	2.8927662430509	2.8927662430509	0.668497194493181	1.00359499648888
coefficient-euclidean	335	3.06411493738057	3.06411493738057	2.09346358861404	0.147951201313458
coefficient-euclidean	336	2.67381127234398	2.67381127234398	0.654922868966317	1.46979625817779
coefficient-euclidean	337	1.90316527142938	1.90316527142938	1.20922416759227	1.59555580125744
coefficient-euclidean	338	1.82710159893076	1.82710159893076	1.0060396972852	1.45464792883129
coefficient-euclidean	339	3.57355140832484	3.57355140832486	1.65491723353917	1.56807912792484
coefficient-euclidean	340	2.8676766532102	2.86767665321019	1.86318332714714	1.77433319512918
coefficient-euclidean	341	3.06555359949631	3.06555359949632	1.19550246152656	1.48987827753648
coefficient-euclidean	342	2.4611322594101	2.4611322594101	1.61251089094214	1.85876742915377
coefficient-euclidean	343	0.336542150343581	0.336542150343581	0.120124961438291	0.158137980771276
coefficient-euclidean	344	0.22899224066561	0.22899224066561	0.0514984453366213	0.172859073266856
coefficient-euclidean	345	3.76865699634757	3.76865699634757	1.79926555563545	0.242493215904045
coefficient-euclidean	346	2.23562702787232	2.23562702787232	0.0351924132920264	1.0785359309462
coefficient-euclidean	347	6.95002527079148	6.95002527079193	1.4933352328086	0.168205330599868
coefficient-euclidean	348	2.46329481561265	2.46329481561265	0.0391296494976705	0.884113760473626
coefficient-euclidean	349	0.565172204143055	0.565172204143055	0.23397314869949	0.306386433137194
coefficient-euclidean	350	0.351241140963021	0.351241140963021	0.277166115843554	0.325101808424683
coefficient-euclidean	351	3.66642425555655	3.66642425555655	1.72982951952966	0.413411909084135
coefficient-euclidean	352	2.22668006635152	2.22668006635153	0.0160994123428891	1.25464604728069
coefficient-euclidean	353	4.4073792497951	4.40737924979506	2.21848555470931	0.529280916581393
coefficient-euclidean	354	2.83758132007744	2.83758132007743	0.052406489550125	1.48517076458381
coefficient-euclidean	355	0.484981921843817	0.484981921843817	0.0993790744822721	0.239311858348355
coefficient-euclidean	356	0.367809285668433	0.367809285668433	0.212018869717075	0.240802481726374
coefficient-euclidean	357	4.23833779808936	4.23833779808935	1.41334124630521	0.224174164641844
coefficient-euclidean	358	2.33678844067535	2.33678844067535	0.0173412751428457	0.935789247444888
coefficient-euclidean	359	3.78673483939461	3.78673483939461	2.15773974703863	0.406010287019491
coefficient-euclidean	360	2.68509659274672	2.68509659274671	0.0496994137697969	1.34486064311335
coefficient-euclidean	361	2.37119831032977	2.37119831032978	0.08042196116707	0.648395379663125
coefficient-euclidean	362	3.8973356920616	3.89733569206161	1.00067775170367	0.582208791370781
coefficient-euclidean	363	2.20258395000971	2.20258395000971	0.0794404323981193	0.741968752417659
coefficient-euclidean	364	3.78533652660698	3.78533652660697	1.37687251819673	0.764465075232023
coefficient-euclidean	365	0.796675304470175	0.796675304470175	0.335884942122421	0.523795565498361
coefficient-euclidean	366	0.746409003025848	0.746409003025847	0.513269268266517	0.605325367047761
coefficient-euclidean	367	2.14324931950262	2.14324931950263	0.0383451221605518	0.43884673198161
coefficient-euclidean	368	2.99821599759827	2.99821599759827	0.888338572629261	0.325961264485141
coefficient-euclidean	369	2.08635247353973	2.08635247353973	0.0827081808757631	0.393823192851207
coefficient-euclidean	370	2.74861818043292	2.74861818043292	0.764872250376929	0.27736285693056
coefficient-euclidean	371	0.768976259387814	0.768976259387814	0.272269311355671	0.289129917645132
coefficient-euclidean	372	0.517372124534426	0.517372124534426	0.153775055486761	0.280815653975279
coefficient-euclidean	373	2.5794047045587	2.5794047045587	0.0464535186463098	0.636381316605035
coefficient-euclidean	374	4.13824736614259	4.13824736614257	1.25346276387097	0.614851527355798
coefficient-euclidean	375	2.56719079889402	2.56719079889403	0.0921790834279724	0.501525173502199
coefficient-euclidean	376	3.88936403055712	3.88936403055712	0.787825392943938	0.400854320633053
coefficient-euclidean	377	0.943277126028746	0.943277126028745	0.486928044077719	0.500368042967767
coefficient-euclidean	378	0.767113107235676	0.767113107235675	0.190559296382391	0.417135533189806
coefficient-euclidean	379	5.07167632413881	5.07167632413875	0.830839493055424	1.18871880023865
coefficient-euclidean	380	5.19621615464619	5.19621615464623	1.14686490717836	1.43097831408756
coefficient-euclidean	381	3.01676531253648	3.01676531253649	0.823440942466605	1.21036725262339
coefficient-euclidean	382	2.78774628543724	2.78774628543724	0.621931397998681	1.11947783920205
coefficient-euclidean	383	5.90748230869089	5.9074823086907	1.20244451775598	1.49455974730444
coefficient-euclidean	384	8.8714083670547	8.87140836705171	0.660682120320471	1.14493016738085
coefficient-euclidean	385	2.97522139828264	2.97522139828264	1.69199038555137	1.04641426513115
coefficient-euclidean	386	3.76159386571899	3.761593865719	2.67709572124681	0.488172072357486
coefficient-euclidean	387	2.7532993994767	2.7532993994767	1.44958958655217	1.21013842640946
coefficient-euclidean	388	3.19607275621933	3.19607275621933	1.92779938231692	0.531439841520572
coefficient-euclidean	389	1.57707187129422	1.57707187129422	0.480186927256278	0.475666769392614
coefficient-euclidean	390	1.39775831010648	1.39775831010648	0.438723316998479	0.433062205669415
coefficient-euclidean	391	1.2842536440475	1.2842536440475	0.268428296086618	0.277513836027834
coefficient-euclidean	392	1.09385370889631	1.09385370889631	0.449029544462419	0.095607639008934
coefficient-euclidean	393	3.11852424107966	3.11852424107965	1.96553744603306	0.86980456878812
coefficient-euclidean	394	3.44354201887509	3.4435420188751	0.636816810377389	1.8035009589519
coefficient-euclidean	395	1.62970760861788	1.62970760861788	0.943529340392333	0.156933208499274
coefficient-euclidean	396	1.99239284309456	1.99239284309456	0.10039774090381	0.800079020613124
coefficient-euclidean	397	1.44880662144032	1.44880662144032	0.196515217831976	0.268993323628452
coefficient-euclidean	398	0.958297834581919	0.958297834581919	0.335879844954375	0.134950721950056
coefficient-euclidean	399	3.32439248250176	3.32439248250175	1.92021660075048	0.736983106335157
coefficient-euclidean	400	3.37965431806585	3.37965431806586	0.637277546282924	1.86015306138416
coefficient-euclidean	401	1.77814219954193	1.77814219954193	0.943076587965752	0.0434147327922024
coefficient-euclidean	402	2.21651346328569	2.21651346328569	0.129582136219801	0.644362923869018
coefficient-euclidean	403	1.19120264503573	1.19120264503573	0.0753081063700376	0.00938675865357656
coefficient-euclidean	404	0.887109658865224	0.887109658865224	0.0545503430005793	0.052228131795541
coefficient-euclidean	405	3.35937195156608	3.35937195156608	2.05138377464881	0.0737816520378565
coefficient-euclidean	406	2.85236708732823	2.85236708732823	0.468242557539473	1.06881467865436
coefficient-euclidean	407	5.08383613307156	5.08383613307158	2.10178096740948	0.0282909623284818
coefficient-euclidean	408	3.30547363055316	3.30547363055317	0.510275552300461	0.848185538697779
coefficient-euclidean	409	2.11417631507829	2.1141763150783	0.847540456045029	0.55344265880635
coefficient-euclidean	410	2.26805582289171	2.26805582289171	1.61818772684351	0.201521416067888
coefficient-euclidean	411	2.47839431413074	2.47839431413074	1.01582570734032	0.497909145231675
coefficient-euclidean	412	2.46439448573308	2.46439448573308	1.85084241028718	0.1982577654728
coefficient-euclidean	413	1.32435423268119	1.32435423268119	0.452928284258345	0.182191996918258
coefficient-euclidean	414	0.909125498384846	0.909125498384846	0.414039297638483	0.2190513304134
coefficient-euclidean	415	1.147770931714	1.147770931714	0.0312417236168233	0.151355800986343
coefficient-euclidean	416	0.970438549817808	0.970438549817808	0.322917005681064	0.0519364147458009
coefficient-euclidean	417	2.93057069564561	2.93057069564561	1.30737009493714	0.634161913102024
coefficient-euclidean	418	3.29427867125549	3.29427867125549	1.11601205298428	2.25450979686273
coefficient-euclidean	419	1.3946228695011	1.3946228695011	1.02330867932524	0.0942169527526337
coefficient-euclidean	420	1.72528610130994	1.72528610130994	0.412997223183083	0.929418928626009
coefficient-euclidean	421	1.43690021896799	1.43690021896799	0.0765267827601248	0.125871145535334
coefficient-euclidean	422	0.938889392815113	0.938889392815113	0.341206419452074	0.0120324895268747
coefficient-euclidean	423	3.15916250137601	3.15916250137601	1.22423811181464	0.654439536857289
coefficient-euclidean	424	3.02890624270855	3.02890624270855	1.03390746459588	1.95968358514627
coefficient-euclidean	425	1.30036608630959	1.30036608630959	0.920965960365168	0.156582192364243
coefficient-euclidean	426	1.99442628934098	1.99442628934099	0.392771032392175	0.994469044474297
coefficient-euclidean	427	1.17924221942852	1.17924221942853	0.0952046730677677	0.101637956167838
coefficient-euclidean	428	0.826707900629617	0.826707900629617	0.0629630314882978	0.083576964142153
coefficient-euclidean	429	5.85546647310601	5.85546647310587	2.23445319159187	0.164759822524708
coefficient-euclidean	430	3.12802922465385	3.12802922465384	0.919060701756058	1.48391595332048
coefficient-euclidean	431	6.92936795794619	6.92936795794647	2.1010321509159	0.218504518700986
coefficient-euclidean	432	3.39463146036822	3.39463146036823	0.956119368980438	1.7963294349572
coefficient-euclidean	433	1.9836323356011	1.9836323356011	1.06862977005851	0.921170173488857
coefficient-euclidean	434	1.9480787538156	1.9480787538156	1.64623580408382	0.390196749927228
coefficient-euclidean	435	2.63537282526969	2.63537282526969	1.48456571285769	0.72582549008279
coefficient-euclidean	436	2.8795331240154	2.8795331240154	2.59138937165602	0.348727753224626
coefficient-euclidean	437	1.05793003100298	1.05793003100298	0.464895853662954	0.316178775967832
coefficient-euclidean	438	0.820425891510749	0.820425891510749	0.466457388722676	0.397915637967441
coefficient-euclidean	439	0.921519589653347	0.921519589653347	0.105999391096799	0.209466428177528
coefficient-euclidean	440	0.52400786967575	0.524007869675751	0.316263493573967	0.119024209780993
coefficient-euclidean	441	2.84654462381653	2.84654462381653	1.61039635518849	0.637592389242627
coefficient-euclidean	442	2.78869740397226	2.78869740397227	0.803675219945391	1.9921477164969
coefficient-euclidean	443	1.32763439292415	1.32763439292415	1.03059785624509	0.022744220722879
coefficient-euclidean	444	1.65306729637354	1.65306729637354	0.254603752910701	0.676129354341707
coefficient-euclidean	445	1.06578177693217	1.06578177693217	0.223764419441401	0.19028894099099
coefficient-euclidean	446	0.660521670398657	0.660521670398657	0.447406725146071	0.0392625332026499
coefficient-euclidean	447	2.70098035052694	2.70098035052694	1.52894248471363	0.780024289867027
coefficient-euclidean	448	2.59543322446843	2.59543322446843	0.742431159238037	1.70676092573665
coefficient-euclidean	449	1.03020030899945	1.03020030899945	0.927989482174824	0.198773708182375
coefficient-euclidean	450	1.68196756791249	1.68196756791249	0.204864155922303	0.896451217093351
coefficient-euclidean	451	0.644885445052209	0.64488544505221	0.0878037349026252	0.0960506157770473
coefficient-euclidean	452	0.589015369714433	0.589015369714433	0.0765799752736189	0.0341499084663175
coefficient-euclidean	453	4.9230707557619	4.92307075576195	2.22155367466332	0.0553660402762621
coefficient-euclidean	454	2.85731812009257	2.85731812009257	0.657132064103192	0.940773596959243
coefficient-euclidean	455	2.77717355938471	2.77717355938471	2.03992624291291	0.152533370612401
coefficient-euclidean	456	2.62580415370531	2.62580415370532	0.6356420393693	1.40768690166806
coefficient-euclidean	457	1.98484540425291	1.98484540425291	1.24200529597521	1.64061213498177
coefficient-euclidean	458	1.81783000812117	1.81783000812117	0.998831271985835	1.46875052878412
coefficient-euclidean	459	3.49679370066138	3.49679370066137	1.73497058685363	1.59902586749892
coefficient-euclidean	460	2.87635239131493	2.87635239131491	1.96532319933475	1.82510270679582
coefficient-euclidean	461	2.99192846141572	2.99192846141572	1.18959409174135	1.50752986679422
coefficient-euclidean	462	2.50204040857326	2.50204040857326	1.66841943985627	1.93646726712019
coefficient-euclidean	463	0.415530641662313	0.415530641662313	0.13168577806729	0.161689912545029
coefficient-euclidean	464	0.219560466436371	0.219560466436371	0.0499616605210179	0.177182404066795
coefficient-euclidean	465	3.64567887299739	3.64567887299738	1.80234848803728	0.251291296728925
coefficient-euclidean	466	2.33891772318292	2.33891772318292	0.0326470994077205	1.05023489534149
coefficient-euclidean	467	6.1423330067183	6.1423330067183	1.45661770519279	0.166008196792759
coefficient-euclidean	468	2.56825283656459	2.56825283656459	0.0394245040156426	0.838919926229804
coefficient-euclidean	469	0.585573053228001	0.585573053228001	0.25804709737296	0.324573407639166
coefficient-euclidean	470	0.360463101023724	0.360463101023724	0.302900986634085	0.347491217492388
coefficient-euclidean	471	3.6790351560933	3.6790351560933	1.75300409915331	0.443642936620165
coefficient-euclidean	472	2.30183384646731	2.30183384646731	0.0166524363938363	1.24584167455654
coefficient-euclidean	473	4.59913021281111	4.59913021281108	2.27628739006621	0.56685417102398
coefficient-euclidean	474	2.94413468882624	2.94413468882625	0.054684274310613	1.47102965141686
coefficient-euclidean	475	0.46157514640738	0.46157514640738	0.0985644531521851	0.244743459300875
coefficient-euclidean	476	0.416363004343015	0.416363004343015	0.226146578626766	0.248966735103579
coefficient-euclidean	477	4.13836982236487	4.13836982236484	1.37888445395933	0.221801593160636
coefficient-euclidean	478	2.43754240546744	2.43754240546744	0.017566421775518	0.889826942766838
coefficient-euclidean	479	3.71075411015076	3.71075411015076	2.17895815786351	0.419396380329023
coefficient-euclidean	480	2.836249859125	2.83624985912499	0.0487459309692971	1.30786943755637
coefficient-euclidean	481	4.25865226930204	4.25865226930212	0.0477789679229139	0.773094957298089
coefficient-euclidean	482	4.1135744790565	4.1135744790565	1.1720546644142	0.615310120273902
coefficient-euclidean	483	4.56783656300734	4.56783656300732	0.0496690189139052	0.78843090526549
coefficient-euclidean	484	4.01281478341972	4.0128147834197	1.21945738841777	0.637475736629014
coefficient-euclidean	485	0.699780275608316	0.699780275608315	0.367990906096325	0.507484247864762
coefficient-euclidean	486	0.639812463138116	0.639812463138116	0.38627420703376	0.515528582702952
coefficient-euclidean	487	3.41818397645697	3.41818397645697	0.00595997052008729	0.557780460985291
coefficient-euclidean	488	3.02498026015529	3.02498026015528	1.03382499684797	0.350532572919553
coefficient-euclidean	489	4.09874099691069	4.09874099691069	0.0810977215918373	0.424913899104351
coefficient-euclidean	490	5.50299228801603	5.50299228801598	0.742797242332523	0.239511445539261
coefficient-euclidean	491	0.694546585636264	0.694546585636264	0.319154297040138	0.290552577624846
coefficient-euclidean	492	0.473665942427057	0.473665942427057	0.0846272330368341	0.288746910228076
coefficient-euclidean	493	3.74612811362417	3.74612811362417	0.00651205791721988	0.583117943069968
coefficient-euclidean	494	2.97842537205909	2.97842537205909	1.07201705463918	0.381645883944912
coefficient-euclidean	495	4.32227555416088	4.3222755541609	0.0797414052817223	0.436138868657649
coefficient-euclidean	496	5.97593661525675	5.97593661525675	0.740670753667059	0.251949127589142
coefficient-euclidean	497	0.697268815139273	0.697268815139273	0.341456413260634	0.313128502837516
coefficient-euclidean	498	0.542117206580007	0.542117206580007	0.08843227255165	0.30471854769111
coefficient-euclidean	499	3.00936051498755	3.00936051498755	0.891748884760722	1.1603037052035
coefficient-euclidean	500	2.80853951617395	2.80853951617394	0.923415614818741	1.18371990848922
coefficient-euclidean	501	2.5689483922386	2.5689483922386	0.919636332302882	1.21944730896517
coefficient-euclidean	502	2.47283457096159	2.47283457096159	0.517988734261145	1.05768511252909
coefficient-euclidean	503	2.69853881915045	2.69853881915046	0.963949781247744	1.25177302624989
coefficient-euclidean	504	2.82831210401591	2.82831210401591	0.525575478335801	1.06387525565048
coefficient-euclidean	505	4.00865211393124	4.00865211393124	2.03598670648191	1.53133800405655
coefficient-euclidean	506	4.45648734319316	4.45648734319315	2.97680504844471	0.534396254541713
coefficient-euclidean	507	3.95033770397684	3.95033770397684	2.00217656771909	1.56820596553219
coefficient-euclidean	508	4.37780845939348	4.3778084593935	2.79762005752519	0.540115257587446
coefficient-euclidean	509	1.50318303381604	1.50318303381604	0.452275340227901	0.475336305433327
coefficient-euclidean	510	1.39028155154974	1.39028155154974	0.443651312189937	0.468147075023656
coefficient-euclidean	511	1.72843017718456	1.72843017718456	0.345141865032624	0.427092706702966
coefficient-euclidean	512	1.07661753760082	1.07661753760081	0.486967545696593	0.128641324033736
coefficient-euclidean	513	5.3239405730295	5.32394057302948	2.19121663441365	1.11878636896849
coefficient-euclidean	514	2.92609569156564	2.92609569156564	0.630092404054132	1.38272801592946
coefficient-euclidean	515	1.52450901673103	1.52450901673103	0.82104879832359	0.123154238646577
coefficient-euclidean	516	1.86267033209577	1.86267033209578	0.0467092842038103	0.542216152157212
coefficient-euclidean	517	1.79805728182526	1.79805728182526	0.33437611691184	0.425327750788319
coefficient-euclidean	518	1.01814248329153	1.01814248329153	0.467115920730319	0.132126214874682
coefficient-euclidean	519	5.02324094665756	5.02324094665757	2.16320705614837	1.09166882375816
coefficient-euclidean	520	2.9788876267602	2.9788876267602	0.625743788790718	1.38160065024381
coefficient-euclidean	521	1.51307650276541	1.51307650276541	0.815047149369693	0.106982472149128
coefficient-euclidean	522	1.95435358868923	1.95435358868924	0.0497122920448107	0.525284848700245
coefficient-euclidean	523	1.03108254457509	1.03108254457509	0.0686570624542509	0.0126538452452237
coefficient-euclidean	524	0.897635503181347	0.897635503181347	0.0636827439040752	0.0169279684967698
coefficient-euclidean	525	2.89781875008018	2.89781875008018	1.74923921067292	0.0443585341206902
coefficient-euclidean	526	2.55791842962847	2.55791842962847	0.395400887212218	0.688449487920259
coefficient-euclidean	527	2.95296916225518	2.95296916225518	1.75227247746535	0.0386938460799932
coefficient-euclidean	528	2.64305852012775	2.64305852012775	0.403126606284344	0.669430604678359
coefficient-euclidean	529	2.78972239022476	2.78972239022476	0.919560296341868	0.800890012989668
coefficient-euclidean	530	2.33289211935451	2.33289211935451	1.76132496152957	0.231920749705658
coefficient-euclidean	531	3.70574654793767	3.70574654793767	1.30737310238347	0.62092011170629
coefficient-euclidean	532	3.77074307688952	3.77074307688952	2.59782622708889	0.223533673394814
coefficient-euclidean	533	1.2554532838755	1.2554532838755	0.461825982913206	0.191863215064769
coefficient-euclidean	534	0.913555305885364	0.913555305885364	0.414130551886228	0.296281207123935
coefficient-euclidean	535	1.621048036076	1.621048036076	0.0666214092732567	0.255937763139491
coefficient-euclidean	536	0.948213135977434	0.948213135977435	0.371883523211757	0.0807376836969119
coefficient-euclidean	537	5.33007905944915	5.3300790594491	1.28478471687443	0.784301617636104
coefficient-euclidean	538	2.57475038483746	2.57475038483747	1.00612773405333	1.56296989002743
coefficient-euclidean	539	1.26538222301208	1.26538222301208	0.918084716562803	0.0597191412694085
coefficient-euclidean	540	1.52595078930827	1.52595078930827	0.308810716778389	0.603565831300521
coefficient-euclidean	541	1.83412812605321	1.83412812605322	0.183733408899867	0.197437357144414
coefficient-euclidean	542	1.07223512351898	1.07223512351898	0.466346983159392	0.0062618287342966
coefficient-euclidean	543	4.26011457690455	4.26011457690454	1.19904172943492	0.880539241200423
coefficient-euclidean	544	2.4300538571435	2.4300538571435	0.914120670411716	1.29405789730805
coefficient-euclidean	545	1.06969181932055	1.06969181932055	0.786131617979773	0.223974947175597
coefficient-euclidean	546	1.72219407372945	1.72219407372946	0.274623883606731	0.721534918096633
coefficient-euclidean	547	1.02416837864439	1.02416837864439	0.114028010680496	0.114403147246473
coefficient-euclidean	548	0.853188349906068	0.853188349906067	0.0688360469349138	0.0871070012422511
coefficient-euclidean	549	3.29477699737797	3.29477699737798	1.93956447731793	0.128878278369163
coefficient-euclidean	550	2.44873552829683	2.44873552829684	0.754959205448859	0.929887879281918
coefficient-euclidean	551	3.00822453610314	3.00822453610314	1.74117369962415	0.250686777988594
coefficient-euclidean	552	2.58412802269054	2.58412802269054	0.775809479612706	1.31266332680502
coefficient-euclidean	553	2.70445420446281	2.70445420446281	0.952369873537936	0.852739342180073
coefficient-euclidean	554	2.15436454300248	2.15436454300249	1.76481802024643	0.253615289205866
coefficient-euclidean	555	3.73247959001382	3.73247959001383	1.37368770050569	0.648951288939732
coefficient-euclidean	556	3.89117523481313	3.89117523481314	2.75143011723221	0.240784269536402
coefficient-euclidean	557	1.08654555733041	1.08654555733041	0.463196157578557	0.207058911930608
coefficient-euclidean	558	0.857603775407638	0.857603775407639	0.423819965689792	0.319317487120477
coefficient-euclidean	559	1.50683215957643	1.50683215957643	0.0783894459295868	0.264246036756588
coefficient-euclidean	560	0.761515020133378	0.761515020133377	0.370855780466138	0.0883636366459897
coefficient-euclidean	561	4.51417870871898	4.51417870871898	1.31839176243811	0.78294581316891
coefficient-euclidean	562	2.46092632158338	2.46092632158337	0.965794884574694	1.54012947288054
coefficient-euclidean	563	1.16032074741909	1.16032074741909	0.918673019765806	0.0498410318606072
coefficient-euclidean	564	1.47054407938829	1.47054407938829	0.292193241482739	0.577975447140506
coefficient-euclidean	565	1.66084403600057	1.66084403600057	0.206350418002208	0.206687766513533
coefficient-euclidean	566	0.960921443139294	0.960921443139294	0.485031078555882	0.0102433512185086
coefficient-euclidean	567	3.91260272785553	3.91260272785553	1.2407650732124	0.900912811641216
coefficient-euclidean	568	2.30486507333849	2.30486507333848	0.882864375635443	1.27757109063206
coefficient-euclidean	569	0.964653254674514	0.964653254674514	0.792480286414598	0.230328550478293
coefficient-euclidean	570	1.57246014265624	1.57246014265625	0.254861253330481	0.712835835406182
coefficient-euclidean	571	0.805795020215037	0.805795020215037	0.112961143398263	0.112784933694089
coefficient-euclidean	572	0.766626390696155	0.766626390696155	0.0728112704968393	0.0809553816054746
coefficient-euclidean	573	3.04740046358401	3.047400463584	1.93767204773025	0.113937181830988
coefficient-euclidean	574	2.36292607866352	2.36292607866352	0.727572738606304	0.879273958338959
coefficient-euclidean	575	2.6402261447916	2.6402261447916	1.73662635795264	0.240715959085949
coefficient-euclidean	576	2.39273897183384	2.39273897183384	0.736965588985108	1.27316940892465
coefficient-euclidean	577	1.98092608222139	1.98092608222139	1.14351343922234	1.6638421535366
coefficient-euclidean	578	1.89748387981752	1.89748387981752	1.10573679600295	1.6343728037251
coefficient-euclidean	579	4.1251680019334	4.12516800193338	1.65136132034089	1.68110750007083
coefficient-euclidean	580	3.76278706428431	3.76278706428427	2.50042937225514	2.52812576485307
coefficient-euclidean	581	4.16963647058676	4.16963647058678	1.56885270595882	1.66825508594076
coefficient-euclidean	582	3.75742508610904	3.75742508610904	2.45020942959614	2.56978814237605
coefficient-euclidean	583	0.366252868523664	0.366252868523664	0.107195040134886	0.169867085822119
coefficient-euclidean	584	0.282901031664353	0.282901031664353	0.094305823831105	0.170580988056856
coefficient-euclidean	585	3.09910732122873	3.09910732122873	1.48808184441798	0.22085182699409
coefficient-euclidean	586	2.01525269724279	2.01525269724279	0.017619133889853	0.733468823254364
coefficient-euclidean	587	3.10950685457724	3.10950685457725	1.44938146281159	0.21002029027279
coefficient-euclidean	588	2.02935552898574	2.02935552898574	0.0204157386672514	0.714218212598656
coefficient-euclidean	589	0.550273184331689	0.550273184331689	0.245914564542942	0.349411306160218
coefficient-euclidean	590	0.465030236294267	0.465030236294268	0.388973747031571	0.423498393700271
coefficient-euclidean	591	3.07723523522179	3.07723523522179	1.44243033453521	0.40585957940875
coefficient-euclidean	592	1.97263022118071	1.97263022118071	0.000800324479396267	0.89873602233451
coefficient-euclidean	593	5.05825769830388	5.05825769830388	2.6349721944642	0.699112208133781
coefficient-euclidean	594	2.44215490213823	2.44215490213823	0.0631471864716833	1.24459573568753
coefficient-euclidean	595	0.510253743145545	0.510253743145545	0.221206541825605	0.336724534285882
coefficient-euclidean	596	0.500429681825354	0.500429681825354	0.377373162700901	0.408935843606332
coefficient-euclidean	597	3.02217442048692	3.02217442048693	1.39052311740801	0.373970249918819
coefficient-euclidean	598	2.00883538673608	2.00883538673608	0.000477327733989814	0.860353131139831
coefficient-euclidean	599	4.58037156816349	4.58037156816346	2.58490411372575	0.673564796178864
coefficient-euclidean	600	2.49283638535745	2.49283638535745	0.0598858963371408	1.22196144519615
coefficient-euclidean	601	1.13699292899264	1.13699292899264	0.0919727349380354	0.430121190430396
coefficient-euclidean	602	0.896278018526263	0.896278018526264	0.19405555697196	0.365942980501976
coefficient-euclidean	603	1.13239222914285	1.13239222914285	0.0897018583552379	0.436230195301791
coefficient-euclidean	604	0.784892350926387	0.784892350926387	0.204807550576927	0.365220647921229
coefficient-euclidean	605	0.75164860150568	0.75164860150568	0.146517554240404	0.388863435542991
coefficient-euclidean	606	0.649461815253344	0.649461815253345	0.159196400663011	0.38230144531525
coefficient-euclidean	607	1.02958625699221	1.02958625699221	0.0401501187307216	0.269587496123599
coefficient-euclidean	608	0.792497439671099	0.792497439671099	0.135506334601319	0.20031181036958
coefficient-euclidean	609	1.30652919401155	1.30652919401155	0.172875142623615	0.213787141514833
coefficient-euclidean	610	0.982111233954009	0.982111233954009	0.0772487925532054	0.287793462955637
coefficient-euclidean	611	0.891598627284698	0.891598627284698	0.217070630131082	0.189826310883247
coefficient-euclidean	612	0.768896041880653	0.768896041880653	0.0236150640747222	0.335867303791457
coefficient-euclidean	613	1.04312992624837	1.04312992624837	0.0373057660034152	0.284678329506352
coefficient-euclidean	614	0.692767853021631	0.692767853021631	0.144799716292777	0.208026679262555
coefficient-euclidean	615	1.32316331754955	1.32316331754955	0.172087790323189	0.223089351134063
coefficient-euclidean	616	0.99436620291321	0.994366202913209	0.0764605142857993	0.296890774233295
coefficient-euclidean	617	0.818507718739503	0.818507718739504	0.226201311342766	0.19913998718507
coefficient-euclidean	618	0.791804469268158	0.791804469268158	0.0199703641949597	0.352984880580004
coefficient-euclidean	619	0.78456647220235	0.784566472202351	0.106765765118222	0.311859292423906
coefficient-euclidean	620	0.670664209196364	0.670664209196364	0.118871614809041	0.304851755646301
coefficient-euclidean	621	1.01987436014381	1.01987436014381	0.235422091495731	0.279148822177355
coefficient-euclidean	622	0.90841976218518	0.90841976218518	0.0374533688556327	0.420989406052342
coefficient-euclidean	623	0.925779331614835	0.925779331614835	0.245569364659515	0.27940097652243
coefficient-euclidean	624	0.919758248689724	0.919758248689726	0.0345132885690547	0.429156214090775
coefficient-euclidean	625	2.4317631273538	2.43176312735381	1.46468124137363	0.990558033102435
coefficient-euclidean	626	2.19386615624753	2.19386615624753	1.32071081117729	0.736903091825352
coefficient-euclidean	627	2.49041296545673	2.49041296545673	1.42913943414746	1.00346908353291
coefficient-euclidean	628	2.15090610779134	2.15090610779133	1.2641598230956	0.718257505844172
coefficient-euclidean	629	2.05375081057009	2.05375081057009	1.03099549641016	0.78406121405836
coefficient-euclidean	630	1.93838622795137	1.93838622795137	1.01109744737193	0.75434318719672
coefficient-euclidean	631	0.918408182133375	0.918408182133375	0.238684738948038	0.221726049987253
coefficient-euclidean	632	0.681827695563155	0.681827695563156	0.19800804690649	0.131401574966135
coefficient-euclidean	633	1.81172564628321	1.81172564628321	1.09747545053902	0.531014712963012
coefficient-euclidean	634	1.43748770806694	1.43748770806694	0.060031819034733	0.353276519592053
coefficient-euclidean	635	1.46804145810748	1.46804145810748	0.884959783007652	0.342868464338179
coefficient-euclidean	636	1.38490775686515	1.38490775686515	0.0120191859731492	0.289850120237675
coefficient-euclidean	637	0.956011650423779	0.956011650423779	0.224879124563515	0.216699408329649
coefficient-euclidean	638	0.607205903891183	0.607205903891184	0.176817966479905	0.11755382005441
coefficient-euclidean	639	1.83024107858548	1.83024107858548	1.08975526699553	0.516157961607927
coefficient-euclidean	640	1.48225440986278	1.48225440986278	0.0578700542977426	0.348703015188562
coefficient-euclidean	641	1.4113312220744	1.41133122207441	0.857803395850838	0.310374476262387
coefficient-euclidean	642	1.47549358860074	1.47549358860075	0.00778335352468516	0.277012276688016
coefficient-euclidean	643	0.706247462798893	0.706247462798893	0.0936447670596299	0.0915304926109912
coefficient-euclidean	644	0.589202577291603	0.589202577291603	0.0864017628981338	0.0825955945860553
coefficient-euclidean	645	1.54874530470113	1.54874530470113	0.883660315635714	0.264688259479284
coefficient-euclidean	646	1.51189612323402	1.51189612323402	0.0151670232100102	0.262645701707459
coefficient-euclidean	647	1.46564138868306	1.46564138868306	0.862648050357575	0.245792052776919
coefficient-euclidean	648	1.56254617331263	1.56254617331263	0.0129803731540107	0.254293633767538
coefficient-euclidean	649	1.51413416147007	1.51413416147007	0.757671059473945	0.485258398510999
coefficient-euclidean	650	1.27982471530116	1.27982471530116	0.750586869614742	0.332541693710021
coefficient-euclidean	651	2.26458031045044	2.26458031045044	1.22709154509014	0.405660230339428
coefficient-euclidean	652	1.91940613826811	1.91940613826811	1.18104988626525	0.557708745172319
coefficient-euclidean	653	1.80387132757922	1.80387132757922	0.969992899012294	0.316266043539063
coefficient-euclidean	654	1.60411456939139	1.60411456939139	0.942723154885949	0.628694377869766
coefficient-euclidean	655	0.711652147320672	0.711652147320672	0.0235213036665531	0.0703802568178116
coefficient-euclidean	656	0.473204629268807	0.473204629268807	0.0244508033551598	0.00960861151053905
coefficient-euclidean	657	1.45091107958737	1.45091107958737	0.775871307809692	0.318983148873177
coefficient-euclidean	658	1.08324791409283	1.08324791409283	0.156234104436926	0.312756260993429
coefficient-euclidean	659	1.11560234472606	1.11560234472606	0.705215278270551	0.182994154421688
coefficient-euclidean	660	1.03007955918501	1.03007955918501	0.116571943494275	0.249852931441964
coefficient-euclidean	661	0.952723889509264	0.952723889509264	0.18257027367536	0.0583198344327123
coefficient-euclidean	662	0.621005741025028	0.621005741025028	0.163208592322794	0.134067171806165
coefficient-euclidean	663	1.39032039080208	1.39032039080208	0.708690558002859	0.375132574145704
coefficient-euclidean	664	1.05112050635511	1.05112050635511	0.111982019995377	0.274303297599832
coefficient-euclidean	665	1.22604131046352	1.22604131046352	0.812835337321132	0.545559581659985
coefficient-euclidean	666	1.33795419135841	1.33795419135841	0.187435526636373	0.326786645722007
coefficient-euclidean	667	0.6879660206702	0.687966020670201	0.0939341422254207	0.00723929083060046
coefficient-euclidean	668	0.566496950921941	0.566496950921941	0.0752214319498876	0.144364812438874
coefficient-euclidean	669	1.14109785021313	1.14109785021313	0.651040407773711	0.19436694191499
coefficient-euclidean	670	1.07175349711897	1.07175349711897	0.0834443286391464	0.229792591340118
coefficient-euclidean	671	1.30927138867503	1.30927138867503	0.822997639173372	0.494641075234951
coefficient-euclidean	672	1.41667496726517	1.41667496726517	0.198015187913295	0.344820691240495
coefficient-euclidean	673	1.44235605220339	1.44235605220339	0.772045390851415	0.519108046947037
coefficient-euclidean	674	1.1040449625934	1.1040449625934	0.753619226988301	0.342419510922271
coefficient-euclidean	675	2.16073705083801	2.16073705083801	1.2798076927482	0.429532169704797
coefficient-euclidean	676	1.8597300627889	1.8597300627889	1.23788854720403	0.586153745522026
coefficient-euclidean	677	1.62397691258613	1.62397691258614	0.973573626821683	0.327771910325798
coefficient-euclidean	678	1.54844286137253	1.54844286137253	0.964843528427068	0.671037165037604
coefficient-euclidean	679	0.641053470248052	0.641053470248052	0.0284128769130945	0.0749064478187474
coefficient-euclidean	680	0.301194206270315	0.301194206270315	0.0245751441240986	0.00662198067642202
coefficient-euclidean	681	1.37573163177858	1.37573163177858	0.790842351053467	0.319323955632239
coefficient-euclidean	682	0.993480550825535	0.993480550825535	0.146129699713366	0.309396790535507
coefficient-euclidean	683	0.960827190687846	0.960827190687846	0.706688028167639	0.166958836901971
coefficient-euclidean	684	0.963724182485481	0.963724182485481	0.105226318858256	0.238366039511204
coefficient-euclidean	685	0.852442399418548	0.852442399418548	0.201614083586704	0.0670996938073006
coefficient-euclidean	686	0.544170790159541	0.544170790159541	0.184255095090696	0.144717463077994
coefficient-euclidean	687	1.3013405831486	1.3013405831486	0.728023914269037	0.388387694978282
coefficient-euclidean	688	0.935284727637464	0.935284727637465	0.104573017190394	0.275301511260498
coefficient-euclidean	689	1.14920894835012	1.14920894835012	0.840465353983748	0.562929708107206
coefficient-euclidean	690	1.18750024197053	1.18750024197054	0.18027183617822	0.327716817931285
coefficient-euclidean	691	0.509808943609377	0.509808943609377	0.0941429089456057	0.00665763630486632
coefficient-euclidean	692	0.506405695203701	0.506405695203701	0.0825899878406379	0.153198245040444
coefficient-euclidean	693	0.965565358789957	0.965565358789957	0.652710259486592	0.179459320322776
coefficient-euclidean	694	0.989973359459104	0.989973359459104	0.0726926700989457	0.220750780348026
coefficient-euclidean	695	1.23010239772257	1.23010239772257	0.845208719221254	0.498376314397672
coefficient-euclidean	696	1.27847619016708	1.27847619016708	0.188566330714556	0.343736586221093
coefficient-euclidean	697	1.1383125000051	1.1383125000051	0.799367882310576	0.575529758810153
coefficient-euclidean	698	1.03585838010511	1.03585838010511	0.787735750831412	0.551916054205298
coefficient-euclidean	699	1.86729243753437	1.86729243753437	1.3208694407355	0.517146765495546
coefficient-euclidean	700	1.82804419814303	1.82804419814302	1.41463445620393	0.929768981725688
coefficient-euclidean	701	1.81316403162218	1.81316403162218	1.27082037194994	0.504836573513981
coefficient-euclidean	702	1.83873825639714	1.83873825639714	1.38050268390905	0.945227249405752
coefficient-euclidean	703	0.297350824659635	0.297350824659635	0.0319634999560891	0.0365244314437858
coefficient-euclidean	704	0.19474801604524	0.19474801604524	0.0271792353074533	0.0291136323340139
coefficient-euclidean	705	1.06557315095755	1.06557315095755	0.806091878597437	0.195789029571264
coefficient-euclidean	706	0.893742608793542	0.893742608793543	0.0558289650534829	0.240387640213576
coefficient-euclidean	707	0.97888103676578	0.978881036765781	0.792497123915699	0.179252535300818
coefficient-euclidean	708	0.912884999764919	0.91288499976492	0.0542778680731131	0.232107923864232
coefficient-euclidean	709	0.507686589128523	0.507686589128523	0.207275098555287	0.071693582291957
coefficient-euclidean	710	0.436812288374376	0.436812288374375	0.230156559749564	0.24175307057563
coefficient-euclidean	711	1.00072297679801	1.00072297679801	0.747468101384675	0.280964977957483
coefficient-euclidean	712	0.838010138482269	0.83801013848227	0.0214458865007077	0.246581727232926
coefficient-euclidean	713	1.26109697396265	1.26109697396265	1.06946166017416	0.64489071020636
coefficient-euclidean	714	1.14320222090014	1.14320222090014	0.142948842132467	0.361402365807774
coefficient-euclidean	715	0.435978102448509	0.435978102448509	0.188353592970478	0.0622585529408467
coefficient-euclidean	716	0.455907951971378	0.455907951971378	0.216552689425831	0.239651123366117
coefficient-euclidean	717	0.917420327639552	0.917420327639553	0.729561984289537	0.252997540586558
coefficient-euclidean	718	0.872502277666634	0.872502277666635	0.0180845292233515	0.236426438452266
coefficient-euclidean	719	1.26126509586216	1.26126509586216	1.06236788061216	0.630311749137314
coefficient-euclidean	720	1.16452549466121	1.16452549466121	0.140842657746123	0.359339179939164
score-orthogonal	1	1.06247324205224	1.06247324205224	0.0408219945202551	0.0408219945202551
score-orthogonal	2	1.09983473036027	1.09983473036027	0.257812837067414	0.257812837067414
score-orthogonal	3	1.06126109361585	1.06126109361585	0.0705946297234686	0.0705946297234684
score-orthogonal	4	1.07228228545278	1.07228228545278	0.29382012392163	0.29382012392163
score-orthogonal	5	0.736621493791412	0.736621493791412	0.022557641512298	0.0225576415122979
score-orthogonal	6	0.695739603762488	0.695739603762489	0.0217078821699475	0.0217078821699475
score-orthogonal	7	1.08923699881725	1.08923699881724	0.0369939872464432	0.0369939872464432
score-orthogonal	8	1.11782190489878	1.11782190489878	0.253453628352026	0.253453628352026
score-orthogonal	9	1.16855649640462	1.16855649640462	0.0759488328807557	0.0759488328807555
score-orthogonal	10	1.06033074778834	1.06033074778834	0.298243189208497	0.298243189208498
score-orthogonal	11	0.814148517127231	0.814148517127231	0.0315441827076835	0.0315441827076833
score-orthogonal	12	0.684310565043186	0.684310565043186	0.0286345305962798	0.0286345305962797
score-orthogonal	13	1.22092980308204	1.22092980308204	0.0600682510810546	0.0600682510810543
score-orthogonal	14	1.15126360003787	1.15126360003787	0.28478628023849	0.28478628023849
score-orthogonal	15	1.31760300206068	1.31760300206068	0.0693046297886193	0.069304629788619
score-orthogonal	16	1.12488418649121	1.12488418649121	0.293687554806248	0.293687554806249
score-orthogonal	17	0.941398980170664	0.941398980170664	0.0905609259701478	0.0905609259701476
score-orthogonal	18	0.857548882497065	0.857548882497065	0.0883822102328521	0.0883822102328519
score-orthogonal	19	1.44912639535256	1.44912639535256	0.313666188235401	0.313666188235401
score-orthogonal	20	1.36272213956263	1.36272213956263	0.316350646222463	0.316350646222463
score-orthogonal	21	1.5979029299054	1.59790292990539	0.330394320875021	0.330394320875021
score-orthogonal	22	1.39505519676498	1.39505519676498	0.330774089491157	0.330774089491157
score-orthogonal	23	1.77455837831009	1.77455837831009	0.420174667320706	0.420174667320705
score-orthogonal	24	1.67644455664958	1.67644455664958	0.41761116620703	0.41761116620703
score-orthogonal	25	0.95880268860645	0.95880268860645	0.0195400258626257	0.0195400258626256
score-orthogonal	26	1.05858180016754	1.05858180016754	0.393761099949408	0.393761099949409
score-orthogonal	27	0.970294024275194	0.970294024275194	0.0610479221551335	0.0610479221551331
score-orthogonal	28	1.08951220197945	1.08951220197945	0.507718306891458	0.507718306891458
score-orthogonal	29	0.673908386663421	0.673908386663421	0.190754195908294	0.190754195908293
score-orthogonal	30	0.663269052076447	0.663269052076447	0.231227035560279	0.231227035560278
score-orthogonal	31	0.955662345606671	0.955662345606671	0.000784572616930969	0.000784572616930949
score-orthogonal	32	1.04291040640268	1.04291040640268	0.361214098156668	0.361214098156669
score-orthogonal	33	1.07190881034671	1.07190881034671	0.00781799871750802	0.00781799871750815
score-orthogonal	34	0.785172423575065	0.785172423575066	0.313449409936528	0.313449409936529
score-orthogonal	35	0.692238726264254	0.692238726264254	0.07909055521509	0.0790905552150902
score-orthogonal	36	0.332566178160569	0.332566178160569	0.0355742596286377	0.0355742596286377
score-orthogonal	37	1.10037313718104	1.10037313718104	0.0388019594035049	0.0388019594035046
score-orthogonal	38	1.14528289168683	1.14528289168683	0.469787801325558	0.469787801325558
score-orthogonal	39	1.22164031311781	1.22164031311781	0.00520408837116073	0.00520408837116078
score-orthogonal	40	0.868242113090459	0.86824211309046	0.312146420648775	0.312146420648776
score-orthogonal	41	0.828909948192272	0.828909948192272	0.181941664974833	0.181941664974833
score-orthogonal	42	0.509960226218938	0.509960226218938	0.0970383675509594	0.0970383675509592
score-orthogonal	43	1.54119284032492	1.54119284032492	0.541128079451884	0.541128079451883
score-orthogonal	44	1.51895480312379	1.51895480312379	0.602080733442356	0.602080733442356
score-orthogonal	45	1.54271133198178	1.54271133198178	0.419466885179861	0.419466885179861
score-orthogonal	46	1.1570703634314	1.1570703634314	0.355823037803665	0.355823037803665
score-orthogonal	47	1.75219096273471	1.75219096273471	0.57182558473121	0.57182558473121
score-orthogonal	48	1.45050547452096	1.45050547452096	0.442989882245471	0.442989882245471
score-orthogonal	49	0.827422536128215	0.827422536128215	0.0172459710657618	0.0172459710657617
score-orthogonal	50	0.934294413864426	0.934294413864427	0.377702864252626	0.377702864252627
score-orthogonal	51	0.905031430121173	0.905031430121173	0.0686167285080245	0.0686167285080242
score-orthogonal	52	0.961833884107143	0.961833884107143	0.505078904351825	0.505078904351825
score-orthogonal	53	0.630674096858762	0.630674096858761	0.1892608290337	0.189260829033699
score-orthogonal	54	0.558567811899326	0.558567811899326	0.22964983621201	0.22964983621201
score-orthogonal	55	0.804614648566518	0.804614648566517	0.0022164026222293	0.00221640262222929
score-orthogonal	56	0.907834337489643	0.907834337489644	0.350447426405536	0.350447426405537
score-orthogonal	57	0.89461203629347	0.894612036293471	0.00995466440629625	0.0099546644062964
score-orthogonal	58	0.645923454193412	0.645923454193412	0.306794567932589	0.30679456793259
score-orthogonal	59	0.564979475797983	0.564979475797983	0.0683452981902702	0.0683452981902704
score-orthogonal	60	0.217404913627645	0.217404913627645	0.0273114433837548	0.0273114433837548
score-orthogonal	61	1.01345760919024	1.01345760919024	0.0464240570008962	0.0464240570008959
score-orthogonal	62	0.998054988145449	0.99805498814545	0.467474868124359	0.46747486812436
score-orthogonal	63	1.02781618865459	1.02781618865459	0.00384423298086654	0.0038442329808666
score-orthogonal	64	0.713714760609784	0.713714760609785	0.301121939567679	0.301121939567679
score-orthogonal	65	0.703097572561075	0.703097572561076	0.180522545025672	0.180522545025672
score-orthogonal	66	0.464909596069769	0.464909596069769	0.097929498511166	0.0979294985111658
score-orthogonal	67	1.45641034023534	1.45641034023534	0.537730964930706	0.537730964930705
score-orthogonal	68	1.37439321504861	1.37439321504861	0.598872741738894	0.598872741738894
score-orthogonal	69	1.29208900748081	1.29208900748082	0.398240354892721	0.398240354892721
score-orthogonal	70	0.925667342849677	0.925667342849677	0.338564575791231	0.338564575791231
score-orthogonal	71	1.57636556923651	1.57636556923651	0.568581667742763	0.568581667742763
score-orthogonal	72	1.36265375487444	1.36265375487444	0.442759515924671	0.442759515924671
score-orthogonal	73	0.720073053104062	0.720073053104061	0.0557636903544392	0.0557636903544389
score-orthogonal	74	0.790855730410966	0.790855730410967	0.364514207204891	0.364514207204891
score-orthogonal	75	0.775530830751445	0.775530830751445	0.0656947440136549	0.0656947440136545
score-orthogonal	76	0.769050299680934	0.769050299680934	0.378036225670159	0.37803622567016
score-orthogonal	77	0.586862097946504	0.586862097946504	0.182015835230762	0.182015835230762
score-orthogonal	78	0.524668415325631	0.524668415325632	0.181994668532747	0.181994668532747
score-orthogonal	79	0.700665838805056	0.700665838805056	0.0438840343165951	0.0438840343165949
score-orthogonal	80	0.770302868196132	0.770302868196133	0.341030593297595	0.341030593297595
score-orthogonal	81	0.774433561020303	0.774433561020304	0.0227221544067627	0.0227221544067628
score-orthogonal	82	0.495248006410975	0.495248006410976	0.261630618576815	0.261630618576816
score-orthogonal	83	0.48865537249381	0.48865537249381	0.0631675277726029	0.063167527772603
score-orthogonal	84	0.176395341234139	0.176395341234139	0.0231916183424406	0.0231916183424404
score-orthogonal	85	0.763153283259986	0.763153283259986	0.0500409387550963	0.0500409387550961
score-orthogonal	86	0.749266341446951	0.749266341446952	0.34964024280137	0.34964024280137
score-orthogonal	87	0.783266534969807	0.783266534969807	0.019177182486315	0.0191771824863152
score-orthogonal	88	0.494188602790591	0.494188602790591	0.257439870538448	0.257439870538448
score-orthogonal	89	0.482443887549759	0.482443887549759	0.0725831685217936	0.0725831685217938
score-orthogonal	90	0.244640329370752	0.244640329370752	0.0322548333688226	0.0322548333688224
score-orthogonal	91	1.31381149573946	1.31381149573946	0.521579119641449	0.521579119641448
score-orthogonal	92	1.25048160175334	1.25048160175334	0.521951586089038	0.521951586089037
score-orthogonal	93	1.10000063645662	1.10000063645662	0.382319060250272	0.382319060250273
score-orthogonal	94	0.798583302675226	0.798583302675225	0.320854866964991	0.32085486696499
score-orthogonal	95	1.14245196759802	1.14245196759802	0.400465535991459	0.400465535991459
score-orthogonal	96	0.931240438072623	0.931240438072623	0.33760042541746	0.33760042541746
score-orthogonal	97	0.659242376655957	0.659242376655956	0.0604058002907637	0.0604058002907634
score-orthogonal	98	0.615528351514079	0.615528351514077	0.0124556899374864	0.0124556899374863
score-orthogonal	99	0.700332228471764	0.700332228471764	0.070746091424843	0.0707460914248428
score-orthogonal	100	0.579592461813559	0.579592461813558	0.0134683895482878	0.0134683895482877
score-orthogonal	101	0.766309093094961	0.76630909309496	0.0672261368404537	0.0672261368404535
score-orthogonal	102	0.696020571857854	0.696020571857854	0.0579807637189198	0.0579807637189195
score-orthogonal	103	0.660498123870152	0.660498123870152	0.0575550110721421	0.057555011072142
score-orthogonal	104	0.619464553348384	0.619464553348384	0.00858135530192234	0.00858135530192234
score-orthogonal	105	0.67047936191577	0.67047936191577	0.0318209710059049	0.031820971005905
score-orthogonal	106	0.311801161901316	0.311801161901316	0.0531883401724775	0.0531883401724776
score-orthogonal	107	0.692723197558261	0.692723197558262	0.0140087509701898	0.0140087509701899
score-orthogonal	108	0.391007783411655	0.391007783411654	0.0853128932092287	0.0853128932092286
score-orthogonal	109	0.701585920156984	0.701585920156984	0.0634642437967042	0.063464243796704
score-orthogonal	110	0.583700294896995	0.583700294896995	0.00536960302886957	0.00536960302886956
score-orthogonal	111	0.672522059873916	0.672522059873916	0.0275749952065352	0.0275749952065353
score-orthogonal	112	0.307912829962063	0.307912829962063	0.0487801423231496	0.0487801423231496
score-orthogonal	113	0.667886074730074	0.667886074730074	0.0100091014105355	0.0100091014105356
score-orthogonal	114	0.446286834151333	0.446286834151333	0.0904801305824901	0.0904801305824899
score-orthogonal	115	0.77549264888495	0.77549264888495	0.0497527041018897	0.0497527041018895
score-orthogonal	116	0.702357072987166	0.702357072987166	0.0405966081519774	0.0405966081519772
score-orthogonal	117	0.70202221311123	0.70202221311123	0.00126473722147247	0.0012647372214725
score-orthogonal	118	0.396144275468947	0.396144275468947	0.070330497912798	0.0703304979127978
score-orthogonal	119	0.675236170333583	0.675236170333584	0.00143479464558362	0.00143479464558365
score-orthogonal	120	0.458527538740955	0.458527538740955	0.079948181646608	0.0799481816466077
score-orthogonal	121	2.94690576076533	2.94690576076533	0.0337258640490749	0.033725864049075
score-orthogonal	122	6.15393561331971	6.1539356133196	0.829890059647898	0.829890059647897
score-orthogonal	123	2.24976667311509	2.24976667311509	0.00297471202405894	0.00297471202405896
score-orthogonal	124	2.86070962239643	2.86070962239644	0.994212122694366	0.994212122694366
score-orthogonal	125	0.53929037944289	0.53929037944289	0.0989253542604538	0.0989253542604539
score-orthogonal	126	0.503738522240791	0.503738522240791	0.211295575394247	0.211295575394247
score-orthogonal	127	3.01097460158774	3.01097460158771	0.0324965611880398	0.0324965611880399
score-orthogonal	128	7.35703521445785	7.35703521445785	0.827866818506822	0.827866818506823
score-orthogonal	129	2.39543554586617	2.39543554586617	0.0019681430320388	0.00196814303203881
score-orthogonal	130	2.89180953475319	2.89180953475319	1.02553180209286	1.02553180209286
score-orthogonal	131	0.624292664888238	0.624292664888238	0.101984448581488	0.101984448581488
score-orthogonal	132	0.535748896465447	0.535748896465446	0.229839875009816	0.229839875009816
score-orthogonal	133	3.02333268353634	3.02333268353634	0.0128521523597045	0.0128521523597046
score-orthogonal	134	4.25739784402018	4.2573978440202	1.02968633407281	1.02968633407281
score-orthogonal	135	3.24705864128578	3.24705864128578	0.0130397465741467	0.0130397465741467
score-orthogonal	136	4.27921842698992	4.27921842698989	1.06471363354602	1.06471363354602
score-orthogonal	137	0.74691961216245	0.74691961216245	0.233707426332161	0.233707426332161
score-orthogonal	138	0.693958467292917	0.693958467292917	0.249120305812222	0.249120305812222
score-orthogonal	139	2.82240759075838	2.82240759075838	0.547327492495661	0.547327492495662
score-orthogonal	140	2.59161989452025	2.59161989452025	0.735161598760559	0.73516159876056
score-orthogonal	141	3.47679057162879	3.47679057162879	0.553656880230354	0.553656880230355
score-orthogonal	142	2.86287011609663	2.86287011609662	0.76924063785511	0.769240637855111
score-orthogonal	143	3.92558405632868	3.92558405632866	0.745741313998182	0.745741313998183
score-orthogonal	144	3.53699652512176	3.53699652512176	0.772256905026412	0.772256905026414
score-orthogonal	145	3.42295370881741	3.42295370881741	1.31889886156116	1.31889886156116
score-orthogonal	146	3.91880165905526	3.91880165905527	2.85557594661135	2.85557594661136
score-orthogonal	147	2.63939639573853	2.63939639573853	1.11099870746839	1.1109987074684
score-orthogonal	148	2.70822574403585	2.70822574403584	2.17373790094883	2.17373790094883
score-orthogonal	149	1.01408902178996	1.01408902178996	0.39952031484472	0.39952031484472
score-orthogonal	150	0.94768843627653	0.94768843627653	0.407862623392006	0.407862623392006
score-orthogonal	151	1.34041637258925	1.34041637258925	0.190229348817225	0.190229348817225
score-orthogonal	152	1.14092819585207	1.14092819585207	0.501513174174565	0.501513174174565
score-orthogonal	153	3.31720373281888	3.31720373281889	1.24101169789427	1.24101169789427
score-orthogonal	154	1.97617446727106	1.97617446727106	0.883619037323557	0.883619037323556
score-orthogonal	155	1.07630919315578	1.07630919315578	0.709475098541204	0.709475098541205
score-orthogonal	156	0.966889580345805	0.966889580345805	0.177631170336561	0.177631170336561
score-orthogonal	157	1.3578633211345	1.3578633211345	0.119630689550356	0.119630689550356
score-orthogonal	158	0.992613554764778	0.992613554764778	0.423674815198592	0.423674815198591
score-orthogonal	159	4.24598029112691	4.24598029112693	1.2455945152993	1.2455945152993
score-orthogonal	160	2.05671453705368	2.05671453705368	0.901208245291018	0.901208245291018
score-orthogonal	161	1.17640966101695	1.17640966101695	0.7458899596678	0.745889959667802
score-orthogonal	162	1.10971363743586	1.10971363743586	0.192090403463369	0.192090403463369
score-orthogonal	163	1.02327571186749	1.02327571186749	0.0678575965230483	0.0678575965230484
score-orthogonal	164	0.85723262218767	0.857232622187669	0.0801930777283861	0.080193077728386
score-orthogonal	165	3.28510324274863	3.28510324274863	1.57231890837647	1.57231890837647
score-orthogonal	166	1.93088542730157	1.93088542730157	0.624033169782076	0.624033169782077
score-orthogonal	167	3.55919917355616	3.55919917355616	1.65393963776758	1.65393963776759
score-orthogonal	168	2.16903472706853	2.16903472706853	0.633057164307097	0.633057164307097
score-orthogonal	169	3.53991293748196	3.53991293748198	1.39162271805594	1.39162271805594
score-orthogonal	170	4.05158241504257	4.05158241504257	3.04847439959727	3.04847439959728
score-orthogonal	171	2.60749943626788	2.60749943626789	1.15236702021763	1.15236702021763
score-orthogonal	172	2.57636172977106	2.57636172977106	2.17997640995073	2.17997640995073
score-orthogonal	173	0.960062286154202	0.960062286154203	0.407023607819676	0.407023607819676
score-orthogonal	174	0.830628588647138	0.830628588647138	0.409435891636063	0.409435891636063
score-orthogonal	175	1.22228305411572	1.22228305411572	0.214652125315613	0.214652125315613
score-orthogonal	176	1.01938100556987	1.01938100556987	0.519800960332597	0.519800960332598
score-orthogonal	177	3.19888167501831	3.19888167501831	1.29190937343284	1.29190937343284
score-orthogonal	178	1.83795439728542	1.83795439728542	0.858054308066469	0.858054308066468
score-orthogonal	179	0.958200160020336	0.958200160020336	0.714052449907535	0.714052449907535
score-orthogonal	180	0.843804852642498	0.843804852642498	0.161249648355985	0.161249648355985
score-orthogonal	181	1.28071156557034	1.28071156557034	0.13282369855032	0.13282369855032
score-orthogonal	182	0.834184080340012	0.834184080340012	0.422976176369663	0.422976176369662
score-orthogonal	183	3.84389861366182	3.84389861366184	1.28617264696971	1.28617264696971
score-orthogonal	184	1.8969252315714	1.89692523157139	0.870293496201174	0.870293496201173
score-orthogonal	185	1.07803288816903	1.07803288816903	0.746915636804697	0.746915636804698
score-orthogonal	186	1.0611940032071	1.0611940032071	0.178106600124739	0.178106600124739
score-orthogonal	187	0.932746940530932	0.932746940530933	0.0703689664476351	0.0703689664476351
score-orthogonal	188	0.680805093963321	0.680805093963322	0.0793594684793626	0.0793594684793627
score-orthogonal	189	2.74963788317547	2.74963788317547	1.56604520185112	1.56604520185112
score-orthogonal	190	1.70104475220406	1.70104475220406	0.593099047089554	0.593099047089555
score-orthogonal	191	3.16394776195071	3.16394776195071	1.65308261554366	1.65308261554366
score-orthogonal	192	2.07028944193313	2.07028944193314	0.609645881179346	0.609645881179347
score-orthogonal	193	3.6644115757018	3.6644115757018	1.78082222257004	1.78082222257004
score-orthogonal	194	3.49084497986232	3.49084497986232	3.20144331355596	3.20144331355594
score-orthogonal	195	3.52202631739269	3.5220263173927	1.74918350246296	1.74918350246296
score-orthogonal	196	3.3407341808777	3.3407341808777	2.99398513220251	2.99398513220251
score-orthogonal	197	0.854242050726634	0.854242050726633	0.421871442196021	0.421871442196021
score-orthogonal	198	0.792821152842315	0.792821152842315	0.415839704149642	0.415839704149642
score-orthogonal	199	1.08557085666334	1.08557085666335	0.306094242025488	0.306094242025488
score-orthogonal	200	0.719447779272496	0.719447779272495	0.520060791894329	0.520060791894328
score-orthogonal	201	4.57345521148811	4.57345521148814	1.74842614045706	1.74842614045706
score-orthogonal	202	1.7116670516423	1.7116670516423	0.713525182173677	0.713525182173676
score-orthogonal	203	0.893801524668992	0.893801524668993	0.727735577778201	0.727735577778201
score-orthogonal	204	0.7939728042757	0.793972804275699	0.0611302050126068	0.0611302050126068
score-orthogonal	205	1.12972610811932	1.12972610811932	0.294859691770652	0.294859691770652
score-orthogonal	206	0.689994657643715	0.689994657643715	0.501012933124811	0.501012933124811
score-orthogonal	207	4.28771088966476	4.28771088966477	1.73188723643643	1.73188723643643
score-orthogonal	208	1.70761822845615	1.70761822845614	0.709353227207602	0.709353227207601
score-orthogonal	209	0.913707081095274	0.913707081095275	0.724097859602517	0.724097859602518
score-orthogonal	210	0.868111599601941	0.868111599601941	0.0634795702275309	0.0634795702275309
score-orthogonal	211	0.618219384177014	0.618219384177015	0.0674852321744799	0.06748523217448
score-orthogonal	212	0.532998721802873	0.532998721802874	0.0641600553749144	0.0641600553749145
score-orthogonal	213	2.28705093154556	2.28705093154556	1.56952677048039	1.56952677048039
score-orthogonal	214	1.53358772229729	1.53358772229729	0.429319486369133	0.429319486369133
score-orthogonal	215	2.39330595827223	2.39330595827223	1.57502977875639	1.5750297787564
score-orthogonal	216	1.65488090860333	1.65488090860333	0.435878490250782	0.435878490250783
score-orthogonal	217	3.52984861337857	3.52984861337858	2.22437542241014	2.22437542241014
score-orthogonal	218	3.10392228780688	3.10392228780687	1.7060643102273	1.7060643102273
score-orthogonal	219	3.5512011603068	3.5512011603068	2.17848253166715	2.17848253166715
score-orthogonal	220	3.09562525082256	3.09562525082256	1.61298580286906	1.61298580286906
score-orthogonal	221	2.5661498787015	2.5661498787015	1.40496620430769	1.40496620430769
score-orthogonal	222	2.50449544775652	2.50449544775652	1.35475794421095	1.35475794421095
score-orthogonal	223	0.525687157593332	0.525687157593332	0.357813676983712	0.357813676983712
score-orthogonal	224	0.392216708420076	0.392216708420076	0.261944549268852	0.261944549268852
score-orthogonal	225	3.3696356931904	3.36963569319043	2.08339156378577	2.08339156378578
score-orthogonal	226	1.31357090111038	1.31357090111039	0.0293124791784442	0.0293124791784441
score-orthogonal	227	2.76144934239115	2.76144934239116	1.52073650962471	1.52073650962471
score-orthogonal	228	1.34794106448854	1.34794106448854	0.00520728249106622	0.0052072824910662
score-orthogonal	229	0.573198583108612	0.573198583108612	0.345545179919474	0.345545179919474
score-orthogonal	230	0.375037857070519	0.375037857070519	0.235379588942356	0.235379588942356
score-orthogonal	231	3.25192045944998	3.25192045944999	2.0552566078837	2.05525660788371
score-orthogonal	232	1.31481022831053	1.31481022831053	0.0262234159162785	0.0262234159162784
score-orthogonal	233	2.70232072278697	2.70232072278697	1.45645598493479	1.4564559849348
score-orthogonal	234	1.40762180667068	1.40762180667069	0.00332373538284826	0.00332373538284827
score-orthogonal	235	0.448434346637723	0.448434346637723	0.172558086276562	0.172558086276562
score-orthogonal	236	0.380887884716946	0.380887884716946	0.158297831594529	0.158297831594529
score-orthogonal	237	2.59155027191751	2.59155027191752	1.48408249447836	1.48408249447836
score-orthogonal	238	1.33307874616943	1.33307874616943	0.000676604536377516	0.000676604536377533
score-orthogonal	239	2.58992015498228	2.58992015498229	1.43688295624337	1.43688295624338
score-orthogonal	240	1.39465580869862	1.39465580869862	0.0018069445111559	0.00180694451115594
score-orthogonal	241	2.02520993069625	2.02520993069625	0.0845860679500736	0.0845860679500736
score-orthogonal	242	3.49823492444325	3.49823492444326	1.01572922886442	1.01572922886442
score-orthogonal	243	1.86555304396861	1.86555304396862	0.0816452256417511	0.0816452256417511
score-orthogonal	244	3.49597509709695	3.49597509709695	1.34241475013268	1.34241475013268
score-orthogonal	245	0.748003479446013	0.748003479446014	0.346527033823249	0.346527033823249
score-orthogonal	246	0.760462839986651	0.760462839986651	0.504993837691861	0.504993837691861
score-orthogonal	247	1.85974015689926	1.85974015689926	0.0410973805158843	0.0410973805158844
score-orthogonal	248	2.80882163259891	2.80882163259892	0.899606012370226	0.899606012370227
score-orthogonal	249	1.90964495053337	1.90964495053337	0.0838277189366218	0.083827718936622
score-orthogonal	250	2.66167282136896	2.66167282136896	0.770391617366398	0.770391617366399
score-orthogonal	251	0.800290301550776	0.800290301550776	0.285927936815999	0.285927936815999
score-orthogonal	252	0.564872581837379	0.564872581837379	0.16538815128893	0.16538815128893
score-orthogonal	253	2.08163490564342	2.08163490564342	0.0486520407917171	0.0486520407917171
score-orthogonal	254	3.73031346295225	3.73031346295228	1.22338546717669	1.22338546717669
score-orthogonal	255	2.25646594131286	2.25646594131287	0.0946841377064601	0.0946841377064602
score-orthogonal	256	3.56415502224823	3.56415502224824	0.795715193717716	0.795715193717716
score-orthogonal	257	0.971204587765424	0.971204587765424	0.477700614687859	0.477700614687859
score-orthogonal	258	0.742764614285984	0.742764614285984	0.198345872453161	0.198345872453162
score-orthogonal	259	4.21064672065173	4.21064672065166	0.84784184374693	0.847841843746931
score-orthogonal	260	5.39332401403724	5.39332401403729	1.12990481847999	1.12990481847999
score-orthogonal	261	3.32517185096509	3.32517185096508	0.848810166269277	0.848810166269277
score-orthogonal	262	3.17893559863712	3.17893559863711	0.641928983392326	0.641928983392326
score-orthogonal	263	7.38354764833365	7.38354764833365	1.18174066261005	1.18174066261005
score-orthogonal	264	5.46791854487515	5.46791854487505	0.672617042310985	0.672617042310985
score-orthogonal	265	2.82187558276266	2.82187558276266	1.61527478545109	1.61527478545109
score-orthogonal	266	3.7240816894944	3.7240816894944	2.50362018244222	2.50362018244222
score-orthogonal	267	2.58626079098423	2.58626079098423	1.40706643157688	1.40706643157688
score-orthogonal	268	3.24177032243573	3.24177032243573	1.90720948936154	1.90720948936154
score-orthogonal	269	1.50445915823548	1.50445915823548	0.472678808224398	0.472678808224398
score-orthogonal	270	1.44424107564158	1.44424107564158	0.440038637034374	0.440038637034374
score-orthogonal	271	1.15265129200886	1.15265129200886	0.244692093217662	0.244692093217662
score-orthogonal	272	1.038816543307	1.038816543307	0.423656168927858	0.423656168927858
score-orthogonal	273	2.93977401558822	2.93977401558823	1.92896418976632	1.92896418976632
score-orthogonal	274	3.37228681263423	3.37228681263423	0.637315071302433	0.637315071302433
score-orthogonal	275	1.64625209926884	1.64625209926884	0.954077274970319	0.954077274970319
score-orthogonal	276	1.918674401746	1.918674401746	0.108838251233451	0.108838251233451
score-orthogonal	277	1.2298458332834	1.2298458332834	0.183574899296158	0.183574899296158
score-orthogonal	278	0.965951083148203	0.965951083148204	0.330185736010237	0.330185736010237
score-orthogonal	279	3.11846425938912	3.11846425938913	1.90637560337777	1.90637560337777
score-orthogonal	280	3.27040329160538	3.27040329160537	0.642177407830115	0.642177407830114
score-orthogonal	281	1.80661644694404	1.80661644694405	0.960516497773644	0.960516497773645
score-orthogonal	282	2.06457104457797	2.06457104457797	0.13499306213173	0.13499306213173
score-orthogonal	283	1.07178652072167	1.07178652072167	0.0694467666668387	0.0694467666668386
score-orthogonal	284	0.919089276121454	0.919089276121454	0.0537097719434998	0.0537097719434998
score-orthogonal	285	3.60981398966103	3.60981398966103	2.10466604581031	2.10466604581031
score-orthogonal	286	2.85420884443	2.85420884443	0.483759400418875	0.483759400418875
score-orthogonal	287	5.76923291176635	5.76923291176638	2.15334885760628	2.15334885760628
score-orthogonal	288	3.26164578842037	3.26164578842038	0.517728510546662	0.517728510546662
score-orthogonal	289	1.81337609107185	1.81337609107185	0.85709605072842	0.857096050728421
score-orthogonal	290	2.05697033277183	2.05697033277183	1.60349549067547	1.60349549067547
score-orthogonal	291	2.23382918145017	2.23382918145017	1.02455696569557	1.02455696569557
score-orthogonal	292	2.31458145159419	2.31458145159419	1.83619078225944	1.83619078225944
score-orthogonal	293	1.18989275524951	1.18989275524951	0.453480020628497	0.453480020628497
score-orthogonal	294	0.822366036218287	0.822366036218287	0.416907585039903	0.416907585039903
score-orthogonal	295	0.858581167260881	0.858581167260881	0.0328753630678718	0.0328753630678718
score-orthogonal	296	0.76782699851472	0.767826998514721	0.315449430754457	0.315449430754458
score-orthogonal	297	2.57340264455882	2.57340264455882	1.34169304781621	1.34169304781621
score-orthogonal	298	3.22418622194865	3.22418622194865	1.08464490350547	1.08464490350547
score-orthogonal	299	1.31083745007527	1.31083745007527	1.04108007142337	1.04108007142337
score-orthogonal	300	1.59174393675799	1.59174393675799	0.403631190733079	0.403631190733079
score-orthogonal	301	1.13344612435843	1.13344612435843	0.0775289683150648	0.0775289683150649
score-orthogonal	302	0.778540035875051	0.778540035875051	0.334842304760648	0.334842304760648
score-orthogonal	303	2.66696792211607	2.66696792211607	1.25673723385203	1.25673723385203
score-orthogonal	304	2.92779704883383	2.92779704883383	1.00572264554049	1.00572264554049
score-orthogonal	305	1.2371205077723	1.2371205077723	0.939264304559037	0.939264304559037
score-orthogonal	306	1.82417817038473	1.82417817038473	0.382632054581631	0.382632054581631
score-orthogonal	307	0.968445486232523	0.968445486232523	0.0917915770713395	0.0917915770713396
score-orthogonal	308	0.676257715781189	0.676257715781189	0.0612966811432055	0.0612966811432055
score-orthogonal	309	5.34964104035477	5.34964104035471	2.28586151593544	2.28586151593544
score-orthogonal	310	3.10625454026784	3.10625454026784	0.901189624954996	0.901189624954996
score-orthogonal	311	5.84687538607398	5.84687538607392	2.1511497761765	2.1511497761765
score-orthogonal	312	3.33090228229798	3.33090228229798	0.935215474590143	0.935215474590143
score-orthogonal	313	1.77132735915067	1.77132735915067	1.04334938480991	1.04334938480991
score-orthogonal	314	1.93192682791039	1.93192682791039	1.62807217523639	1.62807217523639
score-orthogonal	315	2.46501791812851	2.46501791812851	1.42374273269823	1.42374273269823
score-orthogonal	316	2.74396436719993	2.74396436719993	2.43231374440212	2.43231374440213
score-orthogonal	317	1.09988191247626	1.09988191247626	0.464080964504862	0.464080964504862
score-orthogonal	318	0.792470832218437	0.792470832218438	0.459340466131002	0.459340466131002
score-orthogonal	319	0.739177304365818	0.739177304365818	0.0956432711798507	0.0956432711798507
score-orthogonal	320	0.520766018209729	0.520766018209729	0.309811173896627	0.309811173896627
score-orthogonal	321	2.63094653378241	2.63094653378241	1.61031118428346	1.61031118428346
score-orthogonal	322	2.77963128047335	2.77963128047335	0.814026577747113	0.814026577747113
score-orthogonal	323	1.34936421702386	1.34936421702386	1.04783059769917	1.04783059769917
score-orthogonal	324	1.56947120515423	1.56947120515423	0.262475243982091	0.262475243982091
score-orthogonal	325	0.950406727356797	0.950406727356797	0.201889468528753	0.201889468528753
score-orthogonal	326	0.62692936918616	0.62692936918616	0.422457481901359	0.422457481901359
score-orthogonal	327	2.46471138994265	2.46471138994264	1.51556380817242	1.51556380817242
score-orthogonal	328	2.58528188697989	2.58528188697989	0.747828622052032	0.747828622052032
score-orthogonal	329	1.07171410978379	1.07171410978379	0.939016691609973	0.939016691609972
score-orthogonal	330	1.64349463727666	1.64349463727666	0.215085701533468	0.215085701533468
score-orthogonal	331	0.678423041458981	0.678423041458981	0.0854525913262888	0.0854525913262888
score-orthogonal	332	0.53398892116611	0.53398892116611	0.0709073161307376	0.0709073161307376
score-orthogonal	333	5.99888130939071	5.99888130939091	2.2749315921313	2.27493159213131
score-orthogonal	334	2.8927662430509	2.8927662430509	0.668497194493181	0.668497194493181
score-orthogonal	335	3.06411493738056	3.06411493738057	2.09346358861404	2.09346358861404
score-orthogonal	336	2.67381127234398	2.67381127234398	0.654922868966317	0.654922868966317
score-orthogonal	337	1.90316527142938	1.90316527142938	1.20922416759227	1.20922416759227
score-orthogonal	338	1.82710159893076	1.82710159893076	1.0060396972852	1.00603969728521
score-orthogonal	339	3.57355140832484	3.57355140832484	1.65491723353917	1.65491723353917
score-orthogonal	340	2.86767665321019	2.86767665321021	1.86318332714714	1.86318332714714
score-orthogonal	341	3.06555359949632	3.06555359949632	1.19550246152656	1.19550246152656
score-orthogonal	342	2.4611322594101	2.4611322594101	1.61251089094214	1.61251089094214
score-orthogonal	343	0.336542150343581	0.336542150343581	0.12012496143829	0.12012496143829
score-orthogonal	344	0.22899224066561	0.22899224066561	0.0514984453366212	0.0514984453366213
score-orthogonal	345	3.76865699634759	3.76865699634759	1.79926555563545	1.79926555563545
score-orthogonal	346	2.23562702787232	2.23562702787232	0.0351924132920265	0.0351924132920265
score-orthogonal	347	6.95002527079148	6.95002527079148	1.4933352328086	1.4933352328086
score-orthogonal	348	2.46329481561266	2.46329481561265	0.0391296494976706	0.0391296494976706
score-orthogonal	349	0.565172204143055	0.565172204143056	0.23397314869949	0.23397314869949
score-orthogonal	350	0.351241140963021	0.351241140963021	0.277166115843554	0.277166115843554
score-orthogonal	351	3.66642425555654	3.66642425555655	1.72982951952966	1.72982951952966
score-orthogonal	352	2.22668006635152	2.22668006635152	0.0160994123428891	0.0160994123428891
score-orthogonal	353	4.40737924979508	4.40737924979508	2.21848555470931	2.21848555470931
score-orthogonal	354	2.83758132007745	2.83758132007744	0.052406489550125	0.0524064895501249
score-orthogonal	355	0.484981921843817	0.484981921843817	0.099379074482272	0.099379074482272
score-orthogonal	356	0.367809285668433	0.367809285668433	0.212018869717075	0.212018869717075
score-orthogonal	357	4.23833779808935	4.23833779808935	1.41334124630521	1.41334124630521
score-orthogonal	358	2.33678844067535	2.33678844067535	0.0173412751428457	0.0173412751428457
score-orthogonal	359	3.78673483939458	3.78673483939462	2.15773974703863	2.15773974703863
score-orthogonal	360	2.68509659274671	2.68509659274672	0.0496994137697969	0.0496994137697968
score-orthogonal	361	2.37119831032977	2.37119831032977	0.0804219611670698	0.0804219611670699
score-orthogonal	362	3.89733569206162	3.89733569206161	1.00067775170367	1.00067775170367
score-orthogonal	363	2.20258395000971	2.20258395000971	0.0794404323981192	0.0794404323981192
score-orthogonal	364	3.78533652660698	3.78533652660699	1.37687251819673	1.37687251819673
score-orthogonal	365	0.796675304470175	0.796675304470175	0.335884942122421	0.335884942122421
score-orthogonal	366	0.746409003025847	0.746409003025847	0.513269268266516	0.513269268266517
score-orthogonal	367	2.14324931950262	2.14324931950263	0.0383451221605517	0.0383451221605518
score-orthogonal	368	2.99821599759827	2.99821599759828	0.888338572629261	0.888338572629262
score-orthogonal	369	2.08635247353973	2.08635247353973	0.0827081808757631	0.0827081808757633
score-orthogonal	370	2.74861818043293	2.74861818043293	0.764872250376928	0.764872250376929
score-orthogonal	371	0.768976259387815	0.768976259387815	0.272269311355671	0.272269311355671
score-orthogonal	372	0.517372124534426	0.517372124534426	0.153775055486761	0.153775055486761
score-orthogonal	373	2.5794047045587	2.57940470455871	0.0464535186463097	0.0464535186463097
score-orthogonal	374	4.13824736614257	4.13824736614257	1.25346276387097	1.25346276387097
score-orthogonal	375	2.56719079889402	2.56719079889402	0.0921790834279723	0.0921790834279726
score-orthogonal	376	3.88936403055709	3.88936403055711	0.787825392943938	0.787825392943939
score-orthogonal	377	0.943277126028746	0.943277126028746	0.486928044077719	0.486928044077719
score-orthogonal	378	0.767113107235676	0.767113107235676	0.190559296382391	0.190559296382391
score-orthogonal	379	5.07167632413881	5.07167632413881	0.830839493055424	0.830839493055423
score-orthogonal	380	5.19621615464623	5.19621615464619	1.14686490717836	1.14686490717836
score-orthogonal	381	3.01676531253648	3.01676531253648	0.823440942466605	0.823440942466605
score-orthogonal	382	2.78774628543724	2.78774628543724	0.621931397998681	0.621931397998681
score-orthogonal	383	5.9074823086907	5.90748230869076	1.20244451775598	1.20244451775598
score-orthogonal	384	8.87140836705021	8.87140836705171	0.660682120320471	0.660682120320471
score-orthogonal	385	2.97522139828264	2.97522139828264	1.69199038555137	1.69199038555137
score-orthogonal	386	3.76159386571899	3.761593865719	2.67709572124681	2.67709572124681
score-orthogonal	387	2.7532993994767	2.7532993994767	1.44958958655217	1.44958958655217
score-orthogonal	388	3.19607275621933	3.19607275621933	1.92779938231692	1.92779938231692
score-orthogonal	389	1.57707187129422	1.57707187129422	0.480186927256278	0.480186927256278
score-orthogonal	390	1.39775831010648	1.39775831010648	0.438723316998479	0.438723316998479
score-orthogonal	391	1.28425364404749	1.2842536440475	0.268428296086618	0.268428296086618
score-orthogonal	392	1.09385370889631	1.09385370889631	0.449029544462419	0.44902954446242
score-orthogonal	393	3.11852424107965	3.11852424107966	1.96553744603306	1.96553744603306
score-orthogonal	394	3.4435420188751	3.44354201887509	0.636816810377389	0.636816810377388
score-orthogonal	395	1.62970760861788	1.62970760861788	0.943529340392333	0.943529340392333
score-orthogonal	396	1.99239284309456	1.99239284309456	0.10039774090381	0.10039774090381
score-orthogonal	397	1.44880662144032	1.44880662144032	0.196515217831976	0.196515217831976
score-orthogonal	398	0.958297834581919	0.958297834581919	0.335879844954376	0.335879844954375
score-orthogonal	399	3.32439248250175	3.32439248250175	1.92021660075047	1.92021660075047
score-orthogonal	400	3.37965431806585	3.37965431806585	0.637277546282924	0.637277546282923
score-orthogonal	401	1.77814219954193	1.77814219954193	0.943076587965752	0.943076587965753
score-orthogonal	402	2.21651346328569	2.21651346328569	0.129582136219801	0.129582136219801
score-orthogonal	403	1.19120264503573	1.19120264503573	0.0753081063700376	0.0753081063700376
score-orthogonal	404	0.887109658865224	0.887109658865225	0.0545503430005793	0.0545503430005793
score-orthogonal	405	3.35937195156608	3.35937195156608	2.05138377464881	2.05138377464881
score-orthogonal	406	2.85236708732823	2.85236708732823	0.468242557539474	0.468242557539474
score-orthogonal	407	5.08383613307155	5.0838361330716	2.10178096740948	2.10178096740948
score-orthogonal	408	3.30547363055316	3.30547363055317	0.510275552300461	0.510275552300461
score-orthogonal	409	2.11417631507829	2.1141763150783	0.847540456045028	0.847540456045029
score-orthogonal	410	2.26805582289171	2.26805582289171	1.61818772684351	1.61818772684351
score-orthogonal	411	2.47839431413074	2.47839431413074	1.01582570734032	1.01582570734032
score-orthogonal	412	2.46439448573308	2.46439448573308	1.85084241028718	1.85084241028719
score-orthogonal	413	1.32435423268119	1.32435423268119	0.452928284258345	0.452928284258345
score-orthogonal	414	0.909125498384846	0.909125498384846	0.414039297638482	0.414039297638483
score-orthogonal	415	1.147770931714	1.147770931714	0.0312417236168234	0.0312417236168234
score-orthogonal	416	0.970438549817809	0.970438549817809	0.322917005681065	0.322917005681065
score-orthogonal	417	2.93057069564561	2.93057069564561	1.30737009493714	1.30737009493714
score-orthogonal	418	3.29427867125548	3.29427867125548	1.11601205298428	1.11601205298428
score-orthogonal	419	1.3946228695011	1.3946228695011	1.02330867932524	1.02330867932524
score-orthogonal	420	1.72528610130994	1.72528610130994	0.412997223183082	0.412997223183083
score-orthogonal	421	1.43690021896799	1.43690021896799	0.0765267827601248	0.0765267827601249
score-orthogonal	422	0.938889392815113	0.938889392815113	0.341206419452075	0.341206419452075
score-orthogonal	423	3.15916250137601	3.15916250137601	1.22423811181464	1.22423811181464
score-orthogonal	424	3.02890624270854	3.02890624270854	1.03390746459588	1.03390746459588
score-orthogonal	425	1.30036608630959	1.30036608630959	0.920965960365168	0.920965960365169
score-orthogonal	426	1.99442628934098	1.99442628934098	0.392771032392175	0.392771032392175
score-orthogonal	427	1.17924221942853	1.17924221942853	0.0952046730677677	0.0952046730677678
score-orthogonal	428	0.826707900629617	0.826707900629617	0.0629630314882977	0.0629630314882978
score-orthogonal	429	5.85546647310587	5.85546647310596	2.23445319159187	2.23445319159187
score-orthogonal	430	3.12802922465385	3.12802922465384	0.919060701756058	0.919060701756058
score-orthogonal	431	6.92936795794618	6.92936795794647	2.1010321509159	2.1010321509159
score-orthogonal	432	3.39463146036822	3.39463146036822	0.956119368980438	0.956119368980439
score-orthogonal	433	1.9836323356011	1.9836323356011	1.06862977005851	1.06862977005851
score-orthogonal	434	1.9480787538156	1.9480787538156	1.64623580408382	1.64623580408382
score-orthogonal	435	2.63537282526969	2.63537282526969	1.48456571285769	1.48456571285769
score-orthogonal	436	2.8795331240154	2.8795331240154	2.59138937165602	2.59138937165602
score-orthogonal	437	1.05793003100298	1.05793003100298	0.464895853662953	0.464895853662954
score-orthogonal	438	0.820425891510749	0.820425891510749	0.466457388722676	0.466457388722676
score-orthogonal	439	0.921519589653347	0.921519589653347	0.105999391096799	0.105999391096799
score-orthogonal	440	0.52400786967575	0.52400786967575	0.316263493573967	0.316263493573967
score-orthogonal	441	2.84654462381652	2.84654462381653	1.61039635518849	1.61039635518849
score-orthogonal	442	2.78869740397226	2.78869740397226	0.80367521994539	0.80367521994539
score-orthogonal	443	1.32763439292415	1.32763439292415	1.03059785624509	1.03059785624509
score-orthogonal	444	1.65306729637354	1.65306729637354	0.254603752910701	0.254603752910701
score-orthogonal	445	1.06578177693217	1.06578177693217	0.223764419441401	0.223764419441401
score-orthogonal	446	0.660521670398657	0.660521670398657	0.447406725146071	0.447406725146071
score-orthogonal	447	2.70098035052694	2.70098035052694	1.52894248471363	1.52894248471363
score-orthogonal	448	2.59543322446843	2.59543322446843	0.742431159238037	0.742431159238036
score-orthogonal	449	1.03020030899945	1.03020030899945	0.927989482174824	0.927989482174824
score-orthogonal	450	1.68196756791249	1.68196756791249	0.204864155922303	0.204864155922303
score-orthogonal	451	0.64488544505221	0.64488544505221	0.0878037349026253	0.0878037349026253
score-orthogonal	452	0.589015369714433	0.589015369714434	0.0765799752736188	0.0765799752736188
score-orthogonal	453	4.9230707557619	4.9230707557619	2.22155367466332	2.22155367466332
score-orthogonal	454	2.85731812009257	2.85731812009257	0.657132064103192	0.657132064103192
score-orthogonal	455	2.7771735593847	2.77717355938471	2.03992624291291	2.03992624291291
score-orthogonal	456	2.62580415370532	2.62580415370532	0.6356420393693	0.6356420393693
score-orthogonal	457	1.98484540425291	1.98484540425291	1.24200529597521	1.24200529597521
score-orthogonal	458	1.81783000812116	1.81783000812117	0.998831271985833	0.998831271985834
score-orthogonal	459	3.49679370066137	3.49679370066139	1.73497058685363	1.73497058685363
score-orthogonal	460	2.87635239131493	2.87635239131492	1.96532319933475	1.96532319933475
score-orthogonal	461	2.99192846141572	2.99192846141573	1.18959409174135	1.18959409174135
score-orthogonal	462	2.50204040857326	2.50204040857326	1.66841943985626	1.66841943985626
score-orthogonal	463	0.415530641662313	0.415530641662313	0.13168577806729	0.13168577806729
score-orthogonal	464	0.219560466436371	0.219560466436371	0.0499616605210178	0.0499616605210179
score-orthogonal	465	3.64567887299737	3.64567887299738	1.80234848803728	1.80234848803728
score-orthogonal	466	2.33891772318292	2.33891772318292	0.0326470994077205	0.0326470994077205
score-orthogonal	467	6.1423330067183	6.1423330067184	1.45661770519279	1.45661770519279
score-orthogonal	468	2.56825283656459	2.56825283656459	0.0394245040156426	0.0394245040156427
score-orthogonal	469	0.585573053228001	0.585573053228001	0.25804709737296	0.25804709737296
score-orthogonal	470	0.360463101023724	0.360463101023724	0.302900986634085	0.302900986634085
score-orthogonal	471	3.67903515609328	3.67903515609329	1.75300409915331	1.75300409915331
score-orthogonal	472	2.30183384646731	2.3018338464673	0.0166524363938363	0.0166524363938362
score-orthogonal	473	4.59913021281102	4.59913021281104	2.27628739006621	2.27628739006622
score-orthogonal	474	2.94413468882624	2.94413468882625	0.054684274310613	0.0546842743106129
score-orthogonal	475	0.46157514640738	0.461575146407381	0.098564453152185	0.098564453152185
score-orthogonal	476	0.416363004343015	0.416363004343016	0.226146578626766	0.226146578626766
score-orthogonal	477	4.13836982236484	4.13836982236488	1.37888445395933	1.37888445395933
score-orthogonal	478	2.43754240546744	2.43754240546744	0.017566421775518	0.017566421775518
score-orthogonal	479	3.71075411015076	3.71075411015078	2.17895815786351	2.17895815786351
score-orthogonal	480	2.83624985912498	2.83624985912499	0.0487459309692971	0.048745930969297
score-orthogonal	481	4.25865226930206	4.25865226930203	0.0477789679229139	0.0477789679229139
score-orthogonal	482	4.1135744790565	4.1135744790565	1.1720546644142	1.1720546644142
score-orthogonal	483	4.5678365630073	4.5678365630073	0.0496690189139051	0.0496690189139051
score-orthogonal	484	4.01281478341972	4.0128147834197	1.21945738841777	1.21945738841777
score-orthogonal	485	0.699780275608315	0.699780275608316	0.367990906096324	0.367990906096325
score-orthogonal	486	0.639812463138116	0.639812463138116	0.38627420703376	0.38627420703376
score-orthogonal	487	3.41818397645698	3.41818397645697	0.00595997052008727	0.0059599705200873
score-orthogonal	488	3.02498026015528	3.02498026015527	1.03382499684797	1.03382499684797
score-orthogonal	489	4.09874099691066	4.0987409969107	0.0810977215918373	0.0810977215918374
score-orthogonal	490	5.50299228801582	5.50299228801587	0.742797242332523	0.742797242332524
score-orthogonal	491	0.694546585636264	0.694546585636265	0.319154297040138	0.319154297040138
score-orthogonal	492	0.473665942427057	0.473665942427057	0.0846272330368341	0.0846272330368341
score-orthogonal	493	3.74612811362415	3.74612811362414	0.00651205791721986	0.00651205791721987
score-orthogonal	494	2.97842537205908	2.97842537205909	1.07201705463918	1.07201705463918
score-orthogonal	495	4.32227555416086	4.32227555416086	0.0797414052817223	0.0797414052817225
score-orthogonal	496	5.97593661525667	5.97593661525684	0.740670753667059	0.740670753667059
score-orthogonal	497	0.697268815139273	0.697268815139274	0.341456413260634	0.341456413260634
score-orthogonal	498	0.542117206580007	0.542117206580007	0.0884322725516499	0.08843227255165
score-orthogonal	499	3.00936051498755	3.00936051498754	0.891748884760722	0.891748884760722
score-orthogonal	500	2.80853951617394	2.80853951617395	0.92341561481874	0.92341561481874
score-orthogonal	501	2.5689483922386	2.5689483922386	0.919636332302882	0.919636332302883
score-orthogonal	502	2.47283457096158	2.47283457096159	0.517988734261145	0.517988734261145
score-orthogonal	503	2.69853881915046	2.69853881915046	0.963949781247744	0.963949781247744
score-orthogonal	504	2.82831210401591	2.82831210401591	0.525575478335801	0.525575478335801
score-orthogonal	505	4.00865211393124	4.00865211393124	2.03598670648191	2.03598670648191
score-orthogonal	506	4.45648734319313	4.45648734319313	2.97680504844471	2.9768050484447
score-orthogonal	507	3.95033770397684	3.95033770397684	2.00217656771909	2.00217656771909
score-orthogonal	508	4.37780845939348	4.3778084593935	2.79762005752519	2.79762005752519
score-orthogonal	509	1.50318303381604	1.50318303381604	0.452275340227901	0.4522753402279
score-orthogonal	510	1.39028155154974	1.39028155154974	0.443651312189937	0.443651312189936
score-orthogonal	511	1.72843017718456	1.72843017718456	0.345141865032624	0.345141865032624
score-orthogonal	512	1.07661753760082	1.07661753760081	0.486967545696593	0.486967545696593
score-orthogonal	513	5.32394057302948	5.3239405730295	2.19121663441365	2.19121663441365
score-orthogonal	514	2.92609569156564	2.92609569156564	0.630092404054132	0.630092404054132
score-orthogonal	515	1.52450901673103	1.52450901673103	0.82104879832359	0.82104879832359
score-orthogonal	516	1.86267033209578	1.86267033209578	0.0467092842038103	0.0467092842038103
score-orthogonal	517	1.79805728182526	1.79805728182526	0.33437611691184	0.33437611691184
score-orthogonal	518	1.01814248329153	1.01814248329153	0.467115920730319	0.467115920730319
score-orthogonal	519	5.02324094665752	5.02324094665753	2.16320705614836	2.16320705614837
score-orthogonal	520	2.9788876267602	2.9788876267602	0.625743788790718	0.625743788790717
score-orthogonal	521	1.51307650276541	1.51307650276541	0.815047149369693	0.815047149369694
score-orthogonal	522	1.95435358868924	1.95435358868923	0.0497122920448107	0.0497122920448107
score-orthogonal	523	1.03108254457509	1.03108254457509	0.0686570624542509	0.0686570624542509
score-orthogonal	524	0.897635503181347	0.897635503181349	0.0636827439040752	0.0636827439040752
score-orthogonal	525	2.89781875008018	2.89781875008018	1.74923921067292	1.74923921067293
score-orthogonal	526	2.55791842962847	2.55791842962847	0.395400887212218	0.395400887212218
score-orthogonal	527	2.95296916225518	2.95296916225519	1.75227247746535	1.75227247746535
score-orthogonal	528	2.64305852012775	2.64305852012775	0.403126606284344	0.403126606284345
score-orthogonal	529	2.78972239022476	2.78972239022476	0.919560296341868	0.919560296341869
score-orthogonal	530	2.33289211935451	2.33289211935451	1.76132496152957	1.76132496152957
score-orthogonal	531	3.70574654793767	3.70574654793767	1.30737310238347	1.30737310238347
score-orthogonal	532	3.77074307688952	3.77074307688952	2.59782622708889	2.5978262270889
score-orthogonal	533	1.2554532838755	1.2554532838755	0.461825982913206	0.461825982913206
score-orthogonal	534	0.913555305885364	0.913555305885365	0.414130551886228	0.414130551886228
score-orthogonal	535	1.621048036076	1.621048036076	0.0666214092732567	0.0666214092732567
score-orthogonal	536	0.948213135977434	0.948213135977434	0.371883523211758	0.371883523211758
score-orthogonal	537	5.33007905944908	5.3300790594491	1.28478471687442	1.28478471687442
score-orthogonal	538	2.57475038483747	2.57475038483746	1.00612773405333	1.00612773405333
score-orthogonal	539	1.26538222301208	1.26538222301208	0.918084716562803	0.918084716562803
score-orthogonal	540	1.52595078930827	1.52595078930827	0.308810716778389	0.308810716778389
score-orthogonal	541	1.83412812605321	1.83412812605321	0.183733408899867	0.183733408899867
score-orthogonal	542	1.07223512351898	1.07223512351898	0.466346983159392	0.466346983159392
score-orthogonal	543	4.26011457690451	4.26011457690453	1.19904172943492	1.19904172943492
score-orthogonal	544	2.4300538571435	2.43005385714349	0.914120670411716	0.914120670411715
score-orthogonal	545	1.06969181932055	1.06969181932055	0.786131617979773	0.786131617979773
score-orthogonal	546	1.72219407372946	1.72219407372946	0.274623883606731	0.274623883606731
score-orthogonal	547	1.02416837864439	1.02416837864439	0.114028010680496	0.114028010680496
score-orthogonal	548	0.853188349906067	0.853188349906068	0.0688360469349138	0.0688360469349138
score-orthogonal	549	3.29477699737797	3.29477699737797	1.93956447731793	1.93956447731793
score-orthogonal	550	2.44873552829683	2.44873552829684	0.754959205448859	0.754959205448859
score-orthogonal	551	3.00822453610314	3.00822453610314	1.74117369962415	1.74117369962415
score-orthogonal	552	2.58412802269054	2.58412802269054	0.775809479612706	0.775809479612706
score-orthogonal	553	2.7044542044628	2.70445420446281	0.952369873537936	0.952369873537936
score-orthogonal	554	2.15436454300248	2.15436454300249	1.76481802024643	1.76481802024643
score-orthogonal	555	3.73247959001382	3.73247959001383	1.37368770050569	1.37368770050569
score-orthogonal	556	3.89117523481312	3.89117523481314	2.75143011723221	2.75143011723222
score-orthogonal	557	1.08654555733041	1.08654555733041	0.463196157578557	0.463196157578557
score-orthogonal	558	0.857603775407639	0.857603775407639	0.423819965689792	0.423819965689793
score-orthogonal	559	1.50683215957643	1.50683215957643	0.0783894459295868	0.0783894459295868
score-orthogonal	560	0.761515020133377	0.761515020133378	0.370855780466138	0.370855780466138
score-orthogonal	561	4.51417870871896	4.51417870871898	1.31839176243811	1.31839176243811
score-orthogonal	562	2.46092632158337	2.46092632158337	0.965794884574694	0.965794884574693
score-orthogonal	563	1.16032074741909	1.16032074741909	0.918673019765806	0.918673019765808
score-orthogonal	564	1.47054407938829	1.47054407938829	0.292193241482739	0.292193241482739
score-orthogonal	565	1.66084403600057	1.66084403600057	0.206350418002208	0.206350418002208
score-orthogonal	566	0.960921443139293	0.960921443139293	0.485031078555882	0.485031078555882
score-orthogonal	567	3.9126027278555	3.91260272785552	1.2407650732124	1.2407650732124
score-orthogonal	568	2.30486507333848	2.30486507333848	0.882864375635443	0.882864375635442
score-orthogonal	569	0.964653254674513	0.964653254674514	0.792480286414598	0.792480286414598
score-orthogonal	570	1.57246014265625	1.57246014265625	0.254861253330481	0.254861253330481
score-orthogonal	571	0.805795020215036	0.805795020215037	0.112961143398263	0.112961143398264
score-orthogonal	572	0.766626390696155	0.766626390696156	0.0728112704968393	0.0728112704968392
score-orthogonal	573	3.047400463584	3.047400463584	1.93767204773025	1.93767204773026
score-orthogonal	574	2.36292607866351	2.36292607866352	0.727572738606304	0.727572738606305
score-orthogonal	575	2.6402261447916	2.6402261447916	1.73662635795264	1.73662635795265
score-orthogonal	576	2.39273897183384	2.39273897183384	0.736965588985108	0.736965588985108
score-orthogonal	577	1.98092608222139	1.98092608222139	1.14351343922233	1.14351343922234
score-orthogonal	578	1.89748387981751	1.89748387981752	1.10573679600295	1.10573679600295
score-orthogonal	579	4.12516800193338	4.12516800193338	1.65136132034089	1.65136132034089
score-orthogonal	580	3.76278706428428	3.76278706428428	2.50042937225514	2.50042937225513
score-orthogonal	581	4.16963647058674	4.16963647058674	1.56885270595882	1.56885270595882
score-orthogonal	582	3.75742508610904	3.75742508610904	2.45020942959614	2.45020942959614
score-orthogonal	583	0.366252868523664	0.366252868523664	0.107195040134885	0.107195040134885
score-orthogonal	584	0.282901031664353	0.282901031664353	0.0943058238311049	0.094305823831105
score-orthogonal	585	3.09910732122873	3.09910732122873	1.48808184441798	1.48808184441798
score-orthogonal	586	2.01525269724279	2.01525269724279	0.0176191338898531	0.0176191338898531
score-orthogonal	587	3.10950685457725	3.10950685457726	1.44938146281159	1.44938146281159
score-orthogonal	588	2.02935552898574	2.02935552898574	0.0204157386672514	0.0204157386672514
score-orthogonal	589	0.550273184331689	0.55027318433169	0.245914564542942	0.245914564542942
score-orthogonal	590	0.465030236294268	0.465030236294268	0.388973747031571	0.388973747031571
score-orthogonal	591	3.07723523522178	3.07723523522179	1.44243033453521	1.44243033453521
score-orthogonal	592	1.97263022118071	1.97263022118071	0.000800324479396264	0.000800324479396253
score-orthogonal	593	5.05825769830388	5.05825769830388	2.6349721944642	2.6349721944642
score-orthogonal	594	2.44215490213824	2.44215490213824	0.0631471864716833	0.0631471864716832
score-orthogonal	595	0.510253743145545	0.510253743145545	0.221206541825604	0.221206541825604
score-orthogonal	596	0.500429681825354	0.500429681825355	0.3773731627009	0.377373162700901
score-orthogonal	597	3.02217442048692	3.02217442048693	1.39052311740801	1.39052311740801
score-orthogonal	598	2.00883538673607	2.00883538673607	0.000477327733989813	0.00047732773398982
score-orthogonal	599	4.58037156816349	4.58037156816351	2.58490411372575	2.58490411372575
score-orthogonal	600	2.49283638535744	2.49283638535745	0.0598858963371407	0.0598858963371406
score-orthogonal	601	1.13699292899264	1.13699292899264	0.0919727349380353	0.0919727349380354
score-orthogonal	602	0.896278018526264	0.896278018526264	0.19405555697196	0.19405555697196
score-orthogonal	603	1.13239222914285	1.13239222914285	0.0897018583552378	0.0897018583552379
score-orthogonal	604	0.784892350926387	0.784892350926387	0.204807550576927	0.204807550576927
score-orthogonal	605	0.75164860150568	0.75164860150568	0.146517554240404	0.146517554240404
score-orthogonal	606	0.649461815253345	0.649461815253344	0.159196400663011	0.159196400663011
score-orthogonal	607	1.02958625699221	1.02958625699221	0.0401501187307216	0.0401501187307216
score-orthogonal	608	0.792497439671099	0.792497439671098	0.135506334601319	0.135506334601319
score-orthogonal	609	1.30652919401155	1.30652919401155	0.172875142623614	0.172875142623614
score-orthogonal	610	0.982111233954009	0.982111233954008	0.0772487925532054	0.0772487925532053
score-orthogonal	611	0.891598627284698	0.891598627284698	0.217070630131082	0.217070630131082
score-orthogonal	612	0.768896041880653	0.768896041880652	0.0236150640747222	0.0236150640747221
score-orthogonal	613	1.04312992624837	1.04312992624837	0.0373057660034151	0.0373057660034151
score-orthogonal	614	0.692767853021631	0.692767853021631	0.144799716292777	0.144799716292777
score-orthogonal	615	1.32316331754955	1.32316331754955	0.172087790323189	0.172087790323189
score-orthogonal	616	0.99436620291321	0.99436620291321	0.0764605142857993	0.0764605142857992
score-orthogonal	617	0.818507718739503	0.818507718739503	0.226201311342766	0.226201311342765
score-orthogonal	618	0.791804469268158	0.791804469268158	0.0199703641949597	0.0199703641949597
score-orthogonal	619	0.784566472202351	0.78456647220235	0.106765765118222	0.106765765118222
score-orthogonal	620	0.670664209196364	0.670664209196364	0.118871614809041	0.118871614809041
score-orthogonal	621	1.01987436014381	1.01987436014381	0.235422091495731	0.235422091495731
score-orthogonal	622	0.90841976218518	0.90841976218518	0.0374533688556326	0.0374533688556326
score-orthogonal	623	0.925779331614834	0.925779331614835	0.245569364659514	0.245569364659514
score-orthogonal	624	0.919758248689724	0.919758248689724	0.0345132885690546	0.0345132885690546
score-orthogonal	625	2.4317631273538	2.43176312735381	1.46468124137363	1.46468124137362
score-orthogonal	626	2.19386615624753	2.19386615624753	1.32071081117729	1.32071081117729
score-orthogonal	627	2.49041296545673	2.49041296545673	1.42913943414746	1.42913943414746
score-orthogonal	628	2.15090610779133	2.15090610779133	1.2641598230956	1.2641598230956
score-orthogonal	629	2.05375081057009	2.05375081057009	1.03099549641016	1.03099549641016
score-orthogonal	630	1.93838622795137	1.93838622795137	1.01109744737193	1.01109744737193
score-orthogonal	631	0.918408182133375	0.918408182133374	0.238684738948038	0.238684738948038
score-orthogonal	632	0.681827695563156	0.681827695563156	0.19800804690649	0.19800804690649
score-orthogonal	633	1.81172564628321	1.81172564628321	1.09747545053902	1.09747545053902
score-orthogonal	634	1.43748770806694	1.43748770806694	0.060031819034733	0.0600318190347327
score-orthogonal	635	1.46804145810748	1.46804145810748	0.884959783007651	0.884959783007653
score-orthogonal	636	1.38490775686515	1.38490775686515	0.0120191859731492	0.012019185973149
score-orthogonal	637	0.95601165042378	0.95601165042378	0.224879124563515	0.224879124563515
score-orthogonal	638	0.607205903891184	0.607205903891184	0.176817966479905	0.176817966479905
score-orthogonal	639	1.83024107858548	1.83024107858549	1.08975526699553	1.08975526699553
score-orthogonal	640	1.48225440986278	1.48225440986278	0.0578700542977426	0.0578700542977423
score-orthogonal	641	1.4113312220744	1.41133122207441	0.857803395850838	0.857803395850839
score-orthogonal	642	1.47549358860075	1.47549358860075	0.00778335352468516	0.00778335352468506
score-orthogonal	643	0.706247462798893	0.706247462798893	0.0936447670596299	0.09364476705963
score-orthogonal	644	0.589202577291603	0.589202577291603	0.0864017628981338	0.0864017628981337
score-orthogonal	645	1.54874530470113	1.54874530470114	0.883660315635714	0.883660315635715
score-orthogonal	646	1.51189612323402	1.51189612323402	0.0151670232100102	0.0151670232100101
score-orthogonal	647	1.46564138868306	1.46564138868306	0.862648050357575	0.862648050357577
score-orthogonal	648	1.56254617331263	1.56254617331263	0.0129803731540107	0.0129803731540107
score-orthogonal	649	1.51413416147007	1.51413416147007	0.757671059473945	0.757671059473945
score-orthogonal	650	1.27982471530116	1.27982471530116	0.750586869614741	0.75058686961474
score-orthogonal	651	2.26458031045044	2.26458031045044	1.22709154509014	1.22709154509014
score-orthogonal	652	1.91940613826811	1.91940613826811	1.18104988626525	1.18104988626525
score-orthogonal	653	1.80387132757922	1.80387132757922	0.969992899012294	0.969992899012293
score-orthogonal	654	1.60411456939139	1.60411456939139	0.942723154885949	0.942723154885949
score-orthogonal	655	0.711652147320672	0.711652147320672	0.0235213036665531	0.0235213036665531
score-orthogonal	656	0.473204629268807	0.473204629268807	0.0244508033551598	0.0244508033551597
score-orthogonal	657	1.45091107958737	1.45091107958737	0.775871307809692	0.775871307809692
score-orthogonal	658	1.08324791409283	1.08324791409283	0.156234104436926	0.156234104436926
score-orthogonal	659	1.11560234472606	1.11560234472606	0.705215278270551	0.705215278270553
score-orthogonal	660	1.03007955918501	1.03007955918501	0.116571943494275	0.116571943494275
score-orthogonal	661	0.952723889509264	0.952723889509264	0.18257027367536	0.18257027367536
score-orthogonal	662	0.621005741025028	0.621005741025028	0.163208592322794	0.163208592322794
score-orthogonal	663	1.39032039080208	1.39032039080208	0.708690558002859	0.70869055800286
score-orthogonal	664	1.05112050635511	1.05112050635511	0.111982019995377	0.111982019995377
score-orthogonal	665	1.22604131046352	1.22604131046352	0.812835337321131	0.812835337321132
score-orthogonal	666	1.33795419135841	1.33795419135841	0.187435526636373	0.187435526636372
score-orthogonal	667	0.687966020670201	0.687966020670202	0.0939341422254207	0.0939341422254205
score-orthogonal	668	0.566496950921941	0.566496950921941	0.0752214319498876	0.0752214319498876
score-orthogonal	669	1.14109785021313	1.14109785021313	0.651040407773711	0.651040407773712
score-orthogonal	670	1.07175349711897	1.07175349711897	0.0834443286391464	0.0834443286391464
score-orthogonal	671	1.30927138867503	1.30927138867503	0.822997639173372	0.822997639173373
score-orthogonal	672	1.41667496726517	1.41667496726517	0.198015187913295	0.198015187913294
score-orthogonal	673	1.44235605220339	1.44235605220339	0.772045390851415	0.772045390851415
score-orthogonal	674	1.1040449625934	1.1040449625934	0.7536192269883	0.7536192269883
score-orthogonal	675	2.16073705083801	2.16073705083801	1.2798076927482	1.2798076927482
score-orthogonal	676	1.85973006278891	1.85973006278891	1.23788854720403	1.23788854720403
score-orthogonal	677	1.62397691258613	1.62397691258614	0.973573626821683	0.973573626821682
score-orthogonal	678	1.54844286137253	1.54844286137253	0.964843528427068	0.964843528427068
score-orthogonal	679	0.641053470248053	0.641053470248053	0.0284128769130945	0.0284128769130945
score-orthogonal	680	0.301194206270315	0.301194206270315	0.0245751441240986	0.0245751441240985
score-orthogonal	681	1.37573163177858	1.37573163177858	0.790842351053467	0.790842351053468
score-orthogonal	682	0.993480550825535	0.993480550825535	0.146129699713366	0.146129699713366
score-orthogonal	683	0.960827190687846	0.960827190687847	0.706688028167639	0.70668802816764
score-orthogonal	684	0.963724182485482	0.963724182485481	0.105226318858256	0.105226318858256
score-orthogonal	685	0.852442399418548	0.852442399418548	0.201614083586704	0.201614083586704
score-orthogonal	686	0.544170790159541	0.544170790159541	0.184255095090696	0.184255095090695
score-orthogonal	687	1.3013405831486	1.3013405831486	0.728023914269037	0.728023914269038
score-orthogonal	688	0.935284727637464	0.935284727637465	0.104573017190394	0.104573017190394
score-orthogonal	689	1.14920894835012	1.14920894835013	0.840465353983747	0.840465353983749
score-orthogonal	690	1.18750024197054	1.18750024197053	0.18027183617822	0.18027183617822
score-orthogonal	691	0.509808943609377	0.509808943609377	0.0941429089456057	0.0941429089456055
score-orthogonal	692	0.506405695203701	0.506405695203701	0.0825899878406379	0.082589987840638
score-orthogonal	693	0.965565358789957	0.965565358789958	0.652710259486592	0.652710259486593
score-orthogonal	694	0.989973359459104	0.989973359459104	0.0726926700989457	0.0726926700989456
score-orthogonal	695	1.23010239772257	1.23010239772258	0.845208719221254	0.845208719221255
score-orthogonal	696	1.27847619016708	1.27847619016708	0.188566330714556	0.188566330714556
score-orthogonal	697	1.1383125000051	1.1383125000051	0.799367882310576	0.799367882310576
score-orthogonal	698	1.03585838010511	1.03585838010511	0.787735750831412	0.787735750831411
score-orthogonal	699	1.86729243753437	1.86729243753437	1.3208694407355	1.3208694407355
score-orthogonal	700	1.82804419814302	1.82804419814302	1.41463445620393	1.41463445620393
score-orthogonal	701	1.81316403162218	1.81316403162218	1.27082037194994	1.27082037194993
score-orthogonal	702	1.83873825639714	1.83873825639714	1.38050268390905	1.38050268390905
score-orthogonal	703	0.297350824659635	0.297350824659636	0.0319634999560891	0.0319634999560891
score-orthogonal	704	0.19474801604524	0.19474801604524	0.0271792353074532	0.0271792353074532
score-orthogonal	705	1.06557315095755	1.06557315095756	0.806091878597437	0.806091878597439
score-orthogonal	706	0.893742608793543	0.893742608793543	0.0558289650534829	0.0558289650534829
score-orthogonal	707	0.978881036765779	0.978881036765781	0.792497123915699	0.792497123915701
score-orthogonal	708	0.91288499976492	0.91288499976492	0.0542778680731131	0.0542778680731131
score-orthogonal	709	0.507686589128523	0.507686589128523	0.207275098555287	0.207275098555287
score-orthogonal	710	0.436812288374375	0.436812288374375	0.230156559749564	0.230156559749564
score-orthogonal	711	1.00072297679801	1.00072297679801	0.747468101384675	0.747468101384676
score-orthogonal	712	0.838010138482269	0.83801013848227	0.0214458865007077	0.0214458865007076
score-orthogonal	713	1.26109697396265	1.26109697396265	1.06946166017416	1.06946166017416
score-orthogonal	714	1.14320222090014	1.14320222090014	0.142948842132467	0.142948842132467
score-orthogonal	715	0.435978102448509	0.435978102448509	0.188353592970478	0.188353592970477
score-orthogonal	716	0.455907951971378	0.455907951971378	0.216552689425831	0.216552689425831
score-orthogonal	717	0.917420327639552	0.917420327639554	0.729561984289537	0.729561984289538
score-orthogonal	718	0.872502277666634	0.872502277666635	0.0180845292233515	0.0180845292233514
score-orthogonal	719	1.26126509586216	1.26126509586216	1.06236788061216	1.06236788061216
score-orthogonal	720	1.16452549466121	1.16452549466121	0.140842657746123	0.140842657746123
