i	j	k	x_ras	y_ras	z_ras	native_x_ras	native_y_ras	native_z_ras
2.0	2.0	2.0	-1.2971786856651306	-11.271554738283157	-9.799999713897705	-1.2929983695458844	-11.274325049017396	-9.798953098123652
2.0	2.0	3.0	-1.2971786856651306	-11.271554738283157	-7.999999761581421	-1.2883483597100989	-11.274466622723624	-7.997190416878594
2.0	2.0	4.0	-1.2971786856651306	-11.271554738283157	-6.199999809265137	-1.2829813887989518	-11.276192381352086	-6.196410112697765
2.0	2.0	5.0	-1.2971786856651306	-11.271554738283157	-4.3999998569488525	-1.2774644701928342	-11.279965675309578	-4.396616060778406
2.0	2.0	6.0	-1.2971786856651306	-11.271554738283157	-2.5999999046325684	-1.2729095349621693	-11.285614474655889	-2.5973085277995054
2.0	2.0	7.0	-1.2971786856651306	-11.271554738283157	-0.7999999523162842	-1.2706695311685443	-11.291887702964708	-0.7976415103072377
2.0	2.0	8.0	-1.2971786856651306	-11.271554738283157	1.0	-1.2715892860456652	-11.296691447716169	1.003065983944293
2.0	2.0	9.0	-1.2971786856651306	-11.271554738283157	2.799999952316284	-1.2753673111675987	-11.298290347076955	2.804739383533948
2.0	2.0	10.0	-1.2971786856651306	-11.271554738283157	4.599999904632568	-1.2806982181353026	-11.296434506761566	4.606580669155839
2.0	2.0	11.0	-1.2971786856651306	-11.271554738283157	6.3999998569488525	-1.2860723736496285	-11.292196286190405	6.40772588706167
2.0	2.0	12.0	-1.2971786856651306	-11.271554738283157	8.199999809265137	-1.2904556415189676	-11.286998648394563	8.207737783750002
2.0	2.0	13.0	-1.2971786856651306	-11.271554738283157	9.999999761581421	-1.2934879802737107	-11.281910843724761	10.00665149829064
2.0	2.0	14.0	-1.2971786856651306	-11.271554738283157	11.799999713897705	-1.295317268490569	-11.277497351680987	11.804841280162982
2.0	3.0	2.0	-1.580467015504837	-9.798548370599747	-9.799999713897705	-1.5675223592024419	-9.792331619436716	-9.788898753861089
2.0	3.0	3.0	-1.580467015504837	-9.798548370599747	-7.999999761581421	-1.5569870011419709	-9.78797526029867	-7.984047563993455
2.0	3.0	4.0	-1.580467015504837	-9.798548370599747	-6.199999809265137	-1.5442344383628368	-9.784320525031386	-6.181327945071002
2.0	3.0	5.0	-1.580467015504837	-9.798548370599747	-4.3999998569488525	-1.5306537178690474	-9.782953113683263	-4.381611733761805
2.0	3.0	6.0	-1.580467015504837	-9.798548370599747	-2.5999999046325684	-1.5191427882005617	-9.78537757455563	-2.584809702096471
2.0	3.0	7.0	-1.580467015504837	-9.798548370599747	-0.7999999523162842	-1.5133365509529566	-9.79176420331525	-0.7895089931222805
2.0	3.0	8.0	-1.580467015504837	-9.798548370599747	1.0	-1.5156469027720418	-9.800038298527122	1.0064468739631796
2.0	3.0	9.0	-1.580467015504837	-9.798548370599747	2.799999952316284	-1.5253262400645102	-9.80697719482	2.8044660852220993
2.0	3.0	10.0	-1.580467015504837	-9.798548370599747	4.599999904632568	-1.5388198793945325	-9.81058168428864	4.604349239578364
2.0	3.0	11.0	-1.580467015504837	-9.798548370599747	6.3999998569488525	-1.5522285873626886	-9.810890228267846	6.405019330255146
2.0	3.0	12.0	-1.580467015504837	-9.798548370599747	8.199999809265137	-1.5631131822502893	-9.809012261608007	8.205475676312835
2.0	3.0	13.0	-1.580467015504837	-9.798548370599747	9.999999761581421	-1.5707535225715272	-9.806105097552933	10.005176034061856
2.0	3.0	14.0	-1.580467015504837	-9.798548370599747	11.799999713897705	-1.5755675870603902	-9.802990254291712	11.804089416049255
2.0	4.0	2.0	-1.8637553453445435	-8.325542002916336	-9.799999713897705	-1.8406397275309445	-8.311775686018452	-9.777333859215439
2.0	4.0	3.0	-1.8637553453445435	-8.325542002916336	-7.999999761581421	-1.8220345137165155	-8.302973624856534	-7.967787340562237
2.0	4.0	4.0	-1.8637553453445435	-8.325542002916336	-6.199999809265137	-1.7988725739905895	-8.294096717630419	-6.161864962029464
2.0	4.0	5.0	-1.8637553453445435	-8.325542002916336	-4.3999998569488525	-1.7732599029958496	-8.287771728638376	-4.361575630531822
2.0	4.0	6.0	-1.8637553453445435	-8.325542002916336	-2.5999999046325684	-1.750350305993723	-8.287071386347796	-2.5676509034357604
2.0	4.0	7.0	-1.8637553453445435	-8.325542002916336	-0.7999999523162842	-1.7375189523479306	-8.293456331673912	-0.7783647728448485
2.0	4.0	8.0	-1.8637553453445435	-8.325542002916336	1.0	-1.7403400691943904	-8.304682529191771	1.0104105015334066
2.0	4.0	9.0	-1.8637553453445435	-8.325542002916336	2.799999952316284	-1.7578897041618031	-8.31596773766303	2.8024706800309813
2.0	4.0	10.0	-1.8637553453445435	-8.325542002916336	4.599999904632568	-1.783323165837622	-8.323902838469188	4.598843887004754
2.0	4.0	11.0	-1.8637553453445435	-8.325542002916336	6.3999998569488525	-1.8089083712188023	-8.328055444363805	6.3984640945786
2.0	4.0	12.0	-1.8637553453445435	-8.325542002916336	8.199999809265137	-1.829918000764316	-8.32942768179029	8.199696787834636
2.0	4.0	13.0	-1.8637553453445435	-8.325542002916336	9.999999761581421	-1.8449848311255745	-8.329104919593663	10.001114690476
2.0	4.0	14.0	-1.8637553453445435	-8.325542002916336	11.799999713897705	-1.85488264992951	-8.327905703231337	11.801863576033435
2.0	5.0	2.0	-2.14704367518425	-6.852535635232925	-9.799999713897705	-2.1150986345232363	-6.834788888492027	-9.766957151383748
2.0	5.0	3.0	-2.14704367518425	-6.852535635232925	-7.999999761581421	-2.08777560806723	-6.82310054691951	-7.9518203980944495
2.0	5.0	4.0	-2.14704367518425	-6.852535635232925	-6.199999809265137	-2.0527557363127578	-6.810786429615912	-6.141712802875007
2.0	5.0	5.0	-2.14704367518425	-6.852535635232925	-4.3999998569488525	-2.0121039868927864	-6.800889780333279	-4.339710390981489
2.0	5.0	6.0	-2.14704367518425	-6.852535635232925	-2.5999999046325684	-1.9729189336077204	-6.7974972127555935	-2.547997040624116
2.0	5.0	7.0	-2.14704367518425	-6.852535635232925	-0.7999999523162842	-1.94746671227648	-6.803363611003996	-0.7655357191975417
2.0	5.0	8.0	-2.14704367518425	-6.852535635232925	1.0	-1.947267200173609	-6.81629708621405	1.0137422394594169
2.0	5.0	9.0	-2.14704367518425	-6.852535635232925	2.799999952316284	-1.9732194709296587	-6.830168359587239	2.7973285118716507
2.0	5.0	10.0	-2.14704367518425	-6.852535635232925	4.599999904632568	-2.013949245866493	-6.840534749438707	4.588639772342676
2.0	5.0	11.0	-2.14704367518425	-6.852535635232925	6.3999998569488525	-2.0559144619241727	-6.8469669239666695	6.386887260616015
2.0	5.0	12.0	-2.14704367518425	-6.852535635232925	8.199999809265137	-2.0908786554530483	-6.85057893348811	8.189589812421412
2.0	5.0	13.0	-2.14704367518425	-6.852535635232925	9.999999761581421	-2.116408152059911	-6.852345835014519	9.994010006045645
2.0	5.0	14.0	-2.14704367518425	-6.852535635232925	11.799999713897705	-2.1337072606231393	-6.852928155322664	11.797995496276515
2.0	6.0	2.0	-2.4303320050239563	-5.379529267549515	-9.799999713897705	-2.395228736198215	-5.3643757598453625	-9.763252941041195
2.0	6.0	3.0	-2.4303320050239563	-5.379529267549515	-7.999999761581421	-2.362060146209638	-5.354135308217478	-7.943988291408882
2.0	6.0	4.0	-2.4303320050239563	-5.379529267549515	-6.199999809265137	-2.3183286984317597	-5.343348744190257	-6.130313065191648
2.0	6.0	5.0	-2.4303320050239563	-5.379529267549515	-4.3999998569488525	-2.2645430617636726	-5.333731649915608	-4.325325406524313
2.0	6.0	6.0	-2.4303320050239563	-5.379529267549515	-2.5999999046325684	-2.207582236491397	-5.328835449218397	-2.5332240808002298
2.0	6.0	7.0	-2.4303320050239563	-5.379529267549515	-0.7999999523162842	-2.164045407081229	-5.332789233263142	-0.7558852536165843
2.0	6.0	8.0	-2.4303320050239563	-5.379529267549515	1.0	-2.154221985765621	-5.344638911965279	1.0135062318551136
2.0	6.0	9.0	-2.4303320050239563	-5.379529267549515	2.799999952316284	-2.184409571633325	-5.357646671161629	2.7874623712897773
2.0	6.0	10.0	-2.4303320050239563	-5.379529267549515	4.599999904632568	-2.2394208910228746	-5.367023691561625	4.573268683542323
2.0	6.0	11.0	-2.4303320050239563	-5.379529267549515	6.3999998569488525	-2.298791902226101	-5.3726945225517	6.370699455583937
2.0	6.0	12.0	-2.4303320050239563	-5.379529267549515	8.199999809265137	-2.349399753468881	-5.37601900367576	8.176015919758976
2.0	6.0	13.0	-2.4303320050239563	-5.379529267549515	9.999999761581421	-2.386990995865303	-5.3779498507099275	9.984730802605284
2.0	6.0	14.0	-2.4303320050239563	-5.379529267549515	11.799999713897705	-2.413061669794882	-5.378961177256978	11.793109854176194
2.0	7.0	2.0	-2.7136203348636627	-3.906522899866104	-9.799999713897705	-2.6813856910074114	-3.9018412900499775	-9.770134669330613
2.0	7.0	3.0	-2.7136203348636627	-3.906522899866104	-7.999999761581421	-2.6472637606695035	-3.8995930647554697	-7.950849022310006
2.0	7.0	4.0	-2.7136203348636627	-3.906522899866104	-6.199999809265137	-2.602625507350394	-3.898196493154434	-6.136889166414342
2.0	7.0	5.0	-2.7136203348636627	-3.906522899866104	-4.3999998569488525	-2.5461404066778064	-3.895307148421912	-4.328997351231257
2.0	7.0	6.0	-2.7136203348636627	-3.906522899866104	-2.5999999046325684	-2.480507199321469	-3.8912034741689854	-2.532791148231979
2.0	7.0	7.0	-2.7136203348636627	-3.906522899866104	-0.7999999523162842	-2.4211971848069536	-3.8912103596088286	-0.7556934824898939
2.0	7.0	8.0	-2.7136203348636627	-3.906522899866104	1.0	-2.396168801190049	-3.8973939876862675	1.0072535290764912
2.0	7.0	9.0	-2.7136203348636627	-3.906522899866104	2.799999952316284	-2.419084040539041	-3.9046757465696422	2.7735022846795787
2.0	7.0	10.0	-2.7136203348636627	-3.906522899866104	4.599999904632568	-2.4789416671574394	-3.908421235123765	4.5552057005583135
2.0	7.0	11.0	-2.7136203348636627	-3.906522899866104	6.3999998569488525	-2.5495878250167707	-3.9090355241772223	6.353169148300951
2.0	7.0	12.0	-2.7136203348636627	-3.906522899866104	8.199999809265137	-2.612427037515165	-3.908306430286599	8.162113110938076
2.0	7.0	13.0	-2.7136203348636627	-3.906522899866104	9.999999761581421	-2.660275432084223	-3.9073583133885226	9.97564032984196
2.0	7.0	14.0	-2.7136203348636627	-3.906522899866104	11.799999713897705	-2.694169274722697	-3.9065012528527436	11.788564467751954
2.0	8.0	2.0	-2.996908664703369	-2.4335165321826935	-9.799999713897705	-2.9633177938274606	-2.443922559815727	-9.781824417528684
2.0	8.0	3.0	-2.996908664703369	-2.4335165321826935	-7.999999761581421	-2.9268833292601886	-2.454670650824847	-7.965230483541071
2.0	8.0	4.0	-2.996908664703369	-2.4335165321826935	-6.199999809265137	-2.884868948253572	-2.4687739368835633	-6.154919452185235
2.0	8.0	5.0	-2.996908664703369	-2.4335165321826935	-4.3999998569488525	-2.839679091019377	-2.4775994891207223	-4.346935276891451
2.0	8.0	6.0	-2.996908664703369	-2.4335165321826935	-2.5999999046325684	-2.7879507634916605	-2.4756936387088917	-2.5454485119525923
2.0	8.0	7.0	-2.996908664703369	-2.4335165321826935	-0.7999999523162842	-2.731246283197906	-2.46977737936217	-0.7637066762379148
2.0	8.0	8.0	-2.996908664703369	-2.4335165321826935	1.0	-2.694703904293475	-2.4672788485708077	0.9984852826262153
2.0	8.0	9.0	-2.996908664703369	-2.4335165321826935	2.799999952316284	-2.702558248155446	-2.4660625630359383	2.761161897543898
2.0	8.0	10.0	-2.996908664703369	-2.4335165321826935	4.599999904632568	-2.752666824700898	-2.461472025106741	4.541070623887439
2.0	8.0	11.0	-2.996908664703369	-2.4335165321826935	6.3999998569488525	-2.8216755324104867	-2.4540415270689437	6.340379430568222
2.0	8.0	12.0	-2.996908664703369	-2.4335165321826935	8.199999809265137	-2.8876430543954523	-2.446294604196339	8.152592960056811
2.0	8.0	13.0	-2.996908664703369	-2.4335165321826935	9.999999761581421	-2.9399004326284257	-2.4399137327464713	9.969797180898691
2.0	8.0	14.0	-2.996908664703369	-2.4335165321826935	11.799999713897705	-2.9778693034094768	-2.4351822931827587	11.785889217142014
2.0	9.0	2.0	-3.2801969945430756	-0.9605101644992828	-9.799999713897705	-3.2255853747498198	-0.9851251578393718	-9.782133246713515
2.0	9.0	3.0	-3.2801969945430756	-0.9605101644992828	-7.999999761581421	-3.172788005112673	-1.0089404893301104	-7.964080766492085
2.0	9.0	4.0	-3.2801969945430756	-0.9605101644992828	-6.199999809265137	-3.122309850116998	-1.0375543660729865	-6.158213643253149
2.0	9.0	5.0	-3.2801969945430756	-0.9605101644992828	-4.3999998569488525	-3.0919177276564356	-1.0562919964429116	-4.355828860838491
2.0	9.0	6.0	-3.2801969945430756	-0.9605101644992828	-2.5999999046325684	-3.078436478043925	-1.0547688937944333	-2.5547536700689566
2.0	9.0	7.0	-3.2801969945430756	-0.9605101644992828	-0.7999999523162842	-3.0586724437330783	-1.041720820829264	-0.7694886577435441
2.0	9.0	8.0	-3.2801969945430756	-0.9605101644992828	1.0	-3.033768295952822	-1.0311468016622753	0.9952462052261596
2.0	9.0	9.0	-3.2801969945430756	-0.9605101644992828	2.799999952316284	-3.031571432052228	-1.0234341435062124	2.758079481557602
2.0	9.0	10.0	-3.2801969945430756	-0.9605101644992828	4.599999904632568	-3.0643494387166608	-1.0128875315587524	4.537804616008366
2.0	9.0	11.0	-3.2801969945430756	-0.9605101644992828	6.3999998569488525	-3.11982083716865	-0.9989449884191846	6.337716881838398
2.0	9.0	12.0	-3.2801969945430756	-0.9605101644992828	8.199999809265137	-3.178435400484654	-0.9846768504436354	8.151048953443079
2.0	9.0	13.0	-3.2801969945430756	-0.9605101644992828	9.999999761581421	-3.2274709290178474	-0.97277137456069	9.969243158727437
2.0	9.0	14.0	-3.2801969945430756	-0.9605101644992828	11.799999713897705	-3.2642584950967852	-0.9638581002631653	11.785971579649086
2.0	10.0	2.0	-3.563485324382782	0.5124962031841278	-9.799999713897705	-3.4669066325145463	0.4734239832154819	-9.76023702259089
2.0	10.0	3.0	-3.563485324382782	0.5124962031841278	-7.999999761581421	-3.381539785522214	0.43729130067338984	-7.932311338773339
2.0	10.0	4.0	-3.563485324382782	0.5124962031841278	-6.199999809265137	-3.305961590656636	0.39887467323938985	-6.129520950122429
2.0	10.0	5.0	-3.563485324382782	0.5124962031841278	-4.3999998569488525	-3.2802456923627425	0.37800927503631676	-4.3401114132609395
2.0	10.0	6.0	-3.563485324382782	0.5124962031841278	-2.5999999046325684	-3.3102641635028554	0.38560205917203205	-2.550396632357968
2.0	10.0	7.0	-3.563485324382782	0.5124962031841278	-0.7999999523162842	-3.3523264347769004	0.40882872851094326	-0.7681164136618619
2.0	10.0	8.0	-3.563485324382782	0.5124962031841278	1.0	-3.3706285105300346	0.42732619329875626	0.9996446831656199
2.0	10.0	9.0	-3.563485324382782	0.5124962031841278	2.799999952316284	-3.377500236352506	0.4380994018144425	2.7657100812978
2.0	10.0	10.0	-3.563485324382782	0.5124962031841278	4.599999904632568	-3.3982159497409676	0.4496064002884769	4.546512208432442
2.0	10.0	11.0	-3.563485324382782	0.5124962031841278	6.3999998569488525	-3.4367818779106276	0.46527375279685057	6.345798956341955
2.0	10.0	12.0	-3.563485324382782	0.5124962031841278	8.199999809265137	-3.4817534750646764	0.4823601089240797	8.157597820765714
2.0	10.0	13.0	-3.563485324382782	0.5124962031841278	9.999999761581421	-3.52169485168027	0.4972641753765089	9.973846656933805
2.0	10.0	14.0	-3.563485324382782	0.5124962031841278	11.799999713897705	-3.552782027840953	0.5087410062957071	11.78865884039316
2.0	11.0	2.0	-3.8467736542224884	1.9855025708675385	-9.799999713897705	-3.711303910072811	1.9240419662147366	-9.728426615438032
2.0	11.0	3.0	-3.8467736542224884	1.9855025708675385	-7.999999761581421	-3.5953348064135855	1.870957178982163	-7.886947686075262
2.0	11.0	4.0	-3.8467736542224884	1.9855025708675385	-6.199999809265137	-3.494832744332752	1.822819398556294	-6.086183663841401
2.0	11.0	5.0	-3.8467736542224884	1.9855025708675385	-4.3999998569488525	-3.469321802129417	1.8073860804973316	-4.314363121457554
2.0	11.0	6.0	-3.8467736542224884	1.9855025708675385	-2.5999999046325684	-3.5196151505433217	1.8266043487178676	-2.542511603745981
2.0	11.0	7.0	-3.8467736542224884	1.9855025708675385	-0.7999999523162842	-3.614816183876589	1.8682803707915285	-0.7681600077012152
2.0	11.0	8.0	-3.8467736542224884	1.9855025708675385	1.0	-3.6842624498472474	1.9007914551536833	1.0041491280713015
2.0	11.0	9.0	-3.8467736542224884	1.9855025708675385	2.799999952316284	-3.715787871974009	1.917100581444327	2.7778921412088167
2.0	11.0	10.0	-3.8467736542224884	1.9855025708675385	4.599999904632568	-3.735494817595151	1.9281340720504296	4.562403416797132
2.0	11.0	11.0	-3.8467736542224884	1.9855025708675385	6.3999998569488525	-3.760923036610724	1.9417607163550203	6.360926478845804
2.0	11.0	12.0	-3.8467736542224884	1.9855025708675385	8.199999809265137	-3.791329407764781	1.957464548624451	8.169510491074677
2.0	11.0	13.0	-3.8467736542224884	1.9855025708675385	9.999999761581421	-3.8197018570615295	1.9718563054276614	9.981861112442612
2.0	11.0	14.0	-3.8467736542224884	1.9855025708675385	11.799999713897705	-3.8426955109341026	1.983360169824724	11.79311598011627
2.0	12.0	2.0	-4.130061984062195	3.458508938550949	-9.799999713897705	-3.988390494707637	3.3707738268267367	-9.71432278452933
2.0	12.0	3.0	-4.130061984062195	3.458508938550949	-7.999999761581421	-3.8641211068645167	3.296423889128515	-7.863679556278227
2.0	12.0	4.0	-4.130061984062195	3.458508938550949	-6.199999809265137	-3.759360262712622	3.236472573680293	-6.063574003665493
2.0	12.0	5.0	-4.130061984062195	3.458508938550949	-4.3999998569488525	-3.74362926009738	3.2309435950941903	-4.306087548079818
2.0	12.0	6.0	-4.130061984062195	3.458508938550949	-2.5999999046325684	-3.7806158010002795	3.255209359822384	-2.5441100066590603
2.0	12.0	7.0	-4.130061984062195	3.458508938550949	-0.7999999523162842	-3.8969752660485764	3.3218912370096363	-0.7746621053582827
2.0	12.0	8.0	-4.130061984062195	3.458508938550949	1.0	-3.994839548495802	3.376654037047751	1.0056426205172424
2.0	12.0	9.0	-4.130061984062195	3.458508938550949	2.799999952316284	-4.04567189919449	3.404845041204185	2.79057940198305
2.0	12.0	10.0	-4.130061984062195	3.458508938550949	4.599999904632568	-4.067938005631122	3.4177106201564285	4.580818406784392
2.0	12.0	11.0	-4.130061984062195	3.458508938550949	6.3999998569488525	-4.08419590738582	3.428101196751637	6.378811060040981
2.0	12.0	12.0	-4.130061984062195	3.458508938550949	8.199999809265137	-4.101775807668409	3.439610552357509	8.183517082275655
2.0	12.0	13.0	-4.130061984062195	3.458508938550949	9.999999761581421	-4.1187850492616676	3.4506293146536366	9.991233488354764
2.0	12.0	14.0	-4.130061984062195	3.458508938550949	11.799999713897705	-4.133375813147211	3.459917618945479	11.798398135607943
3.0	2.0	2.0	-0.11877363920211792	-11.044924065470695	-9.799999713897705	-0.11493622103998308	-11.05075674265035	-9.799949288922349
3.0	2.0	3.0	-0.11877363920211792	-11.044924065470695	-7.999999761581421	-0.1106359800779194	-11.055028229239294	-8.000260231869834
3.0	2.0	4.0	-0.11877363920211792	-11.044924065470695	-6.199999809265137	-0.10579310767661754	-11.062899555143495	-6.201347803827331
3.0	2.0	5.0	-0.11877363920211792	-11.044924065470695	-4.3999998569488525	-0.10100640748517474	-11.075071118710996	-4.402590884138535
3.0	2.0	6.0	-0.11877363920211792	-11.044924065470695	-2.5999999046325684	-0.0973949601467415	-11.090626948693735	-2.60261272894281
3.0	2.0	7.0	-0.11877363920211792	-11.044924065470695	-0.7999999523162842	-0.09624362642689609	-11.10621302717572	-0.7999068717732494
3.0	2.0	8.0	-0.11877363920211792	-11.044924065470695	1.0	-0.09819032493407603	-11.11676759757566	1.0059445953531148
3.0	2.0	9.0	-0.11877363920211792	-11.044924065470695	2.799999952316284	-0.10254617384575869	-11.118419440050214	2.8133487941495976
3.0	2.0	10.0	-0.11877363920211792	-11.044924065470695	4.599999904632568	-0.10772027780528017	-11.111135543576204	4.619531005328764
3.0	2.0	11.0	-0.11877363920211792	-11.044924065470695	6.3999998569488525	-0.1123524412388316	-11.098198414205966	6.422435256001893
3.0	2.0	12.0	-0.11877363920211792	-11.044924065470695	8.199999809265137	-0.11577921409484009	-11.083652905868941	8.221656667547938
3.0	2.0	13.0	-0.11877363920211792	-11.044924065470695	9.999999761581421	-0.11798262162206984	-11.070341991803211	10.018032684745158
3.0	2.0	14.0	-0.11877363920211792	-11.044924065470695	11.799999713897705	-0.11928829644745247	-11.05950901558731	11.812913619544265
3.0	3.0	2.0	-0.40206196904182434	-9.571917697787285	-9.799999713897705	-0.3900046276892461	-9.568534941967407	-9.78836446705006
3.0	3.0	3.0	-0.40206196904182434	-9.571917697787285	-7.999999761581421	-0.38049877684294126	-9.568544674593866	-7.985842040738506
3.0	3.0	4.0	-0.40206196904182434	-9.571917697787285	-6.199999809265137	-0.36909205156964286	-9.571616831541679	-6.1853415847684925
3.0	3.0	5.0	-0.40206196904182434	-9.571917697787285	-4.3999998569488525	-0.3570474976051762	-9.579801887901795	-4.387009211064935
3.0	3.0	6.0	-0.40206196904182434	-9.571917697787285	-2.5999999046325684	-0.3470740341780753	-9.593978716432604	-2.5896132196567683
3.0	3.0	7.0	-0.40206196904182434	-9.571917697787285	-0.7999999523162842	-0.3427400938961706	-9.611901184642777	-0.790732443809894
3.0	3.0	8.0	-0.40206196904182434	-9.571917697787285	1.0	-0.3463655764949659	-9.627679658168844	1.0116773037870148
3.0	3.0	9.0	-0.40206196904182434	-9.571917697787285	2.799999952316284	-0.35676445776700333	-9.635094098277246	2.8171015568952162
3.0	3.0	10.0	-0.40206196904182434	-9.571917697787285	4.599999904632568	-0.3698583865952561	-9.63232258448319	4.6225749517653645
3.0	3.0	11.0	-0.40206196904182434	-9.571917697787285	6.3999998569488525	-0.3818223907927112	-9.622304104195814	6.4253774140063085
3.0	3.0	12.0	-0.40206196904182434	-9.571917697787285	8.199999809265137	-0.3908474214881194	-9.609453883329195	8.22460957613969
3.0	3.0	13.0	-0.40206196904182434	-9.571917697787285	9.999999761581421	-0.3968282578283928	-9.597047089723011	10.020843757989002
3.0	3.0	14.0	-0.40206196904182434	-9.571917697787285	11.799999713897705	-0.40050531376697274	-9.58663667159238	11.815308790981316
3.0	4.0	2.0	-0.6853502988815308	-8.098911330103874	-9.799999713897705	-0.662628007051647	-8.0867575515755	-9.772801730695576
3.0	4.0	3.0	-0.6853502988815308	-8.098911330103874	-7.999999761581421	-0.6454546246048499	-8.081997567490067	-7.965293488904638
3.0	4.0	4.0	-0.6853502988815308	-8.098911330103874	-6.199999809265137	-0.6239765222285673	-8.079725363255207	-6.1615501447323435
3.0	4.0	5.0	-0.6853502988815308	-8.098911330103874	-4.3999998569488525	-0.6000777476089575	-8.083374104743802	-4.362965742585973
3.0	4.0	6.0	-0.6853502988815308	-8.098911330103874	-2.5999999046325684	-0.5786340659893621	-8.095725645487665	-2.5689416285285676
3.0	4.0	7.0	-0.6853502988815308	-8.098911330103874	-0.7999999523162842	-0.5671922350702134	-8.115571928953011	-0.7763322047185404
3.0	4.0	8.0	-0.6853502988815308	-8.098911330103874	1.0	-0.5718239561191529	-8.135831817739374	1.019252141083735
3.0	4.0	9.0	-0.6853502988815308	-8.098911330103874	2.799999952316284	-0.5912956204030764	-8.147762847996926	2.819512703955465
3.0	4.0	10.0	-0.6853502988815308	-8.098911330103874	4.599999904632568	-0.6172877653557343	-8.148357423455954	4.621998650777179
3.0	4.0	11.0	-0.6853502988815308	-8.098911330103874	6.3999998569488525	-0.6415229587678711	-8.140952763796255	6.42361293565611
3.0	4.0	12.0	-0.6853502988815308	-8.098911330103874	8.199999809265137	-0.660077227691296	-8.13047424539598	8.222953314125363
3.0	4.0	13.0	-0.6853502988815308	-8.098911330103874	9.999999761581421	-0.6726846697243101	-8.120235854491991	10.020003719099194
3.0	4.0	14.0	-0.6853502988815308	-8.098911330103874	11.799999713897705	-0.6807341802144415	-8.1116429610374	11.81538172261553
3.0	5.0	2.0	-0.9686386287212372	-6.625904962420464	-9.799999713897705	-0.9349513573041198	-6.607774007466696	-9.755633387838476
3.0	5.0	3.0	-0.9686386287212372	-6.625904962420464	-7.999999761581421	-0.9086323438515345	-6.599189613754418	-7.9413314716372705
3.0	5.0	4.0	-0.9686386287212372	-6.625904962420464	-6.199999809265137	-0.8741996509621814	-6.592521394451994	-6.1324528111587
3.0	5.0	5.0	-0.9686386287212372	-6.625904962420464	-4.3999998569488525	-0.8333179255282548	-6.592037980082787	-4.331865660391538
3.0	5.0	6.0	-0.9686386287212372	-6.625904962420464	-2.5999999046325684	-0.7933486880318815	-6.602025129512251	-2.540906563973351
3.0	5.0	7.0	-0.9686386287212372	-6.625904962420464	-0.7999999523162842	-0.7679737948920743	-6.622625600663175	-0.7569139632582776
3.0	5.0	8.0	-0.9686386287212372	-6.625904962420464	1.0	-0.7704512462534734	-6.645584645975571	1.0273303670311713
3.0	5.0	9.0	-0.9686386287212372	-6.625904962420464	2.799999952316284	-0.8012636569466555	-6.659935141447312	2.8177937923648297
3.0	5.0	10.0	-0.9686386287212372	-6.625904962420464	4.599999904632568	-0.8459354922645316	-6.662186250020138	4.614209535722006
3.0	5.0	11.0	-0.9686386287212372	-6.625904962420464	6.3999998569488525	-0.8886962885368201	-6.656624133068046	6.413614834743319
3.0	5.0	12.0	-0.9686386287212372	-6.625904962420464	8.199999809265137	-0.9218504115858032	-6.648632278476321	8.213799420717486
3.0	5.0	13.0	-0.9686386287212372	-6.625904962420464	9.999999761581421	-0.944725709039077	-6.641181286220398	10.013478515697486
3.0	5.0	14.0	-0.9686386287212372	-6.625904962420464	11.799999713897705	-0.9597309453984341	-6.635168768499291	11.81190619899218
3.0	6.0	2.0	-1.2519269585609436	-5.152898594737053	-9.799999713897705	-1.211735092181607	-5.135413889192942	-9.744289510903
3.0	6.0	3.0	-1.2519269585609436	-5.152898594737053	-7.999999761581421	-1.1780417439265323	-5.127022331354696	-7.924043648610283
3.0	6.0	4.0	-1.2519269585609436	-5.152898594737053	-6.199999809265137	-1.1318334133147363	-5.120366419334175	-6.109666838299621
3.0	6.0	5.0	-1.2519269585609436	-5.152898594737053	-4.3999998569488525	-1.0730333306612942	-5.118912793322001	-4.304731819150653
3.0	6.0	6.0	-1.2519269585609436	-5.152898594737053	-2.5999999046325684	-1.010139073007	-5.127292187850232	-2.514081558257711
3.0	6.0	7.0	-1.2519269585609436	-5.152898594737053	-0.7999999523162842	-0.9635034675677386	-5.1465072648339865	-0.7384524437239434
3.0	6.0	8.0	-1.2519269585609436	-5.152898594737053	1.0	-0.9571654946191448	-5.168444653096056	1.0313032635674384
3.0	6.0	9.0	-1.2519269585609436	-5.152898594737053	2.799999952316284	-0.9965566846292124	-5.181320596358205	2.8079419066981033
3.0	6.0	10.0	-1.2519269585609436	-5.152898594737053	4.599999904632568	-1.0615996731378776	-5.181966717962686	4.5960952056515545
3.0	6.0	11.0	-1.2519269585609436	-5.152898594737053	6.3999998569488525	-1.1265008152640252	-5.175959747651028	6.393431578466734
3.0	6.0	12.0	-1.2519269585609436	-5.152898594737053	8.199999809265137	-1.177921911018237	-5.168846714182951	8.196217400426937
3.0	6.0	13.0	-1.2519269585609436	-5.152898594737053	9.999999761581421	-1.2139212389977414	-5.163034339005117	10.000945093262931
3.0	6.0	14.0	-1.2519269585609436	-5.152898594737053	11.799999713897705	-1.237958156493201	-5.1587949815731	11.804799345074365
3.0	7.0	2.0	-1.53521528840065	-3.6798922270536423	-9.799999713897705	-1.4959193326997706	-3.672215571818561	-9.747775059788871
3.0	7.0	3.0	-1.53521528840065	-3.6798922270536423	-7.999999761581421	-1.4598049020504973	-3.6708983776462927	-7.926818398354901
3.0	7.0	4.0	-1.53521528840065	-3.6798922270536423	-6.199999809265137	-1.408953061687578	-3.672233306897639	-6.110333288487464
3.0	7.0	5.0	-1.53521528840065	-3.6798922270536423	-4.3999998569488525	-1.3409180024582135	-3.6762136101203278	-4.299930674100594
3.0	7.0	6.0	-1.53521528840065	-3.6798922270536423	-2.5999999046325684	-1.261575245293558	-3.684933897404609	-2.504234652157663
3.0	7.0	7.0	-1.53521528840065	-3.6798922270536423	-0.7999999523162842	-1.1960584452815037	-3.700396213463349	-0.7322382617490497
3.0	7.0	8.0	-1.53521528840065	-3.6798922270536423	1.0	-1.1785532814820168	-3.7161964562815926	1.024976081090914
3.0	7.0	9.0	-1.53521528840065	-3.6798922270536423	2.799999952316284	-1.210176332136075	-3.723212064040195	2.788419421044233
3.0	7.0	10.0	-1.53521528840065	-3.6798922270536423	4.599999904632568	-1.285516651477016	-3.717755988947832	4.5689806786670895
3.0	7.0	11.0	-1.53521528840065	-3.6798922270536423	6.3999998569488525	-1.3674362850842487	-3.706909055449146	6.366006081800151
3.0	7.0	12.0	-1.53521528840065	-3.6798922270536423	8.199999809265137	-1.4350260586728503	-3.696708606957081	8.173500678961194
3.0	7.0	13.0	-1.53521528840065	-3.6798922270536423	9.999999761581421	-1.4835786486401144	-3.689227899423291	9.985081508749257
3.0	7.0	14.0	-1.53521528840065	-3.6798922270536423	11.799999713897705	-1.5166378040741908	-3.684190983516054	11.795733192361016
3.0	8.0	2.0	-1.8185036182403564	-2.2068858593702316	-9.799999713897705	-1.7814080126257137	-2.2155805386626937	-9.76603279323845
3.0	8.0	3.0	-1.8185036182403564	-2.2068858593702316	-7.999999761581421	-1.7448634881036356	-2.227093837356067	-7.950873976455872
3.0	8.0	4.0	-1.8185036182403564	-2.2068858593702316	-6.199999809265137	-1.6963779264051815	-2.2428308122286635	-6.1382389121009275
3.0	8.0	5.0	-1.8185036182403564	-2.2068858593702316	-4.3999998569488525	-1.6348772261589775	-2.2568404003681217	-4.324045128679345
3.0	8.0	6.0	-1.8185036182403564	-2.2068858593702316	-2.5999999046325684	-1.5605198275696215	-2.2671547502941056	-2.51889388455077
3.0	8.0	7.0	-1.8185036182403564	-2.2068858593702316	-0.7999999523162842	-1.4886892680319586	-2.277914038902853	-0.7420103755863421
3.0	8.0	8.0	-1.8185036182403564	-2.2068858593702316	1.0	-1.457533920945346	-2.285817926781287	1.0104022935645303
3.0	8.0	9.0	-1.8185036182403564	-2.2068858593702316	2.799999952316284	-1.476567509474247	-2.2847013935318374	2.765663503856173
3.0	8.0	10.0	-1.8185036182403564	-2.2068858593702316	4.599999904632568	-1.5446460228848862	-2.2705987559718133	4.541889456523064
3.0	8.0	11.0	-1.8185036182403564	-2.2068858593702316	6.3999998569488525	-1.6288825831657048	-2.251096351646891	6.3404873245966415
3.0	8.0	12.0	-1.8185036182403564	-2.2068858593702316	8.199999809265137	-1.7030594616389634	-2.233606022111667	8.153226365801613
3.0	8.0	13.0	-1.8185036182403564	-2.2068858593702316	9.999999761581421	-1.7585580958697722	-2.220713629986645	9.971175856586573
3.0	8.0	14.0	-1.8185036182403564	-2.2068858593702316	11.799999713897705	-1.7973364903548508	-2.2119342495743854	11.787703740660747
3.0	9.0	2.0	-2.101791948080063	-0.733879491686821	-9.799999713897705	-2.055199165950078	-0.7584688254561058	-9.782570913594375
3.0	9.0	3.0	-2.101791948080063	-0.733879491686821	-7.999999761581421	-2.01027447682252	-0.7826193730403539	-7.972694692349433
3.0	9.0	4.0	-2.101791948080063	-0.733879491686821	-6.199999809265137	-1.9601888343343377	-0.8112301850079331	-6.166905340745717
3.0	9.0	5.0	-2.101791948080063	-0.733879491686821	-4.3999998569488525	-1.915133766348253	-0.8326435473922926	-4.354385702748569
3.0	9.0	6.0	-2.101791948080063	-0.733879491686821	-2.5999999046325684	-1.8727925625986157	-0.8418232332245921	-2.542551258681772
3.0	9.0	7.0	-2.101791948080063	-0.733879491686821	-0.7999999523162842	-1.825033053234054	-0.8472391406246375	-0.7575283599676206
3.0	9.0	8.0	-2.101791948080063	-0.733879491686821	1.0	-1.7908839191925494	-0.8512908093549839	0.9974930823345092
3.0	9.0	9.0	-2.101791948080063	-0.733879491686821	2.799999952316284	-1.7979336414003981	-0.845238278162271	2.751082066120512
3.0	9.0	10.0	-2.101791948080063	-0.733879491686821	4.599999904632568	-1.8485791309207902	-0.8253552209340229	4.526775637337083
3.0	9.0	11.0	-2.101791948080063	-0.733879491686821	6.3999998569488525	-1.9196871448424944	-0.7988117932655222	6.327025559117981
3.0	9.0	12.0	-2.101791948080063	-0.733879491686821	8.199999809265137	-1.988074007010068	-0.7738383561213464	8.142863883380905
3.0	9.0	13.0	-2.101791948080063	-0.733879491686821	9.999999761581421	-2.0421467140717566	-0.7545269228189267	9.964074139158962
3.0	9.0	14.0	-2.101791948080063	-0.733879491686821	11.799999713897705	-2.081221072852373	-0.7408954335396243	11.783415400984916
3.0	10.0	2.0	-2.3850802779197693	0.7391268759965897	-9.799999713897705	-2.314092016230491	0.7011811145647644	-9.778370142814447
3.0	10.0	3.0	-2.3850802779197693	0.7391268759965897	-7.999999761581421	-2.249227950417037	0.6674311017607422	-7.9645880084260465
3.0	10.0	4.0	-2.3850802779197693	0.7391268759965897	-6.199999809265137	-2.185558952179921	0.6327754202815293	-6.163348390816908
3.0	10.0	5.0	-2.3850802779197693	0.7391268759965897	-4.3999998569488525	-2.1519130906400634	0.612850135465884	-4.360144745688841
3.0	10.0	6.0	-2.3850802779197693	0.7391268759965897	-2.5999999046325684	-2.152677791875002	0.6118854723423504	-2.552970683090507
3.0	10.0	7.0	-2.3850802779197693	0.7391268759965897	-0.7999999523162842	-2.1564543373443907	0.6151153871505586	-0.765303052896344
3.0	10.0	8.0	-2.3850802779197693	0.7391268759965897	1.0	-2.1489722331240633	0.6137069835666433	0.994884007024735
3.0	10.0	9.0	-2.3850802779197693	0.7391268759965897	2.799999952316284	-2.1523920310044184	0.6177090442107335	2.7517835140998157
3.0	10.0	10.0	-2.3850802779197693	0.7391268759965897	4.599999904632568	-2.183171453950703	0.635363188539408	4.528774566762242
3.0	10.0	11.0	-2.3850802779197693	0.7391268759965897	6.3999998569488525	-2.234049804049825	0.662657294593388	6.32924703060313
3.0	10.0	12.0	-2.3850802779197693	0.7391268759965897	8.199999809265137	-2.28832738854821	0.690838350845887	8.144733652644916
3.0	10.0	13.0	-2.3850802779197693	0.7391268759965897	9.999999761581421	-2.334047757099045	0.7139786548495188	9.96519937119665
3.0	10.0	14.0	-2.3850802779197693	0.7391268759965897	11.799999713897705	-2.368366164106232	0.7309529596759496	11.783732824076882
3.0	11.0	2.0	-2.6683686077594757	2.2121332436800003	-9.799999713897705	-2.57409007610976	2.156412526407694	-9.755541928228839
3.0	11.0	3.0	-2.6683686077594757	2.2121332436800003	-7.999999761581421	-2.4899649553915264	2.110536287813772	-7.929788385674662
3.0	11.0	4.0	-2.6683686077594757	2.2121332436800003	-6.199999809265137	-2.410478368607904	2.0709018388641294	-6.129686039913071
3.0	11.0	5.0	-2.6683686077594757	2.2121332436800003	-4.3999998569488525	-2.3789403276952807	2.05825939575824	-4.341299633964669
3.0	11.0	6.0	-2.6683686077594757	2.2121332436800003	-2.5999999046325684	-2.4090133055901535	2.073737955175312	-2.550284001608982
3.0	11.0	7.0	-2.6683686077594757	2.2121332436800003	-0.7999999523162842	-2.461487711085285	2.09427633249222	-0.7674068871681123
3.0	11.0	8.0	-2.6683686077594757	2.2121332436800003	1.0	-2.493129392533883	2.101978520468721	0.9988989527215182
3.0	11.0	9.0	-2.6683686077594757	2.2121332436800003	2.799999952316284	-2.5070468022915535	2.104726579153598	2.763326016779274
3.0	11.0	10.0	-2.6683686077594757	2.2121332436800003	4.599999904632568	-2.5266927474670102	2.1166363234015755	4.543679016774217
3.0	11.0	11.0	-2.6683686077594757	2.2121332436800003	6.3999998569488525	-2.5593381043562817	2.139184706172222	6.343432200115978
3.0	11.0	12.0	-2.6683686077594757	2.2121332436800003	8.199999809265137	-2.5973689089490573	2.165169095785448	8.155914554664143
3.0	11.0	13.0	-2.6683686077594757	2.2121332436800003	9.999999761581421	-2.6314343248843777	2.187874966781855	9.972656815648461
3.0	11.0	14.0	-2.6683686077594757	2.2121332436800003	11.799999713897705	-2.6580418739784877	2.2051933634732945	11.787762244101252
3.0	12.0	2.0	-2.951656937599182	3.685139611363411	-9.799999713897705	-2.854739794112567	3.6066944486457686	-9.738233888566748
3.0	12.0	3.0	-2.951656937599182	3.685139611363411	-7.999999761581421	-2.7667686499223896	3.542937384775566	-7.901540444007138
3.0	12.0	4.0	-2.951656937599182	3.685139611363411	-6.199999809265137	-2.6837290552510407	3.4921311031564737	-6.100306264671759
3.0	12.0	5.0	-2.951656937599182	3.685139611363411	-4.3999998569488525	-2.6525978052243313	3.483117652136317	-4.324327334575659
3.0	12.0	6.0	-2.951656937599182	3.685139611363411	-2.5999999046325684	-2.6914791697414673	3.517058338934594	-2.5499591211661197
3.0	12.0	7.0	-2.951656937599182	3.685139611363411	-0.7999999523162842	-2.7663799011434658	3.5639579973665287	-0.7725078964593827
3.0	12.0	8.0	-2.951656937599182	3.685139611363411	1.0	-2.8235153866253175	3.5928344884863495	1.0024784840818117
3.0	12.0	9.0	-2.951656937599182	3.685139611363411	2.799999952316284	-2.8502547158055247	3.603534129438238	2.7784474822753147
3.0	12.0	10.0	-2.951656937599182	3.685139611363411	4.599999904632568	-2.8660101129908306	3.612752325407004	4.564371071866166
3.0	12.0	11.0	-2.951656937599182	3.685139611363411	6.3999998569488525	-2.8854177704282717	3.6287862686280805	6.363326330738012
3.0	12.0	12.0	-2.951656937599182	3.685139611363411	8.199999809265137	-2.9088528910153406	3.6488088718168097	8.171599769869783
3.0	12.0	13.0	-2.951656937599182	3.685139611363411	9.999999761581421	-2.9310624365515467	3.6673676986924146	9.983299513629063
3.0	12.0	14.0	-2.951656937599182	3.685139611363411	11.799999713897705	-2.9492479708411645	3.682158658340016	11.793877071391842
4.0	2.0	2.0	1.0596314072608948	-10.818293392658234	-9.799999713897705	1.0633778312052657	-10.827160915518183	-9.801199099021506
4.0	2.0	3.0	1.0596314072608948	-10.818293392658234	-7.999999761581421	1.068362130632054	-10.837137039359	-8.005142540457488
4.0	2.0	4.0	1.0596314072608948	-10.818293392658234	-6.199999809265137	1.0744100457502803	-10.85284662319891	-6.20920603448688
4.0	2.0	5.0	1.0596314072608948	-10.818293392658234	-4.3999998569488525	1.081082461575869	-10.875085032834066	-4.4119254200875435
4.0	2.0	6.0	1.0596314072608948	-10.818293392658234	-2.5999999046325684	1.0871268207636469	-10.901891582360335	-2.610883207076663
4.0	2.0	7.0	1.0596314072608948	-10.818293392658234	-0.7999999523162842	1.090663120359549	-10.927437206193614	-0.8039310130141941
4.0	2.0	8.0	1.0596314072608948	-10.818293392658234	1.0	1.0901399410666754	-10.943379030411451	1.0087563899949838
4.0	2.0	9.0	1.0596314072608948	-10.818293392658234	2.799999952316284	1.0856903024408175	-10.943688192492601	2.823399792304306
4.0	2.0	10.0	1.0596314072608948	-10.818293392658234	4.599999904632568	1.0791307360217752	-10.92906906492107	4.634665721483705
4.0	2.0	11.0	1.0596314072608948	-10.818293392658234	6.3999998569488525	1.0724555891156886	-10.905627574304845	6.439217499067884
4.0	2.0	12.0	1.0596314072608948	-10.818293392658234	8.199999809265137	1.066893127380199	-10.8803148066453	8.236944688581879
4.0	2.0	13.0	1.0596314072608948	-10.818293392658234	9.999999761581421	1.0627553186061005	-10.857736373207812	10.029854405496883
4.0	2.0	14.0	1.0596314072608948	-10.818293392658234	11.799999713897705	1.0597900772007662	-10.839647956989413	11.820622970230916
4.0	3.0	2.0	0.7763430774211884	-9.345287024974823	-9.799999713897705	0.7867628529155478	-9.34662275720375	-9.79029168075665
4.0	3.0	3.0	0.7763430774211884	-9.345287024974823	-7.999999761581421	0.7960949705135569	-9.353478465044834	-7.992427392571574
4.0	3.0	4.0	0.7763430774211884	-9.345287024974823	-6.199999809265137	0.8079277754321648	-9.36619418833078	-6.195774033718275
4.0	3.0	5.0	0.7763430774211884	-9.345287024974823	-4.3999998569488525	0.8215203784820635	-9.387135257487667	-4.399345124256252
4.0	3.0	6.0	0.7763430774211884	-9.345287024974823	-2.5999999046325684	0.8343527161022104	-9.416093938936159	-2.6003587873038687
4.0	3.0	7.0	0.7763430774211884	-9.345287024974823	-0.7999999523162842	0.8421538179231554	-9.44760014603745	-0.7952555959595853
4.0	3.0	8.0	0.7763430774211884	-9.345287024974823	1.0	0.8410413482185963	-9.471031710634135	1.0173108884077793
4.0	3.0	9.0	0.7763430774211884	-9.345287024974823	2.799999952316284	0.8310814599641461	-9.476884046417204	2.8335642664107876
4.0	3.0	10.0	0.7763430774211884	-9.345287024974823	4.599999904632568	0.8166933123155723	-9.464296556520537	4.646556244288069
4.0	3.0	11.0	0.7763430774211884	-9.345287024974823	6.3999998569488525	0.8027090130681267	-9.4402891381303	6.451638909778469
4.0	3.0	12.0	0.7763430774211884	-9.345287024974823	8.199999809265137	0.791650322442719	-9.413369732605409	8.248497232103281
4.0	3.0	13.0	0.7763430774211884	-9.345287024974823	9.999999761581421	0.7838684501455409	-9.389142510870215	10.039528730676006
4.0	3.0	14.0	0.7763430774211884	-9.345287024974823	11.799999713897705	0.7786278762090155	-9.369755093002611	11.827878726428501
4.0	4.0	2.0	0.49305474758148193	-7.872280657291412	-9.799999713897705	0.5125930210815612	-7.865342435531067	-9.77322807303741
4.0	4.0	3.0	0.49305474758148193	-7.872280657291412	-7.999999761581421	0.5284863213181624	-7.867819979043053	-7.970962610975109
4.0	4.0	4.0	0.49305474758148193	-7.872280657291412	-6.199999809265137	0.5494742140361066	-7.876061488331794	-6.171580825461139
4.0	4.0	5.0	0.49305474758148193	-7.872280657291412	-4.3999998569488525	0.5747137864861003	-7.894170483104802	-4.375214885498629
4.0	4.0	6.0	0.49305474758148193	-7.872280657291412	-2.5999999046325684	0.5998354240452668	-7.923969749669313	-2.579365762157042
4.0	4.0	7.0	0.49305474758148193	-7.872280657291412	-0.7999999523162842	0.6162421016582234	-7.960450355498276	-0.7791137107149795
4.0	4.0	8.0	0.49305474758148193	-7.872280657291412	1.0	0.6151335305132591	-7.9902859808817945	1.0294292002548557
4.0	4.0	9.0	0.49305474758148193	-7.872280657291412	2.799999952316284	0.595870950462895	-8.000225552167668	2.843701717474328
4.0	4.0	10.0	0.49305474758148193	-7.872280657291412	4.599999904632568	0.5677877098681348	-7.988682261936009	4.655664979748314
4.0	4.0	11.0	0.49305474758148193	-7.872280657291412	6.3999998569488525	0.5411248337200385	-7.964493769686573	6.459661638175135
4.0	4.0	12.0	0.49305474758148193	-7.872280657291412	8.199999809265137	0.5207482062508301	-7.937710579725897	8.2553198928876
4.0	4.0	13.0	0.49305474758148193	-7.872280657291412	9.999999761581421	0.506897283066421	-7.914255121443033	10.045214131632896
4.0	4.0	14.0	0.49305474758148193	-7.872280657291412	11.799999713897705	0.49790420829633153	-7.895947007423499	11.832440832285887
4.0	5.0	2.0	0.2097664177417755	-6.399274289608002	-9.799999713897705	0.2396039831197515	-6.38563309878115	-9.751211229588641
4.0	5.0	3.0	0.2097664177417755	-6.399274289608002	-7.999999761581421	0.263877947688353	-6.38362267487506	-7.941409207755771
4.0	5.0	4.0	0.2097664177417755	-6.399274289608002	-6.199999809265137	0.29750082735182815	-6.386937035452636	-6.13632337816169
4.0	5.0	5.0	0.2097664177417755	-6.399274289608002	-4.3999998569488525	0.34016713724162984	-6.401180249085741	-4.337937677654643
4.0	5.0	6.0	0.2097664177417755	-6.399274289608002	-2.5999999046325684	0.38523935472658793	-6.430006292715549	-2.5455695476936366
4.0	5.0	7.0	0.2097664177417755	-6.399274289608002	-0.7999999523162842	0.4173239745185682	-6.468962127718178	-0.7541458863284816
4.0	5.0	8.0	0.2097664177417755	-6.399274289608002	1.0	0.4188367560289853	-6.502321033697918	1.0437259905909286
4.0	5.0	9.0	0.2097664177417755	-6.399274289608002	2.799999952316284	0.3867515623998955	-6.513860955857887	2.849405726150431
4.0	5.0	10.0	0.2097664177417755	-6.399274289608002	4.599999904632568	0.3377543641474735	-6.502281367508833	4.655779410811765
4.0	5.0	11.0	0.2097664177417755	-6.399274289608002	6.3999998569488525	0.29125455977985926	-6.478646156115403	6.456879804292943
4.0	5.0	12.0	0.2097664177417755	-6.399274289608002	8.199999809265137	0.256303118364288	-6.453980445394407	8.25197345610164
4.0	5.0	13.0	0.2097664177417755	-6.399274289608002	9.999999761581421	0.23301455423307244	-6.433648803931366	10.04293340504039
4.0	5.0	14.0	0.2097664177417755	-6.399274289608002	11.799999713897705	0.2181005520753312	-6.418554218300253	11.83180307708954
4.0	6.0	2.0	-0.07352191209793091	-4.926267921924591	-9.799999713897705	-0.03613993836123999	-4.911590629543834	-9.731874555418674
4.0	6.0	3.0	-0.07352191209793091	-4.926267921924591	-7.999999761581421	-0.004215500731473351	-4.908059762959214	-7.913693857755918
4.0	6.0	4.0	-0.07352191209793091	-4.926267921924591	-6.199999809265137	0.04234873995840008	-4.9095659487742935	-6.100901913502973
4.0	6.0	5.0	-0.07352191209793091	-4.926267921924591	-4.3999998569488525	0.104811891684718	-4.921778962298205	-4.297387749172199
4.0	6.0	6.0	-0.07352191209793091	-4.926267921924591	-2.5999999046325684	0.17477058722901526	-4.948853406440161	-2.506540514323719
4.0	6.0	7.0	-0.07352191209793091	-4.926267921924591	-0.7999999523162842	0.22878886597009762	-4.986600964769973	-0.7263570805075964
4.0	6.0	8.0	-0.07352191209793091	-4.926267921924591	1.0	0.2373661356603483	-5.018086385867492	1.053854472507352
4.0	6.0	9.0	-0.07352191209793091	-4.926267921924591	2.799999952316284	0.19455903175495165	-5.027204118202157	2.843429293903271
4.0	6.0	10.0	-0.07352191209793091	-4.926267921924591	4.599999904632568	0.12195908084041973	-5.013412437429937	4.639692733659844
4.0	6.0	11.0	-0.07352191209793091	-4.926267921924591	6.3999998569488525	0.05107443118512728	-4.989891634904923	6.437428444501028
4.0	6.0	12.0	-0.07352191209793091	-4.926267921924591	8.199999809265137	-0.0024537111241797055	-4.967768990591311	8.234428857121788
4.0	6.0	13.0	-0.07352191209793091	-4.926267921924591	9.999999761581421	-0.0380198197073918	-4.951113272529017	10.030230073379553
4.0	6.0	14.0	-0.07352191209793091	-4.926267921924591	11.799999713897705	-0.06077565930920472	-4.939625532766493	11.82459036448189
4.0	7.0	2.0	-0.35681024193763733	-3.4532615542411804	-9.799999713897705	-0.3182828524904662	-3.446198455772253	-9.727605131530682
4.0	7.0	3.0	-0.35681024193763733	-3.4532615542411804	-7.999999761581421	-0.28273562992312684	-3.4472042904518183	-7.905733528840129
4.0	7.0	4.0	-0.35681024193763733	-3.4532615542411804	-6.199999809265137	-0.22893895347952725	-3.4538819692577767	-6.087656658379007
4.0	7.0	5.0	-0.35681024193763733	-3.4532615542411804	-4.3999998569488525	-0.15360329044622412	-3.4696013306252236	-4.2766885849774745
4.0	7.0	6.0	-0.35681024193763733	-3.4532615542411804	-2.5999999046325684	-0.06507203833503727	-3.496850538520928	-2.482285476362532
4.0	7.0	7.0	-0.35681024193763733	-3.4532615542411804	-0.7999999523162842	0.0025898302046368227	-3.529979869046694	-0.7115304110337198
4.0	7.0	8.0	-0.35681024193763733	-3.4532615542411804	1.0	0.01774021617774907	-3.5533171895256928	1.0495732814951493
4.0	7.0	9.0	-0.35681024193763733	-3.4532615542411804	2.799999952316284	-0.0180736521611794	-3.5567963817232693	2.8205474411101052
4.0	7.0	10.0	-0.35681024193763733	-3.4532615542411804	4.599999904632568	-0.1010423083909961	-3.5377681371837744	4.605581643214046
4.0	7.0	11.0	-0.35681024193763733	-3.4532615542411804	6.3999998569488525	-0.19126114471480127	-3.5108262769654015	6.401913915938967
4.0	7.0	12.0	-0.35681024193763733	-3.4532615542411804	8.199999809265137	-0.26147470487767643	-3.4880342882487088	8.204519386143929
4.0	7.0	13.0	-0.35681024193763733	-3.4532615542411804	9.999999761581421	-0.3088777915877986	-3.4722600784529094	10.008995182924942
4.0	7.0	14.0	-0.35681024193763733	-3.4532615542411804	11.799999713897705	-0.3395909986835055	-3.462084056836234	11.812069010800537
4.0	8.0	2.0	-0.6400985717773438	-1.9802551865577698	-9.799999713897705	-0.6039496937176383	-1.9870780900008689	-9.744902199546097
4.0	8.0	3.0	-0.6400985717773438	-1.9802551865577698	-7.999999761581421	-0.5679922211504204	-1.9976456424418219	-7.928168090393014
4.0	8.0	4.0	-0.6400985717773438	-1.9802551865577698	-6.199999809265137	-0.5149090416121942	-2.0149639677685522	-6.111780554889177
4.0	8.0	5.0	-0.6400985717773438	-1.9802551865577698	-4.3999998569488525	-0.4422244875868261	-2.0386902100709094	-4.294274333403787
4.0	8.0	6.0	-0.6400985717773438	-1.9802551865577698	-2.5999999046325684	-0.354583675746638	-2.06880367962152	-2.490115931663896
4.0	8.0	7.0	-0.6400985717773438	-1.9802551865577698	-0.7999999523162842	-0.2803912727771818	-2.099459571547559	-0.7183818664909144
4.0	8.0	8.0	-0.6400985717773438	-1.9802551865577698	1.0	-0.2566959916604448	-2.1154058471138595	1.0312506854590895
4.0	8.0	9.0	-0.6400985717773438	-1.9802551865577698	2.799999952316284	-0.28193374956576633	-2.111031266418903	2.787653128093011
4.0	8.0	10.0	-0.6400985717773438	-1.9802551865577698	4.599999904632568	-0.3590763155126326	-2.08385270268937	4.5645441539803775
4.0	8.0	11.0	-0.6400985717773438	-1.9802551865577698	6.3999998569488525	-0.4524490144510086	-2.049118235247077	6.362235113646954
4.0	8.0	12.0	-0.6400985717773438	-1.9802551865577698	8.199999809265137	-0.5294911276805379	-2.020371896472203	8.172250361131269
4.0	8.0	13.0	-0.6400985717773438	-1.9802551865577698	9.999999761581421	-0.5837557929686575	-2.0005831695625442	9.98626431592344
4.0	8.0	14.0	-0.6400985717773438	-1.9802551865577698	11.799999713897705	-0.6198322501449969	-1.9878730459230034	11.79837588824431
4.0	9.0	2.0	-0.9233869016170502	-0.5072488188743591	-9.799999713897705	-0.8837692054848217	-0.5266514155515246	-9.772034011095721
4.0	9.0	3.0	-0.9233869016170502	-0.5072488188743591	-7.999999761581421	-0.8439330839357352	-0.5458283460412812	-7.9647818959345
4.0	9.0	4.0	-0.9233869016170502	-0.5072488188743591	-6.199999809265137	-0.7925757159990166	-0.5712531079966952	-6.156180055098349
4.0	9.0	5.0	-0.9233869016170502	-0.5072488188743591	-4.3999998569488525	-0.7354146258316321	-0.5994751268342515	-4.337212667153368
4.0	9.0	6.0	-0.9233869016170502	-0.5072488188743591	-2.5999999046325684	-0.673712408231006	-0.6302942393335079	-2.5224169102430154
4.0	9.0	7.0	-0.9233869016170502	-0.5072488188743591	-0.7999999523162842	-0.6127042348706095	-0.66234864250803	-0.7409751122840486
4.0	9.0	8.0	-0.9233869016170502	-0.5072488188743591	1.0	-0.5821263573126871	-0.679882966518834	1.0085025375777479
4.0	9.0	9.0	-0.9233869016170502	-0.5072488188743591	2.799999952316284	-0.5980856944216473	-0.6715785724936064	2.759183951726181
4.0	9.0	10.0	-0.9233869016170502	-0.5072488188743591	4.599999904632568	-0.6616834499367339	-0.6379901052163243	4.534061693597486
4.0	9.0	11.0	-0.9233869016170502	-0.5072488188743591	6.3999998569488525	-0.7417332963011247	-0.596342230487777	6.3342608667954945
4.0	9.0	12.0	-0.9233869016170502	-0.5072488188743591	8.199999809265137	-0.8129647986653703	-0.5601048677752002	8.149825478782407
4.0	9.0	13.0	-0.9233869016170502	-0.5072488188743591	9.999999761581421	-0.866053793969267	-0.5339165259581543	9.970208225413428
4.0	9.0	14.0	-0.9233869016170502	-0.5072488188743591	11.799999713897705	-0.9027328442907664	-0.516421536477115	11.788205381135759
4.0	10.0	2.0	-1.2066752314567566	0.9657575488090515	-9.799999713897705	-1.1547130541350108	0.9387613216494547	-9.786924102776604
4.0	10.0	3.0	-1.2066752314567566	0.9657575488090515	-7.999999761581421	-1.1043550217841371	0.9152855817611172	-7.982821670164206
4.0	10.0	4.0	-1.2066752314567566	0.9657575488090515	-6.199999809265137	-1.0482444806620919	0.8895683484970357	-6.181197525558315
4.0	10.0	5.0	-1.2066752314567566	0.9657575488090515	-4.3999998569488525	-1.006468337683014	0.8668556472073545	-4.368153509975506
4.0	10.0	6.0	-1.2066752314567566	0.9657575488090515	-2.5999999046325684	-0.9838495907976805	0.8437560064982323	-2.551587182689711
4.0	10.0	7.0	-1.2066752314567566	0.9657575488090515	-0.7999999523162842	-0.9632758663573013	0.8142506233650257	-0.7624566076040581
4.0	10.0	8.0	-1.2066752314567566	0.9657575488090515	1.0	-0.9459444016538343	0.7904998810331347	0.9938732239040472
4.0	10.0	9.0	-1.2066752314567566	0.9657575488090515	2.799999952316284	-0.9543571332943249	0.79261433021117	2.747733508948954
4.0	10.0	10.0	-1.2066752314567566	0.9657575488090515	4.599999904632568	-0.9953973153824991	0.8216725091455997	4.524293904441382
4.0	10.0	11.0	-1.2066752314567566	0.9657575488090515	6.3999998569488525	-1.0536940826403298	0.8632963332177406	6.325938365242456
4.0	10.0	12.0	-1.2066752314567566	0.9657575488090515	8.199999809265137	-1.1106794657469778	0.9029235796015506	8.142997316909087
4.0	10.0	13.0	-1.2066752314567566	0.9657575488090515	9.999999761581421	-1.156033878688622	0.9334563972134293	9.964764086494894
4.0	10.0	14.0	-1.2066752314567566	0.9657575488090515	11.799999713897705	-1.188750980988653	0.9547939913013611	11.784080049596323
4.0	11.0	2.0	-1.489963561296463	2.438763916492462	-9.799999713897705	-1.42733478856556	2.403201312765128	-9.781313340476911
4.0	11.0	3.0	-1.489963561296463	2.438763916492462	-7.999999761581421	-1.3679099714514487	2.3744315922383534	-7.97022560310688
4.0	11.0	4.0	-1.489963561296463	2.438763916492462	-6.199999809265137	-1.3057284557552542	2.3500790906138604	-6.170434122501782
4.0	11.0	5.0	-1.489963561296463	2.438763916492462	-4.3999998569488525	-1.2718662656408044	2.3388852280139165	-4.368676614140353
4.0	11.0	6.0	-1.489963561296463	2.438763916492462	-2.5999999046325684	-1.2788161984236286	2.3334427244838984	-2.5625714806356212
4.0	11.0	7.0	-1.489963561296463	2.438763916492462	-0.7999999523162842	-1.298837767255293	2.3169528371334267	-0.7732468970373425
4.0	11.0	8.0	-1.489963561296463	2.438763916492462	1.0	-1.3076277561511616	2.293699759009202	0.9914366538886668
4.0	11.0	9.0	-1.489963561296463	2.438763916492462	2.799999952316284	-1.3156792174500809	2.28639484321991	2.7531515506411037
4.0	11.0	10.0	-1.489963561296463	2.438763916492462	4.599999904632568	-1.3389651974211574	2.3044513947647594	4.533202970021794
4.0	11.0	11.0	-1.489963561296463	2.438763916492462	6.3999998569488525	-1.376345192900677	2.338934043427532	6.334674890157761
4.0	11.0	12.0	-1.489963561296463	2.438763916492462	8.199999809265137	-1.416853432725204	2.37576898725214	8.14959580397501
4.0	11.0	13.0	-1.489963561296463	2.438763916492462	9.999999761581421	-1.4513813731283938	2.4060940761461747	9.968659657889667
4.0	11.0	14.0	-1.489963561296463	2.438763916492462	11.799999713897705	-1.4774073706576552	2.42820456108125	11.785613633132206
4.0	12.0	2.0	-1.7732518911361694	3.911770284175873	-9.799999713897705	-1.7128693798709933	3.862654109854465	-9.770063981083585
4.0	12.0	3.0	-1.7732518911361694	3.911770284175873	-7.999999761581421	-1.6551630147970993	3.822457771232216	-7.949162646789835
4.0	12.0	4.0	-1.7732518911361694	3.911770284175873	-6.199999809265137	-1.5955013602221633	3.792252363989321	-6.147821566913421
4.0	12.0	5.0	-1.7732518911361694	3.911770284175873	-4.3999998569488525	-1.566624266037457	3.788039242100741	-4.356809888585691
4.0	12.0	6.0	-1.7732518911361694	3.911770284175873	-2.5999999046325684	-1.5850893580534382	3.8033151113318104	-2.564993983399533
4.0	12.0	7.0	-1.7732518911361694	3.911770284175873	-0.7999999523162842	-1.6250503278109363	3.8118127089442706	-0.7788771180622314
4.0	12.0	8.0	-1.7732518911361694	3.911770284175873	1.0	-1.6524916161761047	3.8039562329349437	0.9950840817303295
4.0	12.0	9.0	-1.7732518911361694	3.911770284175873	2.799999952316284	-1.6648955439175235	3.796583152399426	2.7675447009318805
4.0	12.0	10.0	-1.7732518911361694	3.911770284175873	4.599999904632568	-1.6782917156394497	3.8055616986619873	4.5523949200954075
4.0	12.0	11.0	-1.7732518911361694	3.911770284175873	6.3999998569488525	-1.6998998917597508	3.829902030113736	6.352849472816412
4.0	12.0	12.0	-1.7732518911361694	3.911770284175873	8.199999809265137	-1.7256743297842143	3.859275335926997	8.163713507213142
4.0	12.0	13.0	-1.7732518911361694	3.911770284175873	9.999999761581421	-1.7492020425041939	3.885093749893008	9.978028238075794
4.0	12.0	14.0	-1.7732518911361694	3.911770284175873	11.799999713897705	-1.7677955873770226	3.904734994242877	11.79079292362491
5.0	2.0	2.0	2.2380364537239075	-10.591662719845772	-9.799999713897705	2.2422632981989987	-10.602463893364508	-9.802236835560107
5.0	2.0	3.0	2.2380364537239075	-10.591662719845772	-7.999999761581421	2.2497348068105576	-10.618330462157596	-8.010775957229598
5.0	2.0	4.0	2.2380364537239075	-10.591662719845772	-6.199999809265137	2.259495897681441	-10.641627162317192	-6.218445625601183
5.0	2.0	5.0	2.2380364537239075	-10.591662719845772	-4.3999998569488525	2.2713548215216015	-10.673077044951999	-4.422880217522569
5.0	2.0	6.0	2.2380364537239075	-10.591662719845772	-2.5999999046325684	2.283676856394128	-10.709618313867388	-2.620654107299854
5.0	2.0	7.0	2.2380364537239075	-10.591662719845772	-0.7999999523162842	2.2932653083931753	-10.743198946914575	-0.8091269182543535
5.0	2.0	8.0	2.2380364537239075	-10.591662719845772	1.0	2.2965369854524367	-10.762782670010738	1.0106874636223482
5.0	2.0	9.0	2.2380364537239075	-10.591662719845772	2.799999952316284	2.292062967885043	-10.760781432345476	2.8325678188543275
5.0	2.0	10.0	2.2380364537239075	-10.591662719845772	4.599999904632568	2.2819290789701965	-10.738982321430221	4.648591143343831
5.0	2.0	11.0	2.2380364537239075	-10.591662719845772	6.3999998569488525	2.2697085244394466	-10.706022048217593	6.454338419407868
5.0	2.0	12.0	2.2380364537239075	-10.591662719845772	8.199999809265137	2.258241601738322	-10.671270050197467	8.250194198778432
5.0	2.0	13.0	2.2380364537239075	-10.591662719845772	9.999999761581421	2.2488305159436988	-10.640670334858584	10.03944889453418
5.0	2.0	14.0	2.2380364537239075	-10.591662719845772	11.799999713897705	2.2415445303671633	-10.616250229912037	11.82618249238939
5.0	3.0	2.0	1.954748123884201	-9.118656352162361	-9.799999713897705	1.9642662066024226	-9.125368960438172	-9.7945080776733
5.0	3.0	3.0	1.954748123884201	-9.118656352162361	-7.999999761581421	1.9757141384465844	-9.140142189371007	-8.003202168538053
5.0	3.0	4.0	1.954748123884201	-9.118656352162361	-6.199999809265137	1.9912683100404909	-9.1634610894566	-6.211724006865304
5.0	3.0	5.0	1.954748123884201	-9.118656352162361	-4.3999998569488525	2.0108979888753677	-9.197648245420776	-4.417613583788455
5.0	3.0	6.0	1.954748123884201	-9.118656352162361	-2.5999999046325684	2.0320857953102722	-9.240977378787798	-2.6163393571707294
5.0	3.0	7.0	1.954748123884201	-9.118656352162361	-0.7999999523162842	2.049057697732253	-9.284711832030695	-0.8033584509856376
5.0	3.0	8.0	1.954748123884201	-9.118656352162361	1.0	2.0545539349457007	-9.313753545488275	1.0215339724423966
5.0	3.0	9.0	1.954748123884201	-9.118656352162361	2.799999952316284	2.0457814243802908	-9.316011787125703	2.8502659764411766
5.0	3.0	10.0	1.954748123884201	-9.118656352162361	4.599999904632568	2.027277654082034	-9.292385094492529	4.671365385261951
5.0	3.0	11.0	1.954748123884201	-9.118656352162361	6.3999998569488525	2.0062065795685036	-9.254105196007725	6.4784503126012085
5.0	3.0	12.0	1.954748123884201	-9.118656352162361	8.199999809265137	1.9875180495711553	-9.213444849104944	8.272241031314469
5.0	3.0	13.0	1.954748123884201	-9.118656352162361	9.999999761581421	1.9729775673959535	-9.17794129831829	10.057359071502454
5.0	3.0	14.0	1.954748123884201	-9.118656352162361	11.799999713897705	1.962310025742854	-9.15002636279478	11.839137354413895
5.0	4.0	2.0	1.6714597940444946	-7.6456499844789505	-9.799999713897705	1.6876394843095581	-7.646350046164994	-9.779479613668046
5.0	4.0	3.0	1.6714597940444946	-7.6456499844789505	-7.999999761581421	1.7044730958227812	-7.65796660640189	-7.985647686572353
5.0	4.0	4.0	1.6714597940444946	-7.6456499844789505	-6.199999809265137	1.728280077450131	-7.6786926181628905	-6.192991496192019
5.0	4.0	5.0	1.6714597940444946	-7.6456499844789505	-4.3999998569488525	1.7596906413462436	-7.71286639851255	-4.399714347596131
5.0	4.0	6.0	1.6714597940444946	-7.6456499844789505	-2.5999999046325684	1.795033825466138	-7.760737461746591	-2.6006728439979505
5.0	4.0	7.0	1.6714597940444946	-7.6456499844789505	-0.7999999523162842	1.8238919562386873	-7.812925551552064	-0.7890336242486728
5.0	4.0	8.0	1.6714597940444946	-7.6456499844789505	1.0	1.8325093746788166	-7.849943491462669	1.0375253095316477
5.0	4.0	9.0	1.6714597940444946	-7.6456499844789505	2.799999952316284	1.8157369786359092	-7.8550492222979695	2.8700911240944835
5.0	4.0	10.0	1.6714597940444946	-7.6456499844789505	4.599999904632568	1.7829645825059757	-7.829134363767338	4.693676021483244
5.0	4.0	11.0	1.6714597940444946	-7.6456499844789505	6.3999998569488525	1.747891575339547	-7.786846327733897	6.500136725341939
5.0	4.0	12.0	1.6714597940444946	-7.6456499844789505	8.199999809265137	1.718737445477455	-7.7431601321530215	8.290924683167288
5.0	4.0	13.0	1.6714597940444946	-7.6456499844789505	9.999999761581421	1.6974262895353758	-7.706296630134572	10.072050446225346
5.0	4.0	14.0	1.6714597940444946	-7.6456499844789505	11.799999713897705	1.6826239511566732	-7.678223834442011	11.84972975123148
5.0	5.0	2.0	1.3881714642047882	-6.17264361679554	-9.799999713897705	1.411699563781897	-6.167434196590128	-9.756752577072943
5.0	5.0	3.0	1.3881714642047882	-6.17264361679554	-7.999999761581421	1.435024673513836	-6.174569086946231	-7.956204149824
5.0	5.0	4.0	1.3881714642047882	-6.17264361679554	-6.199999809265137	1.4696268475953316	-6.190705534811187	-6.158548712335184
5.0	5.0	5.0	1.3881714642047882	-6.17264361679554	-4.3999998569488525	1.517421949150592	-6.221884274508108	-4.363767591505715
5.0	5.0	6.0	1.3881714642047882	-6.17264361679554	-2.5999999046325684	1.5732532256645984	-6.270239286471124	-2.5678992846714888
5.0	5.0	7.0	1.3881714642047882	-6.17264361679554	-0.7999999523162842	1.6198810418007052	-6.326264561567143	-0.7628921782466314
5.0	5.0	8.0	1.3881714642047882	-6.17264361679554	1.0	1.633126010079102	-6.366876401067746	1.057282524960907
5.0	5.0	9.0	1.3881714642047882	-6.17264361679554	2.799999952316284	1.6049798150192474	-6.372511558261906	2.8860580485011607
5.0	5.0	10.0	1.3881714642047882	-6.17264361679554	4.599999904632568	1.5513390095670527	-6.344692839232339	4.706809293747165
5.0	5.0	11.0	1.3881714642047882	-6.17264361679554	6.3999998569488525	1.4961306130600447	-6.30133372439495	6.510267325527836
5.0	5.0	12.0	1.3881714642047882	-6.17264361679554	8.199999809265137	1.4525786487501156	-6.2589582829366055	8.29839580687656
5.0	5.0	13.0	1.3881714642047882	-6.17264361679554	9.999999761581421	1.422489122472154	-6.225154579058946	10.077734751186982
5.0	5.0	14.0	1.3881714642047882	-6.17264361679554	11.799999713897705	1.4026211787513538	-6.200638535418756	11.8542957925036
5.0	6.0	2.0	1.1048831343650818	-4.699637249112129	-9.799999713897705	1.133856149916808	-4.692614937425551	-9.732178098023606
5.0	6.0	3.0	1.1048831343650818	-4.699637249112129	-7.999999761581421	1.1629532506170943	-4.696696257915039	-7.9217064022314245
5.0	6.0	4.0	1.1048831343650818	-4.699637249112129	-6.199999809265137	1.2083882084924906	-4.709349217581152	-6.115277550478175
5.0	6.0	5.0	1.1048831343650818	-4.699637249112129	-4.3999998569488525	1.2738878652404542	-4.737079601518422	-4.315423607284074
5.0	6.0	6.0	1.1048831343650818	-4.699637249112129	-2.5999999046325684	1.3527663323328154	-4.782531512321735	-2.5221875029456586
5.0	6.0	7.0	1.1048831343650818	-4.699637249112129	-0.7999999523162842	1.4196070818067084	-4.835708636534075	-0.7293980042009032
5.0	6.0	8.0	1.1048831343650818	-4.699637249112129	1.0	1.43594128144749	-4.8711564579927975	1.0729388740056431
5.0	6.0	9.0	1.1048831343650818	-4.699637249112129	2.799999952316284	1.400405256098182	-4.87444949875184	2.887234694482901
5.0	6.0	10.0	1.1048831343650818	-4.699637249112129	4.599999904632568	1.3253655753544016	-4.845180061443412	4.698784334753569
5.0	6.0	11.0	1.1048831343650818	-4.699637249112129	6.3999998569488525	1.2474581141518173	-4.803447818032083	6.498174233452218
5.0	6.0	12.0	1.1048831343650818	-4.699637249112129	8.199999809265137	1.1876075716428993	-4.765921201042826	8.28668243650585
5.0	6.0	13.0	1.1048831343650818	-4.699637249112129	9.999999761581421	1.147713967903143	-4.738226098028862	10.069183760749151
5.0	6.0	14.0	1.1048831343650818	-4.699637249112129	11.799999713897705	1.1222659350469573	-4.719422953340761	11.849765622326121
5.0	7.0	2.0	0.8215948045253754	-3.2266308814287186	-9.799999713897705	0.851266618643594	-3.225017897914246	-9.718437337334763
5.0	7.0	3.0	0.8215948045253754	-3.2266308814287186	-7.999999761581421	0.8828340877489155	-3.2306909297880386	-7.900071340765936
5.0	7.0	4.0	0.8215948045253754	-3.2266308814287186	-6.199999809265137	0.9342101757268242	-3.2451591299264195	-6.085017509764464
5.0	7.0	5.0	0.8215948045253754	-3.2266308814287186	-4.3999998569488525	1.0105252760928436	-3.273706188379949	-4.2773094019675515
5.0	7.0	6.0	0.8215948045253754	-3.2266308814287186	-2.5999999046325684	1.104283398941531	-3.3171830862201626	-2.4835359349401487
5.0	7.0	7.0	0.8215948045253754	-3.2266308814287186	-0.7999999523162842	1.1798505434369773	-3.3625549269148514	-0.7050695882333358
5.0	7.0	8.0	0.8215948045253754	-3.2266308814287186	1.0	1.1980557684821282	-3.3865448283098045	1.0727113850026067
5.0	7.0	9.0	0.8215948045253754	-3.2266308814287186	2.799999952316284	1.1678902121896384	-3.3837817761896205	2.864770569567082
5.0	7.0	10.0	0.8215948045253754	-3.2266308814287186	4.599999904632568	1.0850035606709267	-3.35139732893674	4.663123182615179
5.0	7.0	11.0	0.8215948045253754	-3.2266308814287186	6.3999998569488525	0.9912729421464781	-3.3097725947902465	6.460133712871481
5.0	7.0	12.0	0.8215948045253754	-3.2266308814287186	8.199999809265137	0.9190798153388281	-3.275882649438777	8.254311683392002
5.0	7.0	13.0	0.8215948045253754	-3.2266308814287186	9.999999761581421	0.8713148213633003	-3.2529845791623297	10.04609537789923
5.0	7.0	14.0	0.8215948045253754	-3.2266308814287186	11.799999713897705	0.8411339561879604	-3.238547775749175	11.836118462060252
5.0	8.0	2.0	0.538306474685669	-1.753624513745308	-9.799999713897705	0.5653279745016782	-1.7625786003477488	-9.726540895304234
5.0	8.0	3.0	0.538306474685669	-1.753624513745308	-7.999999761581421	0.5961615675032104	-1.7739984085018183	-7.9085038790612225
5.0	8.0	4.0	0.538306474685669	-1.753624513745308	-6.199999809265137	0.6460101125119381	-1.795163345889854	-6.09103105602766
5.0	8.0	5.0	0.538306474685669	-1.753624513745308	-4.3999998569488525	0.7190652158714939	-1.829569536118096	-4.275929068788303
5.0	8.0	6.0	0.538306474685669	-1.753624513745308	-2.5999999046325684	0.8098523349924561	-1.875844029566595	-2.4761419382701932
5.0	8.0	7.0	0.538306474685669	-1.753624513745308	-0.7999999523162842	0.8881013339313788	-1.919129666972236	-0.7035862100083604
5.0	8.0	8.0	0.538306474685669	-1.753624513745308	1.0	0.9129669062380017	-1.9356712908420959	1.0550222196239751
5.0	8.0	9.0	0.538306474685669	-1.753624513745308	2.799999952316284	0.8890288477950054	-1.9235740764773528	2.8248472468413315
5.0	8.0	10.0	0.538306474685669	-1.753624513745308	4.599999904632568	0.8095716920633307	-1.882824633730899	4.610421875719828
5.0	8.0	11.0	0.538306474685669	-1.753624513745308	6.3999998569488525	0.715743221586614	-1.8359080041300002	6.408269422285338
5.0	8.0	12.0	0.538306474685669	-1.753624513745308	8.199999809265137	0.641242651477789	-1.7995395501847262	8.211823313855474
5.0	8.0	13.0	0.538306474685669	-1.753624513745308	9.999999761581421	0.5909072185751852	-1.775959511721561	10.015991747093464
5.0	8.0	14.0	0.538306474685669	-1.753624513745308	11.799999713897705	0.5585785217119306	-1.7615656959417092	11.817771080495955
5.0	9.0	2.0	0.2550181448459625	-0.2806181460618973	-9.799999713897705	0.28236088491660155	-0.2980440925222118	-9.752472997565038
5.0	9.0	3.0	0.2550181448459625	-0.2806181460618973	-7.999999761581421	0.31372545142780695	-0.3140140834993669	-7.942406523586825
5.0	9.0	4.0	0.2550181448459625	-0.2806181460618973	-6.199999809265137	0.3591883663908273	-0.339350810061853	-6.130354663460094
5.0	9.0	5.0	0.2550181448459625	-0.2806181460618973	-4.3999998569488525	0.41697071290346654	-0.37710339584837316	-4.312147814506017
5.0	9.0	6.0	0.2550181448459625	-0.2806181460618973	-2.5999999046325684	0.4845054076507802	-0.4268540754969967	-2.503106715236391
5.0	9.0	7.0	0.2550181448459625	-0.2806181460618973	-0.7999999523162842	0.5498612135163801	-0.475406306451875	-0.7255870854906806
5.0	9.0	8.0	0.2550181448459625	-0.2806181460618973	1.0	0.580228989508033	-0.4959958469524003	1.0267116063645152
5.0	9.0	9.0	0.2550181448459625	-0.2806181460618973	2.799999952316284	0.5620720995861773	-0.4789018950822172	2.7842588007982
5.0	9.0	10.0	0.2550181448459625	-0.2806181460618973	4.599999904632568	0.4963945223329288	-0.4313908945413102	4.564024821133768
5.0	9.0	11.0	0.2550181448459625	-0.2806181460618973	6.3999998569488525	0.41828136278735445	-0.3784158585440236	6.364355901665332
5.0	9.0	12.0	0.2550181448459625	-0.2806181460618973	8.199999809265137	0.35226256838487774	-0.33576698960940815	8.175943849640078
5.0	9.0	13.0	0.2550181448459625	-0.2806181460618973	9.999999761581421	0.3053323893942374	-0.3070243976817489	9.990062154004194
5.0	9.0	14.0	0.2550181448459625	-0.2806181460618973	11.799999713897705	0.2741644043879264	-0.2889630459140821	11.80126397360794
5.0	10.0	2.0	-0.028270184993743896	1.1923882216215134	-9.799999713897705	0.004926782273919329	1.1729957027670346	-9.777847431683732
5.0	10.0	3.0	-0.028270184993743896	1.1923882216215134	-7.999999761581421	0.04069193873272328	1.1570786774147654	-7.974565868682441
5.0	10.0	4.0	-0.028270184993743896	1.1923882216215134	-6.199999809265137	0.08512564851629836	1.1353250197929934	-6.170097386883506
5.0	10.0	5.0	-0.028270184993743896	1.1923882216215134	-4.3999998569488525	0.12611699266039902	1.10392954427248	-4.355025265069739
5.0	10.0	6.0	-0.028270184993743896	1.1923882216215134	-2.5999999046325684	0.15979666657999683	1.058073645130781	-2.5411287485260443
5.0	10.0	7.0	-0.028270184993743896	1.1923882216215134	-0.7999999523162842	0.19256397560375108	1.0056524231203867	-0.7553721306828194
5.0	10.0	8.0	-0.028270184993743896	1.1923882216215134	1.0	0.21416183895529228	0.9740413817182872	1.0016866568987104
5.0	10.0	9.0	-0.028270184993743896	1.1923882216215134	2.799999952316284	0.2038614883262464	0.9840775858457509	2.759469043656582
5.0	10.0	10.0	-0.028270184993743896	1.1923882216215134	4.599999904632568	0.16126647035464245	1.0268960277543293	4.539345045609811
5.0	10.0	11.0	-0.028270184993743896	1.1923882216215134	6.3999998569488525	0.10541433132099273	1.0800543091345747	6.341674496067101
5.0	10.0	12.0	-0.028270184993743896	1.1923882216215134	8.199999809265137	0.05405713426242585	1.1263517465759199	8.156916086083662
5.0	10.0	13.0	-0.028270184993743896	1.1923882216215134	9.999999761581421	0.015072363755373477	1.1596636552104607	9.975416037835847
5.0	10.0	14.0	-0.028270184993743896	1.1923882216215134	11.799999713897705	-0.012073764870887436	1.1817178752412136	11.791054765917659
5.0	11.0	2.0	-0.3115585148334503	2.665394589304924	-9.799999713897705	-0.2736435097439649	2.6462240476667755	-9.78887975822727
5.0	11.0	3.0	-0.3115585148334503	2.665394589304924	-7.999999761581421	-0.23476121218325885	2.6308252668667995	-7.984520776004162
5.0	11.0	4.0	-0.3115585148334503	2.665394589304924	-6.199999809265137	-0.19037862163718888	2.615284593388414	-6.183481834558884
5.0	11.0	5.0	-0.3115585148334503	2.665394589304924	-4.3999998569488525	-0.16037953503624683	2.5969973700530664	-4.375834487774213
5.0	11.0	6.0	-0.3115585148334503	2.665394589304924	-2.5999999046325684	-0.1534238589640638	2.5656663345254054	-2.5661801509197257
5.0	11.0	7.0	-0.3115585148334503	2.665394589304924	-0.7999999523162842	-0.15306766867350904	2.5191441161451347	-0.7762073393304114
5.0	11.0	8.0	-0.3115585148334503	2.665394589304924	1.0	-0.14914501078042716	2.480658154295111	0.989784038959311
5.0	11.0	9.0	-0.3115585148334503	2.665394589304924	2.799999952316284	-0.15433563613602158	2.4766148818291898	2.754454569081959
5.0	11.0	10.0	-0.3115585148334503	2.665394589304924	4.599999904632568	-0.17756897778248867	2.5064145495953403	4.537241383291358
5.0	11.0	11.0	-0.3115585148334503	2.665394589304924	6.3999998569488525	-0.21283515257033503	2.552108795487222	6.339927775880538
5.0	11.0	12.0	-0.3115585148334503	2.665394589304924	8.199999809265137	-0.2488842407510785	2.5961372912392062	8.15453374388115
5.0	11.0	13.0	-0.3115585148334503	2.665394589304924	9.999999761581421	-0.2783460249789166	2.63004754040626	9.972408125800778
5.0	11.0	14.0	-0.3115585148334503	2.665394589304924	11.799999713897705	-0.29989935919126753	2.6536016266812403	11.787907744152397
5.0	12.0	2.0	-0.5948468446731567	4.138400956988335	-9.799999713897705	-0.5598494124673971	4.11629048415036	-9.789680334044421
5.0	12.0	3.0	-0.5948468446731567	4.138400956988335	-7.999999761581421	-0.5248007138418083	4.096604968524676	-7.979511252708142
5.0	12.0	4.0	-0.5948468446731567	4.138400956988335	-6.199999809265137	-0.4857484668650873	4.08144150855878	-6.1777546666828345
5.0	12.0	5.0	-0.5948468446731567	4.138400956988335	-4.3999998569488525	-0.46313599031664343	4.073281792733949	-4.377440181972237
5.0	12.0	6.0	-0.5948468446731567	4.138400956988335	-2.5999999046325684	-0.46813610026222474	4.06141521454873	-2.576487883403649
5.0	12.0	7.0	-0.5948468446731567	4.138400956988335	-0.7999999523162842	-0.48469544587208546	4.033750754552001	-0.7861209893323694
5.0	12.0	8.0	-0.5948468446731567	4.138400956988335	1.0	-0.49373578241192023	4.001631906346423	0.9892222792187741
5.0	12.0	9.0	-0.5948468446731567	4.138400956988335	2.799999952316284	-0.498297988664415	3.9895629796364456	2.7630697522831076
5.0	12.0	10.0	-0.5948468446731567	4.138400956988335	4.599999904632568	-0.5095684012116037	4.005656246284812	4.549577491926664
5.0	12.0	11.0	-0.5948468446731567	4.138400956988335	6.3999998569488525	-0.5295888837871884	4.0395430933104715	6.351287069228164
5.0	12.0	12.0	-0.5948468446731567	4.138400956988335	8.199999809265137	-0.5527043798033062	4.07620705771883	8.162735459114804
5.0	12.0	13.0	-0.5948468446731567	4.138400956988335	9.999999761581421	-0.5731216004320007	4.106404571131738	9.977186241292989
5.0	12.0	14.0	-0.5948468446731567	4.138400956988335	11.799999713897705	-0.5888418853638613	4.128324658725785	11.789928372331191
6.0	2.0	2.0	3.41644150018692	-10.36503204703331	-9.799999713897705	3.4215527890102786	-10.375819886556059	-9.802562542180768
6.0	2.0	3.0	3.41644150018692	-10.36503204703331	-7.999999761581421	3.4330742204106435	-10.395595699366675	-8.01512805236741
6.0	2.0	4.0	3.41644150018692	-10.36503204703331	-6.199999809265137	3.4484437043307676	-10.423377297091385	-6.225816055139437
6.0	2.0	5.0	3.41644150018692	-10.36503204703331	-4.3999998569488525	3.4676261281079626	-10.459608330785661	-4.431601841151658
6.0	2.0	6.0	3.41644150018692	-10.36503204703331	-2.5999999046325684	3.4883301086363754	-10.500448823996445	-2.6284735032685176
6.0	2.0	7.0	3.41644150018692	-10.36503204703331	-0.7999999523162842	3.5056530282509084	-10.536801348198129	-0.8137038346254437
6.0	2.0	8.0	3.41644150018692	-10.36503204703331	1.0	3.513584015982519	-10.556794923939451	1.010860721296434
6.0	2.0	9.0	3.41644150018692	-10.36503204703331	2.799999952316284	3.5088109904726252	-10.552631144361152	2.837284446747854
6.0	2.0	10.0	3.41644150018692	-10.36503204703331	4.599999904632568	3.4937400846406974	-10.526936709812423	4.656085026189459
6.0	2.0	11.0	3.41644150018692	-10.36503204703331	6.3999998569488525	3.4738723469586508	-10.489405588839736	6.462321725525842
6.0	2.0	12.0	3.41644150018692	-10.36503204703331	8.199999809265137	3.4542099634749768	-10.45027510097835	8.25676723040248
6.0	2.0	13.0	3.41644150018692	-10.36503204703331	9.999999761581421	3.4374502840729715	-10.415933231314279	10.043570668595134
6.0	2.0	14.0	3.41644150018692	-10.36503204703331	11.799999713897705	3.4241458125407034	-10.388415011962962	11.827783202996786
6.0	3.0	2.0	3.1331531703472137	-8.8920256793499	-9.799999713897705	3.143428595849127	-8.902711984262154	-9.799472962042254
6.0	3.0	3.0	3.1331531703472137	-8.8920256793499	-7.999999761581421	3.15963575209355	-8.923615418512641	-8.014555432805878
6.0	3.0	4.0	3.1331531703472137	-8.8920256793499	-6.199999809265137	3.1821508920557884	-8.954429653494374	-6.227906661270212
6.0	3.0	5.0	3.1331531703472137	-8.8920256793499	-4.3999998569488525	3.2114709471608442	-8.996954640136174	-4.435749917110374
6.0	3.0	6.0	3.1331531703472137	-8.8920256793499	-2.5999999046325684	3.244604975548745	-9.04802686672817	-2.6322636196371536
6.0	3.0	7.0	3.1331531703472137	-8.8920256793499	-0.7999999523162842	3.27366248669905	-9.096910314484013	-0.8125352560640486
6.0	3.0	8.0	3.1331531703472137	-8.8920256793499	1.0	3.2875188992273827	-9.126769328726674	1.0221695334810548
6.0	3.0	9.0	3.1331531703472137	-8.8920256793499	2.799999952316284	3.279729247347073	-9.125017181662166	2.86032855346452
6.0	3.0	10.0	3.1331531703472137	-8.8920256793499	4.599999904632568	3.25490064416254	-9.094290445429214	4.687316452948427
6.0	3.0	11.0	3.1331531703472137	-8.8920256793499	6.3999998569488525	3.2231160821432963	-9.047889432478936	6.495813397895916
6.0	3.0	12.0	3.1331531703472137	-8.8920256793499	8.199999809265137	3.1927401285046177	-8.999662511940246	8.287366215858519
6.0	3.0	13.0	3.1331531703472137	-8.8920256793499	9.999999761581421	3.167746660303217	-8.957919692733633	10.068202912605075
6.0	3.0	14.0	3.1331531703472137	-8.8920256793499	11.799999713897705	3.1486388920187482	-8.925152694417076	11.845323356937033
6.0	4.0	2.0	2.8498648405075073	-7.419019311666489	-9.799999713897705	2.8651538848699216	-7.426769646753978	-9.789418410553946
6.0	4.0	3.0	2.8498648405075073	-7.419019311666489	-7.999999761581421	2.8864246915842857	-7.446049109236917	-8.004877440405563
6.0	4.0	4.0	2.8498648405075073	-7.419019311666489	-6.199999809265137	2.91736906531272	-7.4765034864516515	-6.2194000930992175
6.0	4.0	5.0	2.8498648405075073	-7.419019311666489	-4.3999998569488525	2.9596646348581928	-7.521703014204079	-4.429052812838403
6.0	4.0	6.0	2.8498648405075073	-7.419019311666489	-2.5999999046325684	3.009702348609344	-7.579810749901634	-2.6264092181068643
6.0	4.0	7.0	2.8498648405075073	-7.419019311666489	-0.7999999523162842	3.0551093626967876	-7.638817771586937	-0.8038203005197896
6.0	4.0	8.0	2.8498648405075073	-7.419019311666489	1.0	3.0762574974497254	-7.676470408438995	1.0391171369321477
6.0	4.0	9.0	2.8498648405075073	-7.419019311666489	2.799999952316284	3.0628056629478366	-7.675966377263018	2.8873947292868922
6.0	4.0	10.0	2.8498648405075073	-7.419019311666489	4.599999904632568	3.0232413291969777	-7.640507059797636	4.720777642404261
6.0	4.0	11.0	2.8498648405075073	-7.419019311666489	6.3999998569488525	2.9750473927800285	-7.587516527724053	6.529614129769761
6.0	4.0	12.0	2.8498648405075073	-7.419019311666489	8.199999809265137	2.9313117550222225	-7.5340532390776955	8.316860245183312
6.0	4.0	13.0	2.8498648405075073	-7.419019311666489	9.999999761581421	2.8970484303730033	-7.489313397606536	10.091197656568301
6.0	4.0	14.0	2.8498648405075073	-7.419019311666489	11.799999713897705	2.871955515478492	-7.4553107764586475	11.861436793474356
6.0	5.0	2.0	2.566576510667801	-5.946012943983078	-9.799999713897705	2.586054924316197	-5.949595542073584	-9.770760938631936
6.0	5.0	3.0	2.566576510667801	-5.946012943983078	-7.999999761581421	2.6120166384103185	-5.964844772444541	-7.982134419377012
6.0	5.0	4.0	2.566576510667801	-5.946012943983078	-6.199999809265137	2.651686344679571	-5.991246642111628	-6.194006382889542
6.0	5.0	5.0	2.566576510667801	-5.946012943983078	-4.3999998569488525	2.7089230503365265	-6.034184147831376	-4.403598133146893
6.0	5.0	6.0	2.566576510667801	-5.946012943983078	-2.5999999046325684	2.779782175176005	-6.09356991397232	-2.6032773885390674
6.0	5.0	7.0	2.566576510667801	-5.946012943983078	-0.7999999523162842	2.845083883440089	-6.156343200552746	-0.7828624490223136
6.0	5.0	8.0	2.566576510667801	-5.946012943983078	1.0	2.872018808987774	-6.1952548088000965	1.06029963654341
6.0	5.0	9.0	2.566576510667801	-5.946012943983078	2.799999952316284	2.851962875664045	-6.194862346260672	2.911652288107296
6.0	5.0	10.0	2.566576510667801	-5.946012943983078	4.599999904632568	2.7946497196606663	-6.157260499303406	4.746770429906129
6.0	5.0	11.0	2.566576510667801	-5.946012943983078	6.3999998569488525	2.726436866404576	-6.102564656415261	6.553431813185712
6.0	5.0	12.0	2.566576510667801	-5.946012943983078	8.199999809265137	2.6676397901532574	-6.050093570632105	8.336273478966186
6.0	5.0	13.0	2.566576510667801	-5.946012943983078	9.999999761581421	2.623962787976367	-6.008388121641844	10.105846311159652
6.0	5.0	14.0	2.566576510667801	-5.946012943983078	11.799999713897705	2.5934456947998683	-5.978112401869432	11.871839498772177
6.0	6.0	2.0	2.2832881808280945	-4.473006576299667	-9.799999713897705	2.304520886216453	-4.474784686719474	-9.746601183091874
6.0	6.0	3.0	2.2832881808280945	-4.473006576299667	-7.999999761581421	2.3332043788467933	-4.485921732360018	-7.948860845857489
6.0	6.0	4.0	2.2832881808280945	-4.473006576299667	-6.199999809265137	2.379613296070669	-4.507422335598674	-6.1530183974741615
6.0	6.0	5.0	2.2832881808280945	-4.473006576299667	-4.3999998569488525	2.4498196455239336	-4.545122624697496	-4.3587742434583046
6.0	6.0	6.0	2.2832881808280945	-4.473006576299667	-2.5999999046325684	2.539579527266873	-4.5994675113622305	-2.561376492633758
6.0	6.0	7.0	2.2832881808280945	-4.473006576299667	-0.7999999523162842	2.6210184185525955	-4.656136000129927	-0.7510849164316834
6.0	6.0	8.0	2.2832881808280945	-4.473006576299667	1.0	2.6445724220260907	-4.684604889353966	1.0775935350106471
6.0	6.0	9.0	2.2832881808280945	-4.473006576299667	2.799999952316284	2.6239906776636377	-4.6829498289217035	2.9195863823748973
6.0	6.0	10.0	2.2832881808280945	-4.473006576299667	4.599999904632568	2.55573646697664	-4.647618431147312	4.7502717112946735
6.0	6.0	11.0	2.2832881808280945	-4.473006576299667	6.3999998569488525	2.469295661938031	-4.596802254838833	6.553263872043074
6.0	6.0	12.0	2.2832881808280945	-4.473006576299667	8.199999809265137	2.3975064406217794	-4.551592131901754	8.334668546141991
6.0	6.0	13.0	2.2832881808280945	-4.473006576299667	9.999999761581421	2.346546133525167	-4.518205998051296	10.104695628046505
6.0	6.0	14.0	2.2832881808280945	-4.473006576299667	11.799999713897705	2.3124101517143245	-4.495456684202472	11.872039198843598
6.0	7.0	2.0	1.999999850988388	-3.0000002086162567	-9.799999713897705	2.0190367667819316	-3.005570707267656	-9.726823561243577
6.0	7.0	3.0	1.999999850988388	-3.0000002086162567	-7.999999761581421	2.04676325532162	-3.015793736584062	-7.918513810138369
6.0	7.0	4.0	1.999999850988388	-3.0000002086162567	-6.199999809265137	2.094213236997337	-3.0358911156945214	-6.112578224123818
6.0	7.0	5.0	1.999999850988388	-3.0000002086162567	-4.3999998569488525	2.1687830342769785	-3.070750119696675	-4.311338927925991
6.0	7.0	6.0	1.999999850988388	-3.0000002086162567	-2.5999999046325684	2.2662026829545394	-3.119193419152198	-2.5158291337503647
6.0	7.0	7.0	1.999999850988388	-3.0000002086162567	-0.7999999523162842	2.353010454309016	-3.164969517725078	-0.7213632596885671
6.0	7.0	8.0	1.999999850988388	-3.0000002086162567	1.0	2.378994319731792	-3.1815997430790275	1.082563891926509
6.0	7.0	9.0	1.999999850988388	-3.0000002086162567	2.799999952316284	2.3604649933723656	-3.171965127910032	2.902718954634513
6.0	7.0	10.0	1.999999850988388	-3.0000002086162567	4.599999904632568	2.2875813082395635	-3.1346998897278144	4.720470073156413
6.0	7.0	11.0	1.999999850988388	-3.0000002086162567	6.3999998569488525	2.1930277775456224	-3.088433571126416	6.5206329147833815
6.0	7.0	12.0	1.999999850988388	-3.0000002086162567	8.199999809265137	2.1161636352800612	-3.0516148284994045	8.306587703181851
6.0	7.0	13.0	1.999999850988388	-3.0000002086162567	9.999999761581421	2.0630625924441834	-3.027095982680384	10.084628735905666
6.0	7.0	14.0	1.999999850988388	-3.0000002086162567	11.799999713897705	2.028405561733501	-3.0118199248954847	11.860297753746723
6.0	8.0	2.0	1.7167115211486816	-1.526993840932846	-9.799999713897705	1.730938985689046	-1.5408434379976632	-9.723265881134887
6.0	8.0	3.0	1.7167115211486816	-1.526993840932846	-7.999999761581421	1.7546180791001944	-1.553971217194439	-7.909369220815748
6.0	8.0	4.0	1.7167115211486816	-1.526993840932846	-6.199999809265137	1.7963533382439754	-1.5775003669867742	-6.096982439862188
6.0	8.0	5.0	1.7167115211486816	-1.526993840932846	-4.3999998569488525	1.8626762873165197	-1.6152065348700209	-4.288833326083351
6.0	8.0	6.0	1.7167115211486816	-1.526993840932846	-2.5999999046325684	1.9508666400327723	-1.6636861001670673	-2.4921168399954263
6.0	8.0	7.0	1.7167115211486816	-1.526993840932846	-0.7999999523162842	2.036093146772538	-1.7058271493209016	-0.7095887783933624
6.0	8.0	8.0	1.7167115211486816	-1.526993840932846	1.0	2.071309927164918	-1.7158823073778462	1.0704398070493188
6.0	8.0	9.0	1.7167115211486816	-1.526993840932846	2.799999952316284	2.053643324185228	-1.6940669300082474	2.8639123441876926
6.0	8.0	10.0	1.7167115211486816	-1.526993840932846	4.599999904632568	1.9803621191992398	-1.6474254605775476	4.664913723891214
6.0	8.0	11.0	1.7167115211486816	-1.526993840932846	6.3999998569488525	1.8932777677972188	-1.5998978237956676	6.464885997573694
6.0	8.0	12.0	1.7167115211486816	-1.526993840932846	8.199999809265137	1.8224455431582094	-1.5653061783897306	8.26043663866012
6.0	8.0	13.0	1.7167115211486816	-1.526993840932846	9.999999761581421	1.773594452439985	-1.5441858768001602	10.051743430485951
6.0	8.0	14.0	1.7167115211486816	-1.526993840932846	11.799999713897705	1.7417864269214562	-1.5320682903737803	11.840187556539151
6.0	9.0	2.0	1.4334231913089752	-0.053987473249435425	-9.799999713897705	1.4448906748349504	-0.07447995288249754	-9.738583390123527
6.0	9.0	3.0	1.4334231913089752	-0.053987473249435425	-7.999999761581421	1.465161052901329	-0.09032339042714796	-7.926763067738842
6.0	9.0	4.0	1.4334231913089752	-0.053987473249435425	-6.199999809265137	1.4987591011628452	-0.1166332700253784	-6.115080157617692
6.0	9.0	5.0	1.4334231913089752	-0.053987473249435425	-4.3999998569488525	1.5479838225578988	-0.15757521708309194	-4.303400822186734
6.0	9.0	6.0	1.4334231913089752	-0.053987473249435425	-2.5999999046325684	1.6119420766026815	-0.20999744393523648	-2.5023261388536753
6.0	9.0	7.0	1.4334231913089752	-0.053987473249435425	-0.7999999523162842	1.677921361225891	-0.2556227415027902	-0.7231748537200801
6.0	9.0	8.0	1.4334231913089752	-0.053987473249435425	1.0	1.7144949860931544	-0.2682088135743509	1.0429534024371279
6.0	9.0	9.0	1.4334231913089752	-0.053987473249435425	2.799999952316284	1.7012436235985504	-0.24006351871449846	2.8175087587792835
6.0	9.0	10.0	1.4334231913089752	-0.053987473249435425	4.599999904632568	1.6449993843992161	-0.18701766427641664	4.6081334285814055
6.0	9.0	11.0	1.4334231913089752	-0.053987473249435425	6.3999998569488525	1.5773833061492224	-0.1343849886842465	6.409707970448813
6.0	9.0	12.0	1.4334231913089752	-0.053987473249435425	8.199999809265137	1.5205838809372818	-0.09577128473867774	8.2147876375968
6.0	9.0	13.0	1.4334231913089752	-0.053987473249435425	9.999999761581421	1.480385446847549	-0.07190225079973693	10.018549318157584
6.0	9.0	14.0	1.4334231913089752	-0.053987473249435425	11.799999713897705	1.4536614340789709	-0.0580264898410215	11.819008512049523
6.0	10.0	2.0	1.1501348614692688	1.4190188944339752	-9.799999713897705	1.1634177138485513	1.3983996553017368	-9.762167256011713
6.0	10.0	3.0	1.1501348614692688	1.4190188944339752	-7.999999761581421	1.1834523749225718	1.3834875748889208	-7.955342087287763
6.0	10.0	4.0	1.1501348614692688	1.4190188944339752	-6.199999809265137	1.2117785732872577	1.3602484866553328	-6.148475806036526
6.0	10.0	5.0	1.1501348614692688	1.4190188944339752	-4.3999998569488525	1.2438587768063019	1.3227811145951172	-4.33772640435029
6.0	10.0	6.0	1.1501348614692688	1.4190188944339752	-2.5999999046325684	1.278392687916042	1.2701098995242293	-2.5327991607667912
6.0	10.0	7.0	1.1501348614692688	1.4190188944339752	-0.7999999523162842	1.315639589954266	1.2184039134897269	-0.7500230491942288
6.0	10.0	8.0	1.1501348614692688	1.4190188944339752	1.0	1.341508662415962	1.1965707794957545	1.0145046638233615
6.0	10.0	9.0	1.1501348614692688	1.4190188944339752	2.799999952316284	1.3364379203923131	1.2187511552949963	2.7834762348370954
6.0	10.0	10.0	1.1501348614692688	1.4190188944339752	4.599999904632568	1.3024091939140727	1.2691058395768395	4.570529576583528
6.0	10.0	11.0	1.1501348614692688	1.4190188944339752	6.3999998569488525	1.25738768948869	1.3232591123916366	6.373354620442166
6.0	10.0	12.0	1.1501348614692688	1.4190188944339752	8.199999809265137	1.2166445427414394	1.3661382335884722	8.183786089052601
6.0	10.0	13.0	1.1501348614692688	1.4190188944339752	9.999999761581421	1.1861632735985548	1.3946403542119719	9.994912435552202
6.0	10.0	14.0	1.1501348614692688	1.4190188944339752	11.799999713897705	1.1651506654617143	1.4122504872566761	11.802950889510996
6.0	11.0	2.0	0.8668465316295624	2.892025262117386	-9.799999713897705	0.8829460564968795	2.875937649467875	-9.78108746111468
6.0	11.0	3.0	0.8668465316295624	2.892025262117386	-7.999999761581421	0.9031957759005561	2.8635550033333557	-7.97604535259769
6.0	11.0	4.0	0.8668465316295624	2.892025262117386	-6.199999809265137	0.9284607745800978	2.8467191913362515	-6.17259065559611
6.0	11.0	5.0	0.8668465316295624	2.892025262117386	-4.3999998569488525	0.9489662825498888	2.81897825312764	-4.365606990065655
6.0	11.0	6.0	0.8668465316295624	2.892025262117386	-2.5999999046325684	0.9608718408492576	2.7743440917347826	-2.5610068760052407
6.0	11.0	7.0	0.8668465316295624	2.892025262117386	-0.7999999523162842	0.9723788382031643	2.722399440197348	-0.7736825642995686
6.0	11.0	8.0	0.8668465316295624	2.892025262117386	1.0	0.9844044422521486	2.6911127481948784	0.9965630460394013
6.0	11.0	9.0	0.8668465316295624	2.892025262117386	2.799999952316284	0.9844902110175061	2.6999083917264857	2.7684849408159717
6.0	11.0	10.0	0.8668465316295624	2.892025262117386	4.599999904632568	0.9677062779212723	2.7393757609637057	4.555962837529354
6.0	11.0	11.0	0.8668465316295624	2.892025262117386	6.3999998569488525	0.941071401406583	2.788476754280414	6.358870628208487
6.0	11.0	12.0	0.8668465316295624	2.892025262117386	8.199999809265137	0.9141755334335342	2.8312031869014285	8.170262750475223
6.0	11.0	13.0	0.8668465316295624	2.892025262117386	9.999999761581421	0.8925112222659547	2.861894021944713	9.983400888050804
6.0	11.0	14.0	0.8668465316295624	2.892025262117386	11.799999713897705	0.876820144864595	2.882075049131691	11.794177185304221
6.0	12.0	2.0	0.583558201789856	4.3650316298007965	-9.799999713897705	0.5994038396061966	4.353534168592515	-9.792195878406499
6.0	12.0	3.0	0.583558201789856	4.3650316298007965	-7.999999761581421	0.6168163445906263	4.341432459861973	-7.985358903678747
6.0	12.0	4.0	0.583558201789856	4.3650316298007965	-6.199999809265137	0.6373692687599369	4.3283048914151	-6.182220650060824
6.0	12.0	5.0	0.583558201789856	4.3650316298007965	-4.3999998569488525	0.6506470306942403	4.310091743762239	-4.378963236180861
6.0	12.0	6.0	0.583558201789856	4.3650316298007965	-2.5999999046325684	0.6513217780440925	4.279068606838075	-2.577527591622728
6.0	12.0	7.0	0.583558201789856	4.3650316298007965	-0.7999999523162842	0.6485025770506292	4.236924233364651	-0.7873364708945457
6.0	12.0	8.0	0.583558201789856	4.3650316298007965	1.0	0.6505165079471826	4.204251996486942	0.990493549359199
6.0	12.0	9.0	0.583558201789856	4.3650316298007965	2.799999952316284	0.6519204814761544	4.201282788883704	2.7684794505175168
6.0	12.0	10.0	0.583558201789856	4.3650316298007965	4.599999904632568	0.6453039741292841	4.22697645779291	4.557769832035487
6.0	12.0	11.0	0.583558201789856	4.3650316298007965	6.3999998569488525	0.6310611870068626	4.26623399958689	6.359664241265773
6.0	12.0	12.0	0.583558201789856	4.3650316298007965	8.199999809265137	0.614428874426241	4.304164556479953	8.169305927384306
6.0	12.0	13.0	0.583558201789856	4.3650316298007965	9.999999761581421	0.5998488637642386	4.3334480818048675	9.981156171751843
6.0	12.0	14.0	0.583558201789856	4.3650316298007965	11.799999713897705	0.5887085744669308	4.353701138286716	11.79145787493115
7.0	2.0	2.0	4.594846546649933	-10.138401374220848	-9.799999713897705	4.600422979738824	-10.147208913493206	-9.801952810878818
7.0	2.0	3.0	4.594846546649933	-10.138401374220848	-7.999999761581421	4.615949714556393	-10.167441717330265	-8.016430771686524
7.0	2.0	4.0	4.594846546649933	-10.138401374220848	-6.199999809265137	4.636500684785554	-10.194921156831558	-6.228363146353107
7.0	2.0	5.0	4.594846546649933	-10.138401374220848	-4.3999998569488525	4.661971904720618	-10.229711177233924	-4.434563657032442
7.0	2.0	6.0	4.594846546649933	-10.138401374220848	-2.5999999046325684	4.689347320566716	-10.267832786448004	-2.6311286615006364
7.0	2.0	7.0	4.594846546649933	-10.138401374220848	-0.7999999523162842	4.712380524011234	-10.300740159318496	-0.8157507460378562
7.0	2.0	8.0	4.594846546649933	-10.138401374220848	1.0	4.723493100735944	-10.317902747460902	1.009206641349648
7.0	2.0	9.0	4.594846546649933	-10.138401374220848	2.799999952316284	4.71821704868637	-10.312728896012334	2.8356133060673323
7.0	2.0	10.0	4.594846546649933	-10.138401374220848	4.599999904632568	4.699156792773097	-10.287977037923211	4.6541557454735765
7.0	2.0	11.0	4.594846546649933	-10.138401374220848	6.3999998569488525	4.673091479122333	-10.252500039882278	6.4600742132327085
7.0	2.0	12.0	4.594846546649933	-10.138401374220848	8.199999809265137	4.646620716302234	-10.215595311612843	8.254187122559989
7.0	2.0	13.0	4.594846546649933	-10.138401374220848	9.999999761581421	4.623592928810142	-10.183087420766405	10.04070078931847
7.0	2.0	14.0	4.594846546649933	-10.138401374220848	11.799999713897705	4.605016616635823	-10.156800749123413	11.82484803482569
7.0	3.0	2.0	4.311558216810226	-8.665395006537437	-9.799999713897705	4.323413627351308	-8.677136263955905	-9.803125281909013
7.0	3.0	3.0	4.311558216810226	-8.665395006537437	-7.999999761581421	4.345127313963889	-8.699953473869066	-8.021904797097907
7.0	3.0	4.0	4.311558216810226	-8.665395006537437	-6.199999809265137	4.374904451047113	-8.732110990527639	-6.237726553309875
7.0	3.0	5.0	4.311558216810226	-8.665395006537437	-4.3999998569488525	4.413202053853042	-8.774551916654518	-4.446188055069861
7.0	3.0	6.0	4.311558216810226	-8.665395006537437	-2.5999999046325684	4.456139161037521	-8.82335567177152	-2.6413041526819083
7.0	3.0	7.0	4.311558216810226	-8.665395006537437	-0.7999999523162842	4.494103661500896	-8.868038542821536	-0.8187868795960186
7.0	3.0	8.0	4.311558216810226	-8.665395006537437	1.0	4.513716272623647	-8.893592586812943	1.0188859564579429
7.0	3.0	9.0	4.311558216810226	-8.665395006537437	2.799999952316284	4.506350164023039	-8.889403601852322	2.8592801147420506
7.0	3.0	10.0	4.311558216810226	-8.665395006537437	4.599999904632568	4.47646943736449	-8.858720499253629	4.687575217219328
7.0	3.0	11.0	4.311558216810226	-8.665395006537437	6.3999998569488525	4.435827760564973	-8.813786937666576	6.496559234387067
7.0	3.0	12.0	4.311558216810226	-8.665395006537437	8.199999809265137	4.3952639502497055	-8.767232787025238	8.287838112616798
7.0	3.0	13.0	4.311558216810226	-8.665395006537437	9.999999761581421	4.360704652354891	-8.72673904194695	10.067855884037398
7.0	3.0	14.0	4.311558216810226	-8.665395006537437	11.799999713897705	4.333559591168296	-8.694660568223535	11.844087396477097
7.0	4.0	2.0	4.02826988697052	-7.192388638854027	-9.799999713897705	4.045131887401657	-7.203818110142964	-9.79888467676099
7.0	4.0	3.0	4.02826988697052	-7.192388638854027	-7.999999761581421	4.072772489158414	-7.22623412905749	-8.020699864786105
7.0	4.0	4.0	4.02826988697052	-7.192388638854027	-6.199999809265137	4.112164046894496	-7.259307568145111	-6.239658488837663
7.0	4.0	5.0	4.02826988697052	-7.192388638854027	-4.3999998569488525	4.1650491012270985	-7.305246030798179	-4.4504990306632
7.0	4.0	6.0	4.02826988697052	-7.192388638854027	-2.5999999046325684	4.226995845677333	-7.360848679163451	-2.645086370238083
7.0	4.0	7.0	4.02826988697052	-7.192388638854027	-0.7999999523162842	4.2839738053452745	-7.414238199810192	-0.8165312240383322
7.0	4.0	8.0	4.02826988697052	-7.192388638854027	1.0	4.313323351191804	-7.445570075218508	1.0332951190701942
7.0	4.0	9.0	4.02826988697052	-7.192388638854027	2.799999952316284	4.302613140706241	-7.44168459211598	2.8873743022497744
7.0	4.0	10.0	4.02826988697052	-7.192388638854027	4.599999904632568	4.258597478002448	-7.406347531161816	4.724668917292862
7.0	4.0	11.0	4.02826988697052	-7.192388638854027	6.3999998569488525	4.199857376449896	-7.3550354192123955	6.5352642209593945
7.0	4.0	12.0	4.02826988697052	-7.192388638854027	8.199999809265137	4.1431479231602335	-7.303282363749365	8.32230276581585
7.0	4.0	13.0	4.02826988697052	-7.192388638854027	9.999999761581421	4.096383896982696	-7.259565680734795	10.09495581866063
7.0	4.0	14.0	4.02826988697052	-7.192388638854027	11.799999713897705	4.060729568268983	-7.2259065934101665	11.86298168590562
7.0	5.0	2.0	3.7449815571308136	-5.719382271170616	-9.799999713897705	3.764599216552425	-5.7283206582757815	-9.787151864988681
7.0	5.0	3.0	3.7449815571308136	-5.719382271170616	-7.999999761581421	3.796338810347637	-5.74715430603552	-8.008248027393373
7.0	5.0	4.0	3.7449815571308136	-5.719382271170616	-6.199999809265137	3.8438412867582867	-5.776718848843536	-6.22736550847813
7.0	5.0	5.0	3.7449815571308136	-5.719382271170616	-4.3999998569488525	3.910907854935552	-5.820431573474497	-4.439380941147776
7.0	5.0	6.0	3.7449815571308136	-5.719382271170616	-2.5999999046325684	3.9931074910652353	-5.8762590383218205	-2.634911261651741
7.0	5.0	7.0	3.7449815571308136	-5.719382271170616	-0.7999999523162842	4.070346058351063	-5.931412767760896	-0.8045147554334348
7.0	5.0	8.0	3.7449815571308136	-5.719382271170616	1.0	4.100514212751671	-5.958202228185961	1.0506636896323833
7.0	5.0	9.0	3.7449815571308136	-5.719382271170616	2.799999952316284	4.08969103716568	-5.9555317960206375	2.912722259224367
7.0	5.0	10.0	3.7449815571308136	-5.719382271170616	4.599999904632568	4.035690627042198	-5.9214908916312945	4.756666559215616
7.0	5.0	11.0	3.7449815571308136	-5.719382271170616	6.3999998569488525	3.9578486235994426	-5.869601799388051	6.566734100159956
7.0	5.0	12.0	3.7449815571308136	-5.719382271170616	8.199999809265137	3.885239047966922	-5.819570955786871	8.349161769839851
7.0	5.0	13.0	3.7449815571308136	-5.719382271170616	9.999999761581421	3.827591710175952	-5.779221430412531	10.115595034617117
7.0	5.0	14.0	3.7449815571308136	-5.719382271170616	11.799999713897705	3.7850987266872536	-5.749393004671728	11.877397343568559
7.0	6.0	2.0	3.461693227291107	-4.2463759034872055	-9.799999713897705	3.4805522470426307	-4.253602379927826	-9.768690936872286
7.0	6.0	3.0	3.461693227291107	-4.2463759034872055	-7.999999761581421	3.5128133019773418	-4.267616551193524	-7.98360717528226
7.0	6.0	4.0	3.461693227291107	-4.2463759034872055	-6.199999809265137	3.563597934694631	-4.290999617697126	-6.197988790451372
7.0	6.0	5.0	3.461693227291107	-4.2463759034872055	-4.3999998569488525	3.639550867925216	-4.327809833107842	-4.408348880573128
7.0	6.0	6.0	3.461693227291107	-4.2463759034872055	-2.5999999046325684	3.737001111445206	-4.376764290415149	-2.6063331877023055
7.0	6.0	7.0	3.461693227291107	-4.2463759034872055	-0.7999999523162842	3.8238728660622834	-4.42236219938716	-0.7813854438932359
7.0	6.0	8.0	3.461693227291107	-4.2463759034872055	1.0	3.8503724091670106	-4.438524146141784	1.065623134458026
7.0	6.0	9.0	3.461693227291107	-4.2463759034872055	2.799999952316284	3.841271027684612	-4.433789605323432	2.9235730719211945
7.0	6.0	10.0	3.461693227291107	-4.2463759034872055	4.599999904632568	3.7887033443687814	-4.405582058780942	4.769083100202609
7.0	6.0	11.0	3.461693227291107	-4.2463759034872055	6.3999998569488525	3.6973612517672425	-4.359795581278001	6.576971973827196
7.0	6.0	12.0	3.461693227291107	-4.2463759034872055	8.199999809265137	3.6142354673489008	-4.318750475238226	8.357029528894905
7.0	6.0	13.0	3.461693227291107	-4.2463759034872055	9.999999761581421	3.5505183389187787	-4.28797396714543	10.121709190146644
7.0	6.0	14.0	3.461693227291107	-4.2463759034872055	11.799999713897705	3.505042935021309	-4.266575137701997	11.882326007184547
7.0	7.0	2.0	3.1784048974514008	-2.773369535803795	-9.799999713897705	3.1923368055718377	-2.7828468201312977	-9.749396151845852
7.0	7.0	3.0	3.1784048974514008	-2.773369535803795	-7.999999761581421	3.220402734097203	-2.794029652845209	-7.954226437770071
7.0	7.0	4.0	3.1784048974514008	-2.773369535803795	-6.199999809265137	3.2674182534207183	-2.813248709650769	-6.159792296372746
7.0	7.0	5.0	3.1784048974514008	-2.773369535803795	-4.3999998569488525	3.3413315083833024	-2.843677295665476	-4.365184096576257
7.0	7.0	6.0	3.1784048974514008	-2.773369535803795	-2.5999999046325684	3.439940739920375	-2.883274977480483	-2.5660399699666736
7.0	7.0	7.0	3.1784048974514008	-2.773369535803795	-0.7999999523162842	3.53278283300536	-2.91769395762402	-0.7543471478519947
7.0	7.0	8.0	3.1784048974514008	-2.773369535803795	1.0	3.5657962007232467	-2.9247805367284263	1.0739973077569382
7.0	7.0	9.0	3.1784048974514008	-2.773369535803795	2.799999952316284	3.55725993138792	-2.911591994454921	2.9158415466999075
7.0	7.0	10.0	3.1784048974514008	-2.773369535803795	4.599999904632568	3.499313721642739	-2.8806373154884706	4.750058822614405
7.0	7.0	11.0	3.1784048974514008	-2.773369535803795	6.3999998569488525	3.4064652279722547	-2.8426817841102876	6.555267955356694
7.0	7.0	12.0	3.1784048974514008	-2.773369535803795	8.199999809265137	3.324124197427397	-2.8131683483923005	8.338107010600606
7.0	7.0	13.0	3.1784048974514008	-2.773369535803795	9.999999761581421	3.2625449716486816	-2.7937678896315714	10.108246977480876
7.0	7.0	14.0	3.1784048974514008	-2.773369535803795	11.799999713897705	3.219571161792262	-2.781747932301353	11.874720910222118
7.0	8.0	2.0	2.8951165676116943	-1.3003631681203842	-9.799999713897705	2.901623428190993	-1.3162356566771283	-9.738609110376256
7.0	8.0	3.0	2.8951165676116943	-1.3003631681203842	-7.999999761581421	2.9219815632237376	-1.328250418160722	-7.934445086746781
7.0	8.0	4.0	2.8951165676116943	-1.3003631681203842	-6.199999809265137	2.9585191326539335	-1.3480334732082229	-6.131785270695963
7.0	8.0	5.0	2.8951165676116943	-1.3003631681203842	-4.3999998569488525	3.018640692607673	-1.3777103112274027	-4.331559721735637
7.0	8.0	6.0	2.8951165676116943	-1.3003631681203842	-2.5999999046325684	3.1018580100634234	-1.4134208519208773	-2.5344611135907154
7.0	8.0	7.0	2.8951165676116943	-1.3003631681203842	-0.7999999523162842	3.1876422692846385	-1.4410239879077866	-0.7372430800251856
7.0	8.0	8.0	2.8951165676116943	-1.3003631681203842	1.0	3.2349313211509076	-1.4424441722435692	1.0685367198067275
7.0	8.0	9.0	2.8951165676116943	-1.3003631681203842	2.799999952316284	3.225109612139305	-1.41715427308473	2.885962788035857
7.0	8.0	10.0	2.8951165676116943	-1.3003631681203842	4.599999904632568	3.1642427132757724	-1.3781089536723368	4.702401309998426
7.0	8.0	11.0	2.8951165676116943	-1.3003631681203842	6.3999998569488525	3.0855862611226113	-1.3428123034643487	6.506408136952998
7.0	8.0	12.0	2.8951165676116943	-1.3003631681203842	8.199999809265137	3.0164527457053176	-1.3194398646038583	8.297056567647836
7.0	8.0	13.0	2.8951165676116943	-1.3003631681203842	9.999999761581421	2.9650941768992514	-1.3066648225275748	10.078705743785797
7.0	8.0	14.0	2.8951165676116943	-1.3003631681203842	11.799999713897705	2.9294675513698807	-1.3002563003181036	11.856592351486624
7.0	9.0	2.0	2.611828237771988	0.17264319956302643	-9.799999713897705	2.612423347605527	0.15046588800711486	-9.741993728935114
7.0	9.0	3.0	2.611828237771988	0.17264319956302643	-7.999999761581421	2.6253322936368524	0.1361105925550379	-7.933924068714321
7.0	9.0	4.0	2.611828237771988	0.17264319956302643	-6.199999809265137	2.6496812885390693	0.11380173464219207	-6.127666997692827
7.0	9.0	5.0	2.611828237771988	0.17264319956302643	-4.3999998569488525	2.690134611837845	0.08144596308426616	-4.324025323639451
7.0	9.0	6.0	2.611828237771988	0.17264319956302643	-2.5999999046325684	2.747566221212117	0.043551270107378554	-2.527199067291588
7.0	9.0	7.0	2.611828237771988	0.17264319956302643	-0.7999999523162842	2.8106196840459674	0.015757499041902517	-0.7395199469558008
7.0	9.0	8.0	2.611828237771988	0.17264319956302643	1.0	2.8514855555360326	0.016491277092027884	1.047175785738257
7.0	9.0	9.0	2.611828237771988	0.17264319956302643	2.799999952316284	2.847908826981933	0.04772454694380211	2.843242041078985
7.0	9.0	10.0	2.611828237771988	0.17264319956302643	4.599999904632568	2.8060288820639747	0.09214016825890538	4.647033795819603
7.0	9.0	11.0	2.611828237771988	0.17264319956302643	6.3999998569488525	2.75068198765312	0.13063532463737687	6.450968684238766
7.0	9.0	12.0	2.611828237771988	0.17264319956302643	8.199999809265137	2.7009682135636397	0.15554343036883644	8.250253967508463
7.0	9.0	13.0	2.611828237771988	0.17264319956302643	9.999999761581421	2.66347600262463	0.16873938912530648	10.044251499125675
7.0	9.0	14.0	2.611828237771988	0.17264319956302643	11.799999713897705	2.6371720072408578	0.17501798486769402	11.834498127110896
7.0	10.0	2.0	2.3285399079322815	1.645649567246437	-9.799999713897705	2.327486845698922	1.6219853057711402	-9.756197715223543
7.0	10.0	3.0	2.3285399079322815	1.645649567246437	-7.999999761581421	2.3361257418161623	1.6069470932301366	-7.948413827521957
7.0	10.0	4.0	2.3285399079322815	1.645649567246437	-6.199999809265137	2.3516186819689073	1.584606743471088	-6.1426131992480375
7.0	10.0	5.0	2.3285399079322815	1.645649567246437	-4.3999998569488525	2.3745657355074097	1.5517973466094737	-4.338268045469807
7.0	10.0	6.0	2.3285399079322815	1.645649567246437	-2.5999999046325684	2.405868417016577	1.5112847738975232	-2.5404618264149104
7.0	10.0	7.0	2.3285399079322815	1.645649567246437	-0.7999999523162842	2.4430450463968434	1.4784945909404053	-0.7552738045811632
7.0	10.0	8.0	2.3285399079322815	1.645649567246437	1.0	2.471607003895406	1.4738793770795624	1.0230117382809527
7.0	10.0	9.0	2.3285399079322815	1.645649567246437	2.799999952316284	2.4746675872106607	1.5021018573471117	2.8078296751259897
7.0	10.0	10.0	2.3285399079322815	1.645649567246437	4.599999904632568	2.4526040666624938	1.5469196817852404	4.604284143474492
7.0	10.0	11.0	2.3285399079322815	1.645649567246437	6.3999998569488525	2.419469581077005	1.5887392086744727	6.407998554020919
7.0	10.0	12.0	2.3285399079322815	1.645649567246437	8.199999809265137	2.3878405082700636	1.6181915331859429	8.212944862437622
7.0	10.0	13.0	2.3285399079322815	1.645649567246437	9.999999761581421	2.363048333130575	1.6356015937048702	10.015647878621351
7.0	10.0	14.0	2.3285399079322815	1.645649567246437	11.799999713897705	2.3452000810848097	1.6450905766906598	11.81517811202528
7.0	11.0	2.0	2.045251578092575	3.1186559349298477	-9.799999713897705	2.045567776700703	3.098958884038949	-9.773025671243238
7.0	11.0	3.0	2.045251578092575	3.1186559349298477	-7.999999761581421	2.0523320619227943	3.085042782583253	-7.966152720931064
7.0	11.0	4.0	2.045251578092575	3.1186559349298477	-6.199999809265137	2.0627661906368444	3.065413421814576	-6.161589668819828
7.0	11.0	5.0	2.045251578092575	3.1186559349298477	-4.3999998569488525	2.0742861411834457	3.036058093829788	-4.358063237933988
7.0	11.0	6.0	2.045251578092575	3.1186559349298477	-2.5999999046325684	2.086706674349191	2.996915208445254	-2.559597877013408
7.0	11.0	7.0	2.045251578092575	3.1186559349298477	-0.7999999523162842	2.1031485735433	2.9604986338474797	-0.7728419747319043
7.0	11.0	8.0	2.045251578092575	3.1186559349298477	1.0	2.1198036531805124	2.9474937585337546	1.005426954992696
7.0	11.0	9.0	2.045251578092575	3.1186559349298477	2.799999952316284	2.1257439677965757	2.9665482244333123	2.78760986441273
7.0	11.0	10.0	2.045251578092575	3.1186559349298477	4.599999904632568	2.117307245238289	3.005400403074475	4.580974344188012
7.0	11.0	11.0	2.045251578092575	3.1186559349298477	6.3999998569488525	2.100173817504728	3.046373891019705	6.383726717775061
7.0	11.0	12.0	2.045251578092575	3.1186559349298477	8.199999809265137	2.081760430413092	3.0786465316719465	8.190616915314818
7.0	11.0	13.0	2.045251578092575	3.1186559349298477	9.999999761581421	2.0663538345737633	3.1000113908005287	9.997411834156448
7.0	11.0	14.0	2.045251578092575	3.1186559349298477	11.799999713897705	2.054844045476248	3.112993061416736	11.801990285711122
7.0	12.0	2.0	1.7619632482528687	4.591662302613258	-9.799999713897705	1.7641106082606262	4.578849474413323	-9.787338395831808
7.0	12.0	3.0	1.7619632482528687	4.591662302613258	-7.999999761581421	1.7691973748899694	4.566097121320306	-7.980326355221172
7.0	12.0	4.0	1.7619632482528687	4.591662302613258	-6.199999809265137	1.7759912301603065	4.549210485714608	-6.175926106908198
7.0	12.0	5.0	1.7619632482528687	4.591662302613258	-4.3999998569488525	1.7810094663167335	4.524714445596091	-4.373226409444675
7.0	12.0	6.0	1.7619632482528687	4.591662302613258	-2.5999999046325684	1.7832969648909698	4.490873983376732	-2.5746907847514358
7.0	12.0	7.0	1.7619632482528687	4.591662302613258	-0.7999999523162842	1.7875185088186027	4.4558733379345785	-0.7852866001682235
7.0	12.0	8.0	1.7619632482528687	4.591662302613258	1.0	1.7954777758502711	4.437250868345174	0.9966336463517377
7.0	12.0	9.0	1.7619632482528687	4.591662302613258	2.799999952316284	1.8013355491902487	4.445832649778489	2.7803728918068926
7.0	12.0	10.0	1.7619632482528687	4.591662302613258	4.599999904632568	1.8000093861571609	4.4752112348094375	4.572881604965403
7.0	12.0	11.0	1.7619632482528687	4.591662302613258	6.3999998569488525	1.792382325405319	4.511336258546943	6.374229023998098
7.0	12.0	12.0	1.7619632482528687	4.591662302613258	8.199999809265137	1.7824251731495937	4.543080915762185	8.180648682455171
7.0	12.0	13.0	1.7619632482528687	4.591662302613258	9.999999761581421	1.7733154495015597	4.566126177508652	9.988269311677847
7.0	12.0	14.0	1.7619632482528687	4.591662302613258	11.799999713897705	1.7661458314434573	4.581210423870203	11.794661379221385
8.0	2.0	2.0	5.773251593112946	-9.911770701408386	-9.799999713897705	5.777792028906067	-9.917320238580738	-9.800469724074855
8.0	2.0	3.0	5.773251593112946	-9.911770701408386	-7.999999761581421	5.79531684062244	-9.93478179898231	-8.014295300973885
8.0	2.0	4.0	5.773251593112946	-9.911770701408386	-6.199999809265137	5.818110330815108	-9.957856503218274	-6.225459071494338
8.0	2.0	5.0	5.773251593112946	-9.911770701408386	-4.3999998569488525	5.845859335723782	-9.986335688837624	-4.431128427629131
8.0	2.0	6.0	5.773251593112946	-9.911770701408386	-2.5999999046325684	5.875131989405641	-10.016746835713686	-2.628086448257545
8.0	2.0	7.0	5.773251593112946	-9.911770701408386	-0.7999999523162842	5.899319259353461	-10.042230265075219	-0.8147188103352594
8.0	2.0	8.0	5.773251593112946	-9.911770701408386	1.0	5.910808302552704	-10.054825168590249	1.0065790773082788
8.0	2.0	9.0	5.773251593112946	-9.911770701408386	2.799999952316284	5.905198915704261	-10.049830784964131	2.8288583612407856
8.0	2.0	10.0	5.773251593112946	-9.911770701408386	4.599999904632568	5.885015413913447	-10.029570730866576	4.644394648850164
8.0	2.0	11.0	5.773251593112946	-9.911770701408386	6.3999998569488525	5.85707833856077	-10.000921716069122	6.4491964455488455
8.0	2.0	12.0	5.773251593112946	-9.911770701408386	8.199999809265137	5.828306418613891	-9.971124229757377	8.243898741265108
8.0	2.0	13.0	5.773251593112946	-9.911770701408386	9.999999761581421	5.8029285523532135	-9.944747038874233	10.032099844640634
8.0	2.0	14.0	5.773251593112946	-9.911770701408386	11.799999713897705	5.782162650869761	-9.923199930095391	11.818451690730472
8.0	3.0	2.0	5.489963263273239	-8.438764333724976	-9.799999713897705	5.502047911999544	-8.448600339217169	-9.804131267590003
8.0	3.0	3.0	5.489963263273239	-8.438764333724976	-7.999999761581421	5.527087175262343	-8.469035800624237	-8.022878375169281
8.0	3.0	4.0	5.489963263273239	-8.438764333724976	-6.199999809265137	5.56058121312728	-8.496849576732695	-6.238166071409646
8.0	3.0	5.0	5.489963263273239	-8.438764333724976	-4.3999998569488525	5.602499016669878	-8.53224536468659	-4.445833570978208
8.0	3.0	6.0	5.489963263273239	-8.438764333724976	-2.5999999046325684	5.648237892110687	-8.57147028457731	-2.640797517315556
8.0	3.0	7.0	5.489963263273239	-8.438764333724976	-0.7999999523162842	5.687816599807678	-8.606013354433376	-0.8200035223844603
8.0	3.0	8.0	5.489963263273239	-8.438764333724976	1.0	5.708272335112072	-8.624692198017428	1.0135742341674505
8.0	3.0	9.0	5.489963263273239	-8.438764333724976	2.799999952316284	5.701163389457836	-8.619998135073333	2.8490668195241478
8.0	3.0	10.0	5.489963263273239	-8.438764333724976	4.599999904632568	5.670409067621685	-8.594737454332678	4.673997921029879
8.0	3.0	11.0	5.489963263273239	-8.438764333724976	6.3999998569488525	5.62730172482298	-8.558267403559618	6.482163538701379
8.0	3.0	12.0	5.489963263273239	-8.438764333724976	8.199999809265137	5.583022322423345	-8.520327071399196	8.274701489326386
8.0	3.0	13.0	5.489963263273239	-8.438764333724976	9.999999761581421	5.544290158564364	-8.486998979660017	10.05710416632155
8.0	3.0	14.0	5.489963263273239	-8.438764333724976	11.799999713897705	5.51315225217405	-8.460248112727621	11.83612486885514
8.0	4.0	2.0	5.206674933433533	-6.965757966041565	-9.799999713897705	5.224745722839905	-6.976815020925112	-9.804355506506848
8.0	4.0	3.0	5.206674933433533	-6.965757966041565	-7.999999761581421	5.256833002329324	-6.997373416882775	-8.027516581833593
8.0	4.0	4.0	5.206674933433533	-6.965757966041565	-6.199999809265137	5.300951830120813	-7.026271571519331	-6.246727083494373
8.0	4.0	5.0	5.206674933433533	-6.965757966041565	-4.3999998569488525	5.3579542463624055	-7.064433556337342	-4.456657450428454
8.0	4.0	6.0	5.206674933433533	-6.965757966041565	-2.5999999046325684	5.422427470305613	-7.1084529796832685	-2.6501850854514175
8.0	4.0	7.0	5.206674933433533	-6.965757966041565	-0.7999999523162842	5.480413856369504	-7.148835695074718	-0.8223078281737162
8.0	4.0	8.0	5.206674933433533	-6.965757966041565	1.0	5.5110638646594134	-7.171267536995562	1.023837167438113
8.0	4.0	9.0	5.206674933433533	-6.965757966041565	2.799999952316284	5.5019834733864394	-7.166548135282945	2.872989580833927
8.0	4.0	10.0	5.206674933433533	-6.965757966041565	4.599999904632568	5.458667562744677	-7.13799006777462	4.707235245941269
8.0	4.0	11.0	5.206674933433533	-6.965757966041565	6.3999998569488525	5.398086480594852	-7.097064907279659	6.517932090644981
8.0	4.0	12.0	5.206674933433533	-6.965757966041565	8.199999809265137	5.336978495547962	-7.055408635649475	8.307287840002909
8.0	4.0	13.0	5.206674933433533	-6.965757966041565	9.999999761581421	5.284504182735354	-7.0196409603893155	10.08308584861033
8.0	4.0	14.0	5.206674933433533	-6.965757966041565	11.799999713897705	5.243076234782498	-6.99157135537609	11.854281418659305
8.0	5.0	2.0	4.923386603593826	-5.492751598358154	-9.799999713897705	4.944667698927187	-5.502449610829156	-9.799350302750204
8.0	5.0	3.0	4.923386603593826	-5.492751598358154	-7.999999761581421	4.9814450448244	-5.519919717944108	-8.024273858952869
8.0	5.0	4.0	4.923386603593826	-5.492751598358154	-6.199999809265137	5.033762485652203	-5.545499757128054	-6.2454416294638495
8.0	5.0	5.0	4.923386603593826	-5.492751598358154	-4.3999998569488525	5.10404663012198	-5.580872141852348	-4.456999379109836
8.0	5.0	6.0	4.923386603593826	-5.492751598358154	-2.5999999046325684	5.186752000298413	-5.623498230263271	-2.6502433591985977
8.0	5.0	7.0	4.923386603593826	-5.492751598358154	-0.7999999523162842	5.263122786023588	-5.663598923633085	-0.818081885151888
8.0	5.0	8.0	4.923386603593826	-5.492751598358154	1.0	5.295802513953204	-5.681654469211113	1.0361965681100282
8.0	5.0	9.0	4.923386603593826	-5.492751598358154	2.799999952316284	5.28818155403392	-5.67775734220799	2.8951228665902167
8.0	5.0	10.0	4.923386603593826	-5.492751598358154	4.599999904632568	5.237814606702823	-5.651306331486448	4.737390439987067
8.0	5.0	11.0	4.923386603593826	-5.492751598358154	6.3999998569488525	5.160374403530604	-5.611400016543743	6.5490984991845105
8.0	5.0	12.0	4.923386603593826	-5.492751598358154	8.199999809265137	5.083877924888063	-5.5724339574390465	8.334928583941927
8.0	5.0	13.0	4.923386603593826	-5.492751598358154	9.999999761581421	5.019732733558967	-5.5403016659911355	10.10485017430714
8.0	5.0	14.0	4.923386603593826	-5.492751598358154	11.799999713897705	4.970152250363334	-5.515927771565438	11.869557699716758
8.0	6.0	2.0	4.64009827375412	-4.019745230674744	-9.799999713897705	4.660594775588089	-4.027656511700997	-9.788631760695695
8.0	6.0	3.0	4.64009827375412	-4.019745230674744	-7.999999761581421	4.697478361356923	-4.0401140388793	-8.010700715365743
8.0	6.0	4.0	4.64009827375412	-4.019745230674744	-6.199999809265137	4.7522546156276455	-4.059247167743366	-6.230025947609706
8.0	6.0	5.0	4.64009827375412	-4.019745230674744	-4.3999998569488525	4.829230821435347	-4.086988207150772	-4.441367374529558
8.0	6.0	6.0	4.64009827375412	-4.019745230674744	-2.5999999046325684	4.923658680164689	-4.121609368364156	-2.6358969131459458
8.0	6.0	7.0	4.64009827375412	-4.019745230674744	-0.7999999523162842	5.008219506518817	-4.152410064114918	-0.8051760324980806
8.0	6.0	8.0	4.64009827375412	-4.019745230674744	1.0	5.038334830423127	-4.161798032912443	1.0472553403354241
8.0	6.0	9.0	4.64009827375412	-4.019745230674744	2.799999952316284	5.033409155582796	-4.156257158499652	2.9065457604927585
8.0	6.0	10.0	4.64009827375412	-4.019745230674744	4.599999904632568	4.987689762220416	-4.135733743349263	4.753004586553301
8.0	6.0	11.0	4.64009827375412	-4.019745230674744	6.3999998569488525	4.900274021147084	-4.102942593086146	6.564218583565162
8.0	6.0	12.0	4.64009827375412	-4.019745230674744	8.199999809265137	4.814994437039112	-4.073270960428435	8.347952759473886
8.0	6.0	13.0	4.64009827375412	-4.019745230674744	9.999999761581421	4.745076211697982	-4.050537659574067	10.115289949878564
8.0	6.0	14.0	4.64009827375412	-4.019745230674744	11.799999713897705	4.692142719318092	-4.0342796191822226	11.877412009084601
8.0	7.0	2.0	4.3568099439144135	-2.546738862991333	-9.799999713897705	4.372066201074557	-2.5552031966911897	-9.774778674807344
8.0	7.0	3.0	4.3568099439144135	-2.546738862991333	-7.999999761581421	4.403534476992776	-2.56361049004659	-7.989440777545086
8.0	7.0	4.0	4.3568099439144135	-2.546738862991333	-6.199999809265137	4.452421161015447	-2.576791216666311	-6.202911998325375
8.0	7.0	5.0	4.3568099439144135	-2.546738862991333	-4.3999998569488525	4.524794153734483	-2.5962494943175596	-4.411659117914485
8.0	7.0	6.0	4.3568099439144135	-2.546738862991333	-2.5999999046325684	4.617587640978702	-2.6201997452737693	-2.6088402416342826
8.0	7.0	7.0	4.3568099439144135	-2.546738862991333	-0.7999999523162842	4.707266937013278	-2.6400744444431425	-0.7866270981103028
8.0	7.0	8.0	4.3568099439144135	-2.546738862991333	1.0	4.744476555727775	-2.6418482003278063	1.0547463795230363
8.0	7.0	9.0	4.3568099439144135	-2.546738862991333	2.799999952316284	4.740997035757051	-2.6303136503449873	2.904854634920968
8.0	7.0	10.0	4.3568099439144135	-2.546738862991333	4.599999904632568	4.691131850624986	-2.609344300877317	4.743964442068278
8.0	7.0	11.0	4.3568099439144135	-2.546738862991333	6.3999998569488525	4.6055217539774045	-2.585758598641461	6.5534279656107906
8.0	7.0	12.0	4.3568099439144135	-2.546738862991333	8.199999809265137	4.523377680605175	-2.5681522765513676	8.338609529607247
8.0	7.0	13.0	4.3568099439144135	-2.546738862991333	9.999999761581421	4.456981138997752	-2.556954286050112	10.10898078087854
8.0	7.0	14.0	4.3568099439144135	-2.546738862991333	11.799999713897705	4.407396509637266	-2.550177640969598	11.874378089375353
8.0	8.0	2.0	4.073521614074707	-1.0737324953079224	-9.799999713897705	4.080604745837784	-1.0862294401904011	-9.763430838912898
8.0	8.0	3.0	4.073521614074707	-1.0737324953079224	-7.999999761581421	4.102665080044099	-1.0938024125117456	-7.969179264377718
8.0	8.0	4.0	4.073521614074707	-1.0737324953079224	-6.199999809265137	4.13909837128625	-1.1051501322174815	-6.175300107989794
8.0	8.0	5.0	4.073521614074707	-1.0737324953079224	-4.3999998569488525	4.195740468562814	-1.120851168008237	-4.380273204033021
8.0	8.0	6.0	4.073521614074707	-1.0737324953079224	-2.5999999046325684	4.271717004610096	-1.1381875593972162	-2.580565318021786
8.0	8.0	7.0	4.073521614074707	-1.0737324953079224	-0.7999999523162842	4.350419218716813	-1.14895311794177	-0.7709065221990247
8.0	8.0	8.0	4.073521614074707	-1.0737324953079224	1.0	4.398796195587826	-1.1438201316423364	1.0525950323563498
8.0	8.0	9.0	4.073521614074707	-1.0737324953079224	2.799999952316284	4.395823979250464	-1.123985550602058	2.884592200539313
8.0	8.0	10.0	4.073521614074707	-1.0737324953079224	4.599999904632568	4.346926365429425	-1.0999515817615917	4.709988777218423
8.0	8.0	11.0	4.073521614074707	-1.0737324953079224	6.3999998569488525	4.277484798544492	-1.0816354445829173	6.517930647258899
8.0	8.0	12.0	4.073521614074707	-1.0737324953079224	8.199999809265137	4.2107262256367415	-1.071992822845068	8.308340029749859
8.0	8.0	13.0	4.073521614074707	-1.0737324953079224	9.999999761581421	4.156691417288877	-1.0687084357716676	10.087009734216576
8.0	8.0	14.0	4.073521614074707	-1.0737324953079224	11.799999713897705	4.116379767272045	-1.0685107641033296	11.860939932671917
8.0	9.0	2.0	3.7902332842350006	0.3992738723754883	-9.799999713897705	3.789597002077993	0.3813874393565146	-9.759764884919216
8.0	9.0	3.0	3.7902332842350006	0.3992738723754883	-7.999999761581421	3.8017944542072173	0.3720011447789854	-7.958759371735431
8.0	9.0	4.0	3.7902332842350006	0.3992738723754883	-6.199999809265137	3.823997078419927	0.35890782526513854	-6.159444846262152
8.0	9.0	5.0	3.7902332842350006	0.3992738723754883	-4.3999998569488525	3.8605876727092756	0.341994179432308	-4.361516149437905
8.0	9.0	6.0	3.7902332842350006	0.3992738723754883	-2.5999999046325684	3.9120726405292503	0.32484320130472466	-2.5643661404491356
8.0	9.0	7.0	3.7902332842350006	0.3992738723754883	-0.7999999523162842	3.968649053273244	0.3165734194887674	-0.7658345836917438
8.0	9.0	8.0	3.7902332842350006	0.3992738723754883	1.0	4.007958046937458	0.3260416853347454	1.0390690601624721
8.0	9.0	9.0	3.7902332842350006	0.3992738723754883	2.799999952316284	4.010902426741105	0.35091354153608717	2.8518705184596405
8.0	9.0	10.0	3.7902332842350006	0.3992738723754883	4.599999904632568	3.980330893051231	0.37835734073152305	4.665553295521397
8.0	9.0	11.0	3.7902332842350006	0.3992738723754883	6.3999998569488525	3.9341199090455246	0.39771189498056403	6.472130329831307
8.0	9.0	12.0	3.7902332842350006	0.3992738723754883	8.199999809265137	3.888268790016791	0.4067801186918842	8.268802697434667
8.0	9.0	13.0	3.7902332842350006	0.3992738723754883	9.999999761581421	3.85042886143169	0.4087261065573009	10.057450548179565
8.0	9.0	14.0	3.7902332842350006	0.3992738723754883	11.799999713897705	3.8218559997562385	0.40743114228866706	11.84186391556243
8.0	10.0	2.0	3.506944954395294	1.872280240058899	-9.799999713897705	3.5019158705108873	1.8513143332652868	-9.764544426378832
8.0	10.0	3.0	3.506944954395294	1.872280240058899	-7.999999761581421	3.507001534678928	1.839787446905261	-7.960083723259002
8.0	10.0	4.0	3.506944954395294	1.872280240058899	-6.199999809265137	3.5179262726805853	1.8243299772032155	-6.158038555410004
8.0	10.0	5.0	3.506944954395294	1.872280240058899	-4.3999998569488525	3.537237024292702	1.8047521069638854	-4.358568218455097
8.0	10.0	6.0	3.506944954395294	1.872280240058899	-2.5999999046325684	3.5659492969492317	1.784498330553131	-2.5626267101945572
8.0	10.0	7.0	3.506944954395294	1.872280240058899	-0.7999999523162842	3.600331091222308	1.773161427111018	-0.7703621482290114
8.0	10.0	8.0	3.506944954395294	1.872280240058899	1.0	3.6278657453105754	1.7805348503261877	1.022827355933529
8.0	10.0	9.0	3.506944954395294	1.872280240058899	2.799999952316284	3.635101402305062	1.8052437960075682	2.82231976773555
8.0	10.0	10.0	3.506944954395294	1.872280240058899	4.599999904632568	3.6211123017027953	1.8348543778093171	4.627062461263022
8.0	10.0	11.0	3.506944954395294	1.872280240058899	6.3999998569488525	3.5955380162421213	1.8579921634480767	6.431912461306148
8.0	10.0	12.0	3.506944954395294	1.872280240058899	8.199999809265137	3.568392943575444	1.8711609016023183	8.23304986280395
8.0	10.0	13.0	3.506944954395294	1.872280240058899	9.999999761581421	3.5451396191472395	1.876547603288144	10.029693740405204
8.0	10.0	14.0	3.506944954395294	1.872280240058899	11.799999713897705	3.527185422556245	1.87771857154701	11.82308137562481
8.0	11.0	2.0	3.2236566245555878	3.3452866077423096	-9.799999713897705	3.217850450299875	3.3255170193933252	-9.77436174799796
8.0	11.0	3.0	3.2236566245555878	3.3452866077423096	-7.999999761581421	3.2190528566693537	3.31287022978113	-7.968560727233833
8.0	11.0	4.0	3.2236566245555878	3.3452866077423096	-6.199999809265137	3.223187396227014	3.2962527718547947	-6.165358779709319
8.0	11.0	5.0	3.2236566245555878	3.3452866077423096	-4.3999998569488525	3.23095790701625	3.2749570859850614	-4.364976391838603
8.0	11.0	6.0	3.2236566245555878	3.3452866077423096	-2.5999999046325684	3.243463661923347	3.251710538993236	-2.5689662015316324
8.0	11.0	7.0	3.2236566245555878	3.3452866077423096	-0.7999999523162842	3.261027873680563	3.235643021701323	-0.7785717059025042
8.0	11.0	8.0	3.2236566245555878	3.3452866077423096	1.0	3.2782899072999006	3.2371591199773553	1.0098415876348092
8.0	11.0	9.0	3.2236566245555878	3.3452866077423096	2.799999952316284	3.286669734673604	3.2571872874066186	2.8025477526532088
8.0	11.0	10.0	3.2236566245555878	3.3452866077423096	4.599999904632568	3.2830935384340387	3.285684927276903	4.601652320781886
8.0	11.0	11.0	3.2236566245555878	3.3452866077423096	6.3999998569488525	3.2714568131977693	3.3114817119870077	6.404516565998892
8.0	11.0	12.0	3.2236566245555878	3.3452866077423096	8.199999809265137	3.257415255924809	3.3293396640882986	8.207624333883155
8.0	11.0	13.0	3.2236566245555878	3.3452866077423096	9.999999761581421	3.2446640559209157	3.3395339855830763	10.009000245710224
8.0	11.0	14.0	3.2236566245555878	3.3452866077423096	11.799999713897705	3.2344853992515668	3.344589203603634	11.80831075404885
8.0	12.0	2.0	2.9403682947158813	4.81829297542572	-9.799999713897705	2.936020062934762	4.803457167742776	-9.785359095867994
8.0	12.0	3.0	2.9403682947158813	4.81829297542572	-7.999999761581421	2.9353179081049854	4.790631861837046	-7.978994549494694
8.0	12.0	4.0	2.9403682947158813	4.81829297542572	-6.199999809265137	2.935645393351807	4.773761785495532	-6.174971983077288
8.0	12.0	5.0	2.9403682947158813	4.81829297542572	-4.3999998569488525	2.936980001771618	4.752067308372636	-4.373814024180269
8.0	12.0	6.0	2.9403682947158813	4.81829297542572	-2.5999999046325684	2.9401700545022167	4.727473677406993	-2.5770256723603904
8.0	12.0	7.0	2.9403682947158813	4.81829297542572	-0.7999999523162842	2.947031749385379	4.707574308338762	-0.7859971883069717
8.0	12.0	8.0	2.9403682947158813	4.81829297542572	1.0	2.956468320786259	4.702530236046437	1.0018095389569328
8.0	12.0	9.0	2.9403682947158813	4.81829297542572	2.799999952316284	2.963651278612593	4.715757447542354	2.7920131549996348
8.0	12.0	10.0	2.9403682947158813	4.81829297542572	4.599999904632568	2.9650982434918465	4.740343033133851	4.5879256450889905
8.0	12.0	11.0	2.9403682947158813	4.81829297542572	6.3999998569488525	2.9614324017856237	4.76643083575308	6.388838608685701
8.0	12.0	12.0	2.9403682947158813	4.81829297542572	8.199999809265137	2.955416543290934	4.787514640244397	8.192167881283728
8.0	12.0	13.0	2.9403682947158813	4.81829297542572	9.999999761581421	2.9493445229268307	4.801784757282201	9.995665654349908
8.0	12.0	14.0	2.9403682947158813	4.81829297542572	11.799999713897705	2.944201820073833	4.810371967642419	11.798208038850381
9.0	2.0	2.0	6.951656639575958	-9.685140028595924	-9.799999713897705	6.95291195940855	-9.686936842019255	-9.798269855837832
9.0	2.0	3.0	6.951656639575958	-9.685140028595924	-7.999999761581421	6.969446920766843	-9.699833710695684	-8.009632420696109
9.0	2.0	4.0	6.951656639575958	-9.685140028595924	-6.199999809265137	6.990508977352897	-9.716478380691726	-6.2187094781547465
9.0	2.0	5.0	6.951656639575958	-9.685140028595924	-4.3999998569488525	7.015659436043392	-9.736592122002605	-4.423349041211758
9.0	2.0	6.0	6.951656639575958	-9.685140028595924	-2.5999999046325684	7.041609172068764	-9.757581550597674	-2.621262089412333
9.0	2.0	7.0	6.951656639575958	-9.685140028595924	-0.7999999523162842	7.062422766453088	-9.774633784895695	-0.8114948938761052
9.0	2.0	8.0	6.951656639575958	-9.685140028595924	1.0	7.071710984975508	-9.782493510636218	1.0039330807084808
9.0	2.0	9.0	6.951656639575958	-9.685140028595924	2.799999952316284	7.06607723211501	-9.778310412772072	2.8199066680680884
9.0	2.0	10.0	6.951656639575958	-9.685140028595924	4.599999904632568	7.047790050481112	-9.76381280214954	4.63089250942532
9.0	2.0	11.0	6.951656639575958	-9.685140028595924	6.3999998569488525	7.022713738689354	-9.743706508442507	6.433991701514174
9.0	2.0	12.0	6.951656639575958	-9.685140028595924	8.199999809265137	6.996863300891148	-9.722910322567442	8.229654154256187
9.0	2.0	13.0	6.951656639575958	-9.685140028595924	9.999999761581421	6.973932374221649	-9.704486596596938	10.020588341186373
9.0	2.0	14.0	6.951656639575958	-9.685140028595924	11.799999713897705	6.954920718760796	-9.689295311199228	11.810420579703434
9.0	3.0	2.0	6.668368309736252	-8.212133660912514	-9.799999713897705	6.677420137841498	-8.218138038333656	-9.802366890701949
9.0	3.0	3.0	6.668368309736252	-8.212133660912514	-7.999999761581421	6.701888217528511	-8.233668716143242	-8.018255375723385
9.0	3.0	4.0	6.668368309736252	-8.212133660912514	-6.199999809265137	6.7337893967372695	-8.25422092159707	-6.2309493918217305
9.0	3.0	5.0	6.668368309736252	-8.212133660912514	-4.3999998569488525	6.772642469916313	-8.27962790274042	-4.437134814391489
9.0	3.0	6.0	6.668368309736252	-8.212133660912514	-2.5999999046325684	6.813789667582165	-8.306920099665343	-2.633107941073606
9.0	3.0	7.0	6.668368309736252	-8.212133660912514	-0.7999999523162842	6.848254869039757	-8.330102358784464	-0.8170338963965585
9.0	3.0	8.0	6.668368309736252	-8.212133660912514	1.0	6.865372902602053	-8.341918889270802	1.0083342676085185
9.0	3.0	9.0	6.668368309736252	-8.212133660912514	2.799999952316284	6.858541563190219	-8.337812869997009	2.8348846646171375
9.0	3.0	10.0	6.668368309736252	-8.212133660912514	4.599999904632568	6.830965330241911	-8.319797149183776	4.653557114196399
9.0	3.0	11.0	6.668368309736252	-8.212133660912514	6.3999998569488525	6.79201661187361	-8.294116046743637	6.459672170403231
9.0	3.0	12.0	6.668368309736252	-8.212133660912514	8.199999809265137	6.751395928161249	-8.267335838502412	8.25388673787378
9.0	3.0	13.0	6.668368309736252	-8.212133660912514	9.999999761581421	6.71525639883855	-8.243630344567093	10.040294981165761
9.0	3.0	14.0	6.668368309736252	-8.212133660912514	11.799999713897705	6.685640330175955	-8.224364557496473	11.82423804057138
9.0	4.0	2.0	6.385079979896545	-6.739127293229103	-9.799999713897705	6.400777507947721	-6.746904844864388	-9.804734323992056
9.0	4.0	3.0	6.385079979896545	-6.739127293229103	-7.999999761581421	6.4328270208332725	-6.762666120485714	-8.025105497304722
9.0	4.0	4.0	6.385079979896545	-6.739127293229103	-6.199999809265137	6.4753849542828545	-6.784005877925028	-6.241488863467891
9.0	4.0	5.0	6.385079979896545	-6.739127293229103	-4.3999998569488525	6.528309754241199	-6.81108741081142	-4.44945556548901
9.0	4.0	6.0	6.385079979896545	-6.739127293229103	-2.5999999046325684	6.58586733541762	-6.841100620597017	-2.6437323313393692
9.0	4.0	7.0	6.385079979896545	-6.739127293229103	-0.7999999523162842	6.635800660996101	-6.867542027167738	-0.8212767107377539
9.0	4.0	8.0	6.385079979896545	-6.739127293229103	1.0	6.661985334053031	-6.881634377804777	1.014646178089018
9.0	4.0	9.0	6.385079979896545	-6.739127293229103	2.799999952316284	6.653752072248195	-6.8775277739688345	2.852486075328584
9.0	4.0	10.0	6.385079979896545	-6.739127293229103	4.599999904632568	6.6157012089307345	-6.857661101801648	4.679076379258624
9.0	4.0	11.0	6.385079979896545	-6.739127293229103	6.3999998569488525	6.561691243073753	-6.829514061964714	6.487898397900382
9.0	4.0	12.0	6.385079979896545	-6.739127293229103	8.199999809265137	6.5056487997625885	-6.8005816996303645	8.280102717465558
9.0	4.0	13.0	6.385079979896545	-6.739127293229103	9.999999761581421	6.456104895822556	-6.775351341104894	10.061408202657315
9.0	4.0	14.0	6.385079979896545	-6.739127293229103	11.799999713897705	6.415863129069865	-6.755175351892161	11.838964692851295
9.0	5.0	2.0	6.101791650056839	-5.266120925545692	-9.799999713897705	6.121934245839362	-5.2732881641149225	-9.80425402668317
9.0	5.0	3.0	6.101791650056839	-5.266120925545692	-7.999999761581421	6.159359753473943	-5.286477152257209	-8.027454074608936
9.0	5.0	4.0	6.101791650056839	-5.266120925545692	-6.199999809265137	6.2101501859804875	-5.304826003016496	-6.246356859546931
9.0	5.0	5.0	6.101791650056839	-5.266120925545692	-4.3999998569488525	6.27500103308448	-5.328911494940315	-4.455782556612212
9.0	5.0	6.0	6.101791650056839	-5.266120925545692	-2.5999999046325684	6.347713444703978	-5.356587098628979	-2.649088107308664
9.0	5.0	7.0	6.101791650056839	-5.266120925545692	-0.7999999523162842	6.412894883466427	-5.381702910923779	-0.8218603282246882
9.0	5.0	8.0	6.101791650056839	-5.266120925545692	1.0	6.447203483895644	-5.3946205559449805	1.0225598213874776
9.0	5.0	9.0	6.101791650056839	-5.266120925545692	2.799999952316284	6.438408407584658	-5.390446464178194	2.8697770037520627
9.0	5.0	10.0	6.101791650056839	-5.266120925545692	4.599999904632568	6.391217979505616	-5.371531986251715	4.702980075990533
9.0	5.0	11.0	6.101791650056839	-5.266120925545692	6.3999998569488525	6.323347754754523	-5.345365317955909	6.513618406745518
9.0	5.0	12.0	6.101791650056839	-5.266120925545692	8.199999809265137	6.253728678472724	-5.319466465308683	8.303650697966628
9.0	5.0	13.0	6.101791650056839	-5.266120925545692	9.999999761581421	6.192911013828577	-5.297617606271502	10.080334461409684
9.0	5.0	14.0	6.101791650056839	-5.266120925545692	11.799999713897705	6.1440543148292255	-5.280603044899459	11.852319741004473
9.0	6.0	2.0	5.818503320217133	-3.793114557862282	-9.799999713897705	5.839717189655957	-3.7985554268015562	-9.800179343166265
9.0	6.0	3.0	5.818503320217133	-3.793114557862282	-7.999999761581421	5.87818949040301	-3.8072237602083483	-8.022851703917324
9.0	6.0	4.0	5.818503320217133	-3.793114557862282	-6.199999809265137	5.931850557072584	-3.819654736381723	-6.241683825901886
9.0	6.0	5.0	5.818503320217133	-3.793114557862282	-4.3999998569488525	6.002539541056946	-3.836596062468287	-4.451475434492612
9.0	6.0	6.0	5.818503320217133	-3.793114557862282	-2.5999999046325684	6.084457865660011	-3.856711508809935	-2.645015132053993
9.0	6.0	7.0	5.818503320217133	-3.793114557862282	-0.7999999523162842	6.1596938808203685	-3.8748513630222985	-0.8168515920350874
9.0	6.0	8.0	5.818503320217133	-3.793114557862282	1.0	6.194277015009231	-3.8816121129623324	1.0298763305722174
9.0	6.0	9.0	5.818503320217133	-3.793114557862282	2.799999952316284	6.188589058822717	-3.877035205755429	2.8805784895901914
9.0	6.0	10.0	5.818503320217133	-3.793114557862282	4.599999904632568	6.140446061066012	-3.862428497102627	4.717524673523649
9.0	6.0	11.0	5.818503320217133	-3.793114557862282	6.3999998569488525	6.064591239934085	-3.8429374210409315	6.528779007333198
9.0	6.0	12.0	5.818503320217133	-3.793114557862282	8.199999809265137	5.987441034541951	-3.825223750186199	8.3174973299276
9.0	6.0	13.0	5.818503320217133	-3.793114557862282	9.999999761581421	5.920859555471388	-3.8113509535535743	10.091759995222153
9.0	6.0	14.0	5.818503320217133	-3.793114557862282	11.799999713897705	5.867992162764223	-3.8011350849660763	11.860857202778355
9.0	7.0	2.0	5.535214990377426	-2.320108190178871	-9.799999713897705	5.553485332299379	-2.3247239376646793	-9.793133226734254
9.0	7.0	3.0	5.535214990377426	-2.320108190178871	-7.999999761581421	5.587490488595646	-2.329071621299055	-8.011368870342174
9.0	7.0	4.0	5.535214990377426	-2.320108190178871	-6.199999809265137	5.636531214816955	-2.335361433727199	-6.226967686041176
9.0	7.0	5.0	5.535214990377426	-2.320108190178871	-4.3999998569488525	5.703355670080502	-2.344042304932619	-4.435581654449703
9.0	7.0	6.0	5.535214990377426	-2.320108190178871	-2.5999999046325684	5.783428682588035	-2.354183077911863	-2.630719053057974
9.0	7.0	7.0	5.535214990377426	-2.320108190178871	-0.7999999523162842	5.859894754088215	-2.3621871538103902	-0.8068793317831875
9.0	7.0	8.0	5.535214990377426	-2.320108190178871	1.0	5.899232559731173	-2.362126345548882	1.0345125178041448
9.0	7.0	9.0	5.535214990377426	-2.320108190178871	2.799999952316284	5.895916619071563	-2.3547521568948055	2.8810490996249696
9.0	7.0	10.0	5.535214990377426	-2.320108190178871	4.599999904632568	5.8478483102111625	-2.343300056859067	4.715125362266623
9.0	7.0	11.0	5.535214990377426	-2.320108190178871	6.3999998569488525	5.774397138721042	-2.332554211886891	6.525871487208744
9.0	7.0	12.0	5.535214990377426	-2.320108190178871	8.199999809265137	5.699919197318586	-2.3253489390222866	8.315376321822972
9.0	7.0	13.0	5.535214990377426	-2.320108190178871	9.999999761581421	5.636010378061015	-2.3213459036104065	10.091026362805945
9.0	7.0	14.0	5.535214990377426	-2.320108190178871	11.799999713897705	5.585644816454975	-2.319270106147965	11.861464094822741
9.0	8.0	2.0	5.25192666053772	-0.8471018224954605	-9.799999713897705	5.264021777126124	-0.8532267078495372	-9.785605939888491
9.0	8.0	3.0	5.25192666053772	-0.8471018224954605	-7.999999761581421	5.289225551037739	-0.8556255489260531	-7.996986488398586
9.0	8.0	4.0	5.25192666053772	-0.8471018224954605	-6.199999809265137	5.32708843263979	-0.8586559786192679	-6.207366766601033
9.0	8.0	5.0	5.25192666053772	-0.8471018224954605	-4.3999998569488525	5.380667368085911	-0.8622054208546562	-4.4137818815716034
9.0	8.0	6.0	5.25192666053772	-0.8471018224954605	-2.5999999046325684	5.44704785283039	-0.8651008024710515	-2.6115080318745183
9.0	8.0	7.0	5.25192666053772	-0.8471018224954605	-0.7999999523162842	5.512802503140313	-0.8643955274780744	-0.7960266094224981
9.0	8.0	8.0	5.25192666053772	-0.8471018224954605	1.0	5.553795298813169	-0.8572300039705586	1.0333016726870554
9.0	8.0	9.0	5.25192666053772	-0.8471018224954605	2.799999952316284	5.552562901146338	-0.8456458007975259	2.8680892180017366
9.0	8.0	10.0	5.25192666053772	-0.8471018224954605	4.599999904632568	5.512667800998123	-0.8354917073088566	4.694619031162258
9.0	8.0	11.0	5.25192666053772	-0.8471018224954605	6.3999998569488525	5.452947580766058	-0.8307719771038046	6.5042181099646355
9.0	8.0	12.0	5.25192666053772	-0.8471018224954605	8.199999809265137	5.391553326819918	-0.8313136047822539	8.296805576984946
9.0	8.0	13.0	5.25192666053772	-0.8471018224954605	9.999999761581421	5.338524931572388	-0.8347349174229488	10.077651541152214
9.0	8.0	14.0	5.25192666053772	-0.8471018224954605	11.799999713897705	5.29669765034555	-0.8388147393560561	11.853566485277028
9.0	9.0	2.0	4.968638330698013	0.6259045451879501	-9.799999713897705	4.973593240713922	0.6164183350234639	-9.780732983974385
9.0	9.0	3.0	4.968638330698013	0.6259045451879501	-7.999999761581421	4.988811875849028	0.6131923318425029	-7.985451206119727
9.0	9.0	4.0	4.968638330698013	0.6259045451879501	-6.199999809265137	5.013146497285211	0.6097093290592667	-6.190735427181303
9.0	9.0	5.0	4.968638330698013	0.6259045451879501	-4.3999998569488525	5.049229239930837	0.6065519745917125	-4.3949957545571285
9.0	9.0	6.0	4.968638330698013	0.6259045451879501	-2.5999999046325684	5.095727709259523	0.6054261187791355	-2.5954502308709904
9.0	9.0	7.0	4.968638330698013	0.6259045451879501	-0.7999999523162842	5.143700430735018	0.6095607598844591	-0.789007884215464
9.0	9.0	8.0	4.968638330698013	0.6259045451879501	1.0	5.176404218651801	0.6209005210276928	1.0261031279971724
9.0	9.0	9.0	4.968638330698013	0.6259045451879501	2.799999952316284	5.179810122931732	0.6358596719415011	2.8466608139263774
9.0	9.0	10.0	4.968638330698013	0.6259045451879501	4.599999904632568	5.154999466253872	0.6473589783845634	4.664322133131122
9.0	9.0	11.0	4.968638330698013	0.6259045451879501	6.3999998569488525	5.114536190089623	0.6514110514977077	6.472168026614255
9.0	9.0	12.0	4.968638330698013	0.6259045451879501	8.199999809265137	5.071415534697738	0.6489745398687348	8.268611979460147
9.0	9.0	13.0	4.968638330698013	0.6259045451879501	9.999999761581421	5.033417166849142	0.643327183306296	10.056366286926023
9.0	9.0	14.0	4.968638330698013	0.6259045451879501	11.799999713897705	5.003162342748174	0.6371865912326127	11.83989504989554
9.0	10.0	2.0	4.685350000858307	2.098910912871361	-9.799999713897705	4.6846850493021766	2.0862818195804578	-9.780208453224406
9.0	10.0	3.0	4.685350000858307	2.098910912871361	-7.999999761581421	4.6916027576342145	2.080744198164627	-7.980149953472897
9.0	10.0	4.0	4.685350000858307	2.098910912871361	-6.199999809265137	4.704251935604935	2.0746271505083853	-6.181716076188583
9.0	10.0	5.0	4.685350000858307	2.098910912871361	-4.3999998569488525	4.724533706050085	2.0687146068887086	-4.384307853510795
9.0	10.0	6.0	4.685350000858307	2.098910912871361	-2.5999999046325684	4.752188470943951	2.0651083216338817	-2.5866754187080634
9.0	10.0	7.0	4.685350000858307	2.098910912871361	-0.7999999523162842	4.782576886265878	2.067568639082725	-0.7870156482100378
9.0	10.0	8.0	4.685350000858307	2.098910912871361	1.0	4.80569159302082	2.0784563300775276	1.0170154173064596
9.0	10.0	9.0	4.685350000858307	2.098910912871361	2.799999952316284	4.811867140126587	2.0944121026075377	2.82567355395409
9.0	10.0	10.0	4.685350000858307	2.098910912871361	4.599999904632568	4.800066425922683	2.1082557999343594	4.635132031040933
9.0	10.0	11.0	4.685350000858307	2.098910912871361	6.3999998569488525	4.777085244027986	2.115361857099721	6.440653965047188
9.0	10.0	12.0	4.685350000858307	2.098910912871361	8.199999809265137	4.751077261778306	2.11589475214378	8.240033754535347
9.0	10.0	13.0	4.685350000858307	2.098910912871361	9.999999761581421	4.727404318411505	2.112592164320113	10.033951609285632
9.0	10.0	14.0	4.685350000858307	2.098910912871361	11.799999713897705	4.708233254080774	2.1080734930477756	11.824733851417298
9.0	11.0	2.0	4.4020616710186005	3.5719172805547714	-9.799999713897705	4.398487465855689	3.55830929760868	-9.78355585828061
9.0	11.0	3.0	4.4020616710186005	3.5719172805547714	-7.999999761581421	4.400041865135576	3.5504652957397362	-7.980720202201135
9.0	11.0	4.0	4.4020616710186005	3.5719172805547714	-6.199999809265137	4.404604222836334	3.5412888293069473	-6.1798706383970075
9.0	11.0	5.0	4.4020616710186005	3.5719172805547714	-4.3999998569488525	4.41347995194893	3.5315606632237	-4.381101676822116
9.0	11.0	6.0	4.4020616710186005	3.5719172805547714	-2.5999999046325684	4.427121290143601	3.523568418819939	-2.584178909634726
9.0	11.0	7.0	4.4020616710186005	3.5719172805547714	-0.7999999523162842	4.443874250145392	3.521517970201184	-0.7882065778011373
9.0	11.0	8.0	4.4020616710186005	3.5719172805547714	1.0	4.458634464250231	3.5286532822376113	1.0091365861451371
9.0	11.0	9.0	4.4020616710186005	3.5719172805547714	2.799999952316284	4.465269532856419	3.542968496703733	2.80983319271757
9.0	11.0	10.0	4.4020616710186005	3.5719172805547714	4.599999904632568	4.4617977557187425	3.558219064709538	4.613043943319889
9.0	11.0	11.0	4.4020616710186005	3.5719172805547714	6.3999998569488525	4.451127597976456	3.569258414900208	6.416094698479289
9.0	11.0	12.0	4.4020616710186005	3.5719172805547714	8.199999809265137	4.437755676435015	3.5747584531628402	8.216921752649876
9.0	11.0	13.0	4.4020616710186005	3.5719172805547714	9.999999761581421	4.425027587263166	3.576056784609471	10.015081183362483
9.0	11.0	14.0	4.4020616710186005	3.5719172805547714	11.799999713897705	4.414443779797685	3.575112345705243	11.81134992186972
9.0	12.0	2.0	4.118773341178894	5.044923648238182	-9.799999713897705	4.114692890095984	5.033067481182836	-9.78902803282293
9.0	12.0	3.0	4.118773341178894	5.044923648238182	-7.999999761581421	4.113414035446321	5.02370853083114	-7.984846258520765
9.0	12.0	4.0	4.118773341178894	5.044923648238182	-6.199999809265137	4.113210807105325	5.012030114793352	-6.18242722424909
9.0	12.0	5.0	4.118773341178894	5.044923648238182	-4.3999998569488525	4.114934343581444	4.9986299730235935	-4.382370959485307
9.0	12.0	6.0	4.118773341178894	5.044923648238182	-2.5999999046325684	4.119374425509378	4.985836881986819	-2.5851465899469246
9.0	12.0	7.0	4.118773341178894	5.044923648238182	-0.7999999523162842	4.126658131580474	4.978206566493126	-0.7905194224828995
9.0	12.0	8.0	4.118773341178894	5.044923648238182	1.0	4.134851207851249	4.979946388376269	1.0034847558913143
9.0	12.0	9.0	4.118773341178894	5.044923648238182	2.799999952316284	4.140422138224544	4.990774272447422	2.7994723308670317
9.0	12.0	10.0	4.118773341178894	5.044923648238182	4.599999904632568	4.141284846626396	5.0059886268205895	4.598393231138397
9.0	12.0	11.0	4.118773341178894	5.044923648238182	6.3999998569488525	4.138129287528472	5.020294068195381	6.3992412040165325
9.0	12.0	12.0	4.118773341178894	5.044923648238182	8.199999809265137	4.132980697688732	5.030769663511243	8.200462638506654
9.0	12.0	13.0	4.118773341178894	5.044923648238182	9.999999761581421	4.127581729298998	5.037053371386522	10.001070064165726
9.0	12.0	14.0	4.118773341178894	5.044923648238182	11.799999713897705	4.12280018682692	5.0401112598570466	11.800909882156184
10.0	2.0	2.0	8.130061686038971	-9.458509355783463	-9.799999713897705	8.12579893643722	-9.456517690317227	-9.795511009677774
10.0	2.0	3.0	8.130061686038971	-9.458509355783463	-7.999999761581421	8.13871758296979	-9.464586241627748	-8.003801127608579
10.0	2.0	4.0	8.130061686038971	-9.458509355783463	-6.199999809265137	8.154695378031336	-9.474700621813284	-6.210421537066891
10.0	2.0	5.0	8.130061686038971	-9.458509355783463	-4.3999998569488525	8.17338316825969	-9.486670405882517	-4.414004016416625
10.0	2.0	6.0	8.130061686038971	-9.458509355783463	-2.5999999046325684	8.19217541448303	-9.498856735921827	-2.6131599348994228
10.0	2.0	7.0	8.130061686038971	-9.458509355783463	-0.7999999523162842	8.206540426690593	-9.508330129157613	-0.8074237980480488
10.0	2.0	8.0	8.130061686038971	-9.458509355783463	1.0	8.211976947936318	-9.5121091589262	1.0017560924549698
10.0	2.0	9.0	8.130061686038971	-9.458509355783463	2.799999952316284	8.20652176363217	-9.508827340010297	2.8111092336708143
10.0	2.0	10.0	8.130061686038971	-9.458509355783463	4.599999904632568	8.192202532071617	-9.499728115018815	4.617232697418541
10.0	2.0	11.0	8.130061686038971	-9.458509355783463	6.3999998569488525	8.17345090419289	-9.4876759914032	6.418384534223132
10.0	2.0	12.0	8.130061686038971	-9.458509355783463	8.199999809265137	8.154577108061934	-9.475508269902845	8.214940512228928
10.0	2.0	13.0	8.130061686038971	-9.458509355783463	9.999999761581421	8.137978188945915	-9.464835584770917	10.00873816703547
10.0	2.0	14.0	8.130061686038971	-9.458509355783463	11.799999713897705	8.123975882234191	-9.455920310666585	11.80228384138594
10.0	3.0	2.0	7.8467733561992645	-7.985502988100052	-9.799999713897705	7.849097921349097	-7.986905463444355	-9.798551369884173
10.0	3.0	3.0	7.8467733561992645	-7.985502988100052	-7.999999761581421	7.869356769878104	-7.997019851001249	-8.010482287727367
10.0	3.0	4.0	7.8467733561992645	-7.985502988100052	-6.199999809265137	7.895098773447469	-8.010048566549392	-6.219944002914912
10.0	3.0	5.0	7.8467733561992645	-7.985502988100052	-4.3999998569488525	7.925751906325529	-8.02577888468277	-4.4246893407472765
10.0	3.0	6.0	7.8467733561992645	-7.985502988100052	-2.5999999046325684	7.957327338238569	-8.04221689666425	-2.622364633456056
10.0	3.0	7.0	7.8467733561992645	-7.985502988100052	-0.7999999523162842	7.982692217772596	-8.055629725510475	-0.8120262227661262
10.0	3.0	8.0	7.8467733561992645	-7.985502988100052	1.0	7.994142202707375	-8.061861726112367	1.0042003332797094
10.0	3.0	9.0	7.8467733561992645	-7.985502988100052	2.799999952316284	7.9874946679948025	-8.058589430381161	2.820987847795021
10.0	3.0	10.0	7.8467733561992645	-7.985502988100052	4.599999904632568	7.965424088665137	-8.047176249571327	4.632575015621993
10.0	3.0	11.0	7.8467733561992645	-7.985502988100052	6.3999998569488525	7.934972517926854	-8.031371262624717	6.43593324885267
10.0	3.0	12.0	7.8467733561992645	-7.985502988100052	8.199999809265137	7.90340857446206	-8.01505749647463	8.231491815276899
10.0	3.0	13.0	7.8467733561992645	-7.985502988100052	9.999999761581421	7.87525766954817	-8.00063255190471	10.022038723471221
10.0	3.0	14.0	7.8467733561992645	-7.985502988100052	11.799999713897705	7.8518170532072284	-7.9887665110081985	11.811353007393953
10.0	4.0	2.0	7.563485026359558	-6.512496620416641	-9.799999713897705	7.571984301944847	-6.5157071830987965	-9.801026241975958
10.0	4.0	3.0	7.563485026359558	-6.512496620416641	-7.999999761581421	7.5995473098263995	-6.5260735990798775	-8.016789381539368
10.0	4.0	4.0	7.563485026359558	-6.512496620416641	-6.199999809265137	7.6350680570600336	-6.539660641695491	-6.229272204686914
10.0	4.0	5.0	7.563485026359558	-6.512496620416641	-4.3999998569488525	7.67791641926819	-6.556364378265259	-4.435335686632862
10.0	4.0	6.0	7.563485026359558	-6.512496620416641	-2.5999999046325684	7.722856190269255	-6.5742386807254505	-2.6315533282840877
10.0	4.0	7.0	7.563485026359558	-6.512496620416641	-0.7999999523162842	7.76007444216539	-6.589323911982776	-0.8163407119531857
10.0	4.0	8.0	7.563485026359558	-6.512496620416641	1.0	7.778178793008657	-6.5967992539921525	1.007562251681277
10.0	4.0	9.0	7.563485026359558	-6.512496620416641	2.799999952316284	7.770274857767462	-6.593678651585815	2.832479381260726
10.0	4.0	10.0	7.563485026359558	-6.512496620416641	4.599999904632568	7.739943438230077	-6.5814633829486935	4.649922721378227
10.0	4.0	11.0	7.563485026359558	-6.512496620416641	6.3999998569488525	7.697291423390325	-6.564436195252842	6.455508507552603
10.0	4.0	12.0	7.563485026359558	-6.512496620416641	8.199999809265137	7.652725191771619	-6.5469143228980435	8.249831472132119
10.0	4.0	13.0	7.563485026359558	-6.512496620416641	9.999999761581421	7.61281885402672	-6.531509664775142	10.036749448410673
10.0	4.0	14.0	7.563485026359558	-6.512496620416641	11.799999713897705	7.579713368090047	-6.518979261114246	11.821404238209366
10.0	5.0	2.0	7.280196696519852	-5.039490252733231	-9.799999713897705	7.294006522571208	-5.042719788811682	-9.802608210845086
10.0	5.0	3.0	7.280196696519852	-5.039490252733231	-7.999999761581421	7.327304364618552	-5.051158465613198	-8.021284168673938
10.0	5.0	4.0	7.280196696519852	-5.039490252733231	-6.199999809265137	7.370849568573045	-5.0624016318810385	-6.236146019730366
10.0	5.0	5.0	7.280196696519852	-5.039490252733231	-4.3999998569488525	7.424213828223322	-5.076539960481245	-4.443329303169669
10.0	5.0	6.0	7.280196696519852	-5.039490252733231	-2.5999999046325684	7.481296899540854	-5.092099054219328	-2.63840004997987
10.0	5.0	7.0	7.280196696519852	-5.039490252733231	-0.7999999523162842	7.529857135933333	-5.105615190120587	-0.8190192227361814
10.0	5.0	8.0	7.280196696519852	-5.039490252733231	1.0	7.554599814626946	-5.112414644905711	1.0117310310955563
10.0	5.0	9.0	7.280196696519852	-5.039490252733231	2.799999952316284	7.5457911709713406	-5.109522121479903	2.844010006972896
10.0	5.0	10.0	7.280196696519852	-5.039490252733231	4.599999904632568	7.507946590650666	-5.098528407137925	4.666704107911217
10.0	5.0	11.0	7.280196696519852	-5.039490252733231	6.3999998569488525	7.454313506203402	-5.083624936038057	6.474187023799384
10.0	5.0	12.0	7.280196696519852	-5.039490252733231	8.199999809265137	7.39831552793594	-5.068710168872662	8.267296414196279
10.0	5.0	13.0	7.280196696519852	-5.039490252733231	9.999999761581421	7.3482757548603	-5.0559003618823715	10.050892632337744
10.0	5.0	14.0	7.280196696519852	-5.039490252733231	11.799999713897705	7.306950341032536	-5.045672374745113	11.83129489818265
10.0	6.0	2.0	6.996908366680145	-3.56648388504982	-9.799999713897705	7.0143503048351405	-3.568437668887435	-9.802887101844584
10.0	6.0	3.0	6.996908366680145	-3.56648388504982	-7.999999761581421	7.0499770595749975	-3.5732497044547187	-8.02226020160093
10.0	6.0	4.0	6.996908366680145	-3.56648388504982	-6.199999809265137	7.097468456450974	-3.579732866839484	-6.237859249122586
10.0	6.0	5.0	6.996908366680145	-3.56648388504982	-4.3999998569488525	7.1568172983753335	-3.5881027039231963	-4.445491920520531
10.0	6.0	6.0	6.996908366680145	-3.56648388504982	-2.5999999046325684	7.2216724054267205	-3.5975979473381416	-2.6400949864316665
10.0	6.0	7.0	6.996908366680145	-3.56648388504982	-0.7999999523162842	7.278217895816315	-3.6059213799532275	-0.8186750599755568
10.0	6.0	8.0	6.996908366680145	-3.56648388504982	1.0	7.307446367506115	-3.6095088400878423	1.015770566655617
10.0	6.0	9.0	6.996908366680145	-3.56648388504982	2.799999952316284	7.299004923951765	-3.606739228541025	2.8523346707649875
10.0	6.0	10.0	6.996908366680145	-3.56648388504982	4.599999904632568	7.2570721816598684	-3.5990584479937517	4.678314304012378
10.0	6.0	11.0	6.996908366680145	-3.56648388504982	6.3999998569488525	7.196699381475923	-3.5896280215393155	6.487020738227586
10.0	6.0	12.0	6.996908366680145	-3.56648388504982	8.199999809265137	7.133814084693994	-3.5810061825174184	8.279474857554748
10.0	6.0	13.0	6.996908366680145	-3.56648388504982	9.999999761581421	7.077869953690599	-3.574129015396262	10.061120422919066
10.0	6.0	14.0	6.996908366680145	-3.56648388504982	11.799999713897705	7.031965428524026	-3.568907297938128	11.838907783617566
10.0	7.0	2.0	6.713620036840439	-2.0934775173664093	-9.799999713897705	6.732069898308091	-2.093956232004372	-9.801660300879151
10.0	7.0	3.0	6.713620036840439	-2.0934775173664093	-7.999999761581421	6.765392615085835	-2.0948894132468654	-8.018815587776462
10.0	7.0	4.0	6.713620036840439	-2.0934775173664093	-6.199999809265137	6.810907087887893	-2.0959768617197145	-6.232923727344891
10.0	7.0	5.0	6.713620036840439	-2.0934775173664093	-4.3999998569488525	6.869041331319461	-2.0973519386227455	-4.440023675833402
10.0	7.0	6.0	6.713620036840439	-2.0934775173664093	-2.5999999046325684	6.933913545428156	-2.0988716065567647	-2.6351065637213598
10.0	7.0	7.0	6.713620036840439	-2.0934775173664093	-0.7999999523162842	6.991769725060397	-2.099678199640625	-0.8149278654716247
10.0	7.0	8.0	6.713620036840439	-2.0934775173664093	1.0	7.023094614084825	-2.0983933974268463	1.0181877923088327
10.0	7.0	9.0	6.713620036840439	-2.0934775173664093	2.799999952316284	7.016234707943813	-2.095057754449439	2.8540118777139876
10.0	7.0	10.0	6.713620036840439	-2.0934775173664093	4.599999904632568	6.975120242341586	-2.0913758420147994	4.67989611545893
10.0	7.0	11.0	6.713620036840439	-2.0934775173664093	6.3999998569488525	6.915420432433869	-2.0890733057529287	6.488974317649838
10.0	7.0	12.0	6.713620036840439	-2.0934775173664093	8.199999809265137	6.853127120379013	-2.088531536206033	8.281929698665053
10.0	7.0	13.0	6.713620036840439	-2.0934775173664093	9.999999761581421	6.7978393706777895	-2.0891152461293077	10.063989300140118
10.0	7.0	14.0	6.713620036840439	-2.0934775173664093	11.799999713897705	6.752753420320224	-2.090054695639362	11.841892676397476
10.0	8.0	2.0	6.430331707000732	-0.6204711496829987	-9.799999713897705	6.446791963401531	-0.6204542160400373	-9.799320238115008
10.0	8.0	3.0	6.430331707000732	-0.6204711496829987	-7.999999761581421	6.473633104541625	-0.6189696954672553	-8.011941471692577
10.0	8.0	4.0	6.430331707000732	-0.6204711496829987	-6.199999809265137	6.511451704337726	-0.616360787399862	-6.222751902905543
10.0	8.0	5.0	6.430331707000732	-0.6204711496829987	-4.3999998569488525	6.56093175715143	-0.6125137694771358	-4.428521513548411
10.0	8.0	6.0	6.430331707000732	-0.6204711496829987	-2.5999999046325684	6.61726125962968	-0.6075512561171192	-2.6249838980395923
10.0	8.0	7.0	6.430331707000732	-0.6204711496829987	-0.7999999523162842	6.668545928665968	-0.6016524068807156	-0.809150455793498
10.0	8.0	8.0	6.430331707000732	-0.6204711496829987	1.0	6.6979597836929115	-0.595414724160122	1.017672222536956
10.0	8.0	9.0	6.430331707000732	-0.6204711496829987	2.799999952316284	6.69382821137673	-0.5907250506718695	2.847574701100557
10.0	8.0	10.0	6.430331707000732	-0.6204711496829987	4.599999904632568	6.659516411653505	-0.5897977165226478	4.669984010641672
10.0	8.0	11.0	6.430331707000732	-0.6204711496829987	6.3999998569488525	6.608549047057655	-0.593075549858546	6.478554638244823
10.0	8.0	12.0	6.430331707000732	-0.6204711496829987	8.199999809265137	6.554804474554572	-0.5990442778940547	8.27322948597909
10.0	8.0	13.0	6.430331707000732	-0.6204711496829987	9.999999761581421	6.506952451392622	-0.6056825601333086	10.058177485359144
10.0	8.0	14.0	6.430331707000732	-0.6204711496829987	11.799999713897705	6.468076756696269	-0.6115996685637953	11.839091378850174
10.0	9.0	2.0	6.147043377161026	0.852535218000412	-9.799999713897705	6.159247919765066	0.8516166992211917	-9.796829688194409
10.0	9.0	3.0	6.147043377161026	0.852535218000412	-7.999999761581421	6.177587675125671	0.8532612565117482	-8.004215489164219
10.0	9.0	4.0	6.147043377161026	0.852535218000412	-6.199999809265137	6.204573099727625	0.8566079981969889	-6.211132342754532
10.0	9.0	5.0	6.147043377161026	0.852535218000412	-4.3999998569488525	6.24095561388779	0.8620434323794672	-4.415321372597286
10.0	9.0	6.0	6.147043377161026	0.852535218000412	-2.5999999046325684	6.283312994709241	0.8695398489215633	-2.613615347041255
10.0	9.0	7.0	6.147043377161026	0.852535218000412	-0.7999999523162842	6.322761087059582	0.8786183152584979	-0.8035806055225082
10.0	9.0	8.0	6.147043377161026	0.852535218000412	1.0	6.346582969074992	0.8877686410714868	1.0144506372978153
10.0	9.0	9.0	6.147043377161026	0.852535218000412	2.799999952316284	6.345660305115356	0.8939269227365841	2.835581396549289
10.0	9.0	10.0	6.147043377161026	0.852535218000412	4.599999904632568	6.32163565719644	0.8944782493364282	4.652350691398824
10.0	9.0	11.0	6.147043377161026	0.852535218000412	6.3999998569488525	6.284213529359303	0.8894189591126054	6.459528730748139
10.0	9.0	12.0	6.147043377161026	0.852535218000412	8.199999809265137	6.243970036471379	0.8810499519399602	8.25639213855709
10.0	9.0	13.0	6.147043377161026	0.852535218000412	9.999999761581421	6.207835009792517	0.8720162266112671	10.045656619985433
10.0	9.0	14.0	6.147043377161026	0.852535218000412	11.799999713897705	6.178482927330232	0.8640311068003724	11.831441262780318
10.0	10.0	2.0	5.86375504732132	2.3255415856838226	-9.799999713897705	5.871018639719989	2.3228377593010094	-9.795211582608996
10.0	10.0	3.0	5.86375504732132	2.3255415856838226	-7.999999761581421	5.881383305236028	2.3228846216591936	-7.998160162441304
10.0	10.0	4.0	5.86375504732132	2.3255415856838226	-6.199999809265137	5.897691846532503	2.324437787227259	-6.201654049352886
10.0	10.0	5.0	5.86375504732132	2.3255415856838226	-4.3999998569488525	5.920673966272408	2.328082806460347	-4.404385614823428
10.0	10.0	6.0	5.86375504732132	2.3255415856838226	-2.5999999046325684	5.948291391097954	2.334110691776259	-2.6043064323690785
10.0	10.0	7.0	5.86375504732132	2.3255415856838226	-0.7999999523162842	5.974840738654136	2.342374451984097	-0.7996117482764138
10.0	10.0	8.0	5.86375504732132	2.3255415856838226	1.0	5.991982875767903	2.351515249613374	1.0100876223419766
10.0	10.0	9.0	5.86375504732132	2.3255415856838226	2.799999952316284	5.99336724671792	2.3585087614244302	2.822480490765305
10.0	10.0	10.0	5.86375504732132	2.3255415856838226	4.599999904632568	5.979256111417017	2.3605341463336593	4.633120544965916
10.0	10.0	11.0	5.86375504732132	2.3255415856838226	6.3999998569488525	5.955566004000528	2.35723575337912	6.438271732359304
10.0	10.0	12.0	5.86375504732132	2.3255415856838226	8.199999809265137	5.929353111385723	2.350514053624213	8.236907197643498
10.0	10.0	13.0	5.86375504732132	2.3255415856838226	9.999999761581421	5.905512078475864	2.3427872075702716	10.030423471217983
10.0	10.0	14.0	5.86375504732132	2.3255415856838226	11.799999713897705	5.88609150566124	2.3357211698713036	11.821364893454867
10.0	11.0	2.0	5.580466717481613	3.7985479533672333	-9.799999713897705	5.583608675002342	3.7943050537639507	-9.794994630537914
10.0	11.0	3.0	5.580466717481613	3.7985479533672333	-7.999999761581421	5.588062205101294	3.7921002000105	-7.9949442194728935
10.0	11.0	4.0	5.580466717481613	3.7985479533672333	-6.199999809265137	5.596004861114617	3.7906010449193723	-6.19590429651427
10.0	11.0	5.0	5.580466717481613	3.7985479533672333	-4.3999998569488525	5.608076370097286	3.790458152355349	-4.3973669074674095
10.0	11.0	6.0	5.580466717481613	3.7985479533672333	-2.5999999046325684	5.623371465524362	3.792360388669748	-2.5982694217960556
10.0	11.0	7.0	5.580466717481613	3.7985479533672333	-0.7999999523162842	5.638831158795558	3.7968743883759646	-0.7974259316532437
10.0	11.0	8.0	5.580466717481613	3.7985479533672333	1.0	5.64966684701031	3.803551545811218	1.005934118879444
10.0	11.0	9.0	5.580466717481613	3.7985479533672333	2.799999952316284	5.651878376638333	3.8102247125139637	2.8112613169791207
10.0	11.0	10.0	5.580466717481613	3.7985479533672333	4.599999904632568	5.645124982191526	3.814257772301904	4.616498937521986
10.0	11.0	11.0	5.580466717481613	3.7985479533672333	6.3999998569488525	5.6324421108513425	3.8145855832257105	6.419434499041387
10.0	11.0	12.0	5.580466717481613	3.7985479533672333	8.199999809265137	5.6178707468323665	3.811992102735047	8.219098547084984
10.0	11.0	13.0	5.580466717481613	3.7985479533672333	9.999999761581421	5.604372206207701	3.807991526150577	10.01593820119508
10.0	11.0	14.0	5.580466717481613	3.7985479533672333	11.799999713897705	5.59326584456887	3.8038175576985536	11.811227854692648
10.0	12.0	2.0	5.297178387641907	5.271554321050644	-9.799999713897705	5.297712911763565	5.266809732624847	-9.796032411581354
10.0	12.0	3.0	5.297178387641907	5.271554321050644	-7.999999761581421	5.298524077042043	5.262606557345025	-7.994307079080663
10.0	12.0	4.0	5.297178387641907	5.271554321050644	-6.199999809265137	5.300854702381622	5.257917900284403	-6.193566391773915
10.0	12.0	5.0	5.297178387641907	5.271554321050644	-4.3999998569488525	5.305213451040974	5.253306778083199	-4.393919049904119
10.0	12.0	6.0	5.297178387641907	5.271554321050644	-2.5999999046325684	5.311462257351304	5.249820766045605	-2.5951244788090078
10.0	12.0	7.0	5.297178387641907	5.271554321050644	-0.7999999523162842	5.318436589600379	5.24889392222166	-0.7966006739868642
10.0	12.0	8.0	5.297178387641907	5.271554321050644	1.0	5.323942769476489	5.251379926200336	1.0025155721216386
10.0	12.0	9.0	5.297178387641907	5.271554321050644	2.799999952316284	5.325866387645941	5.256482870511969	2.802760857033052
10.0	12.0	10.0	5.297178387641907	5.271554321050644	4.599999904632568	5.323687982924598	5.262165085911584	4.603784298969248
10.0	12.0	11.0	5.297178387641907	5.271554321050644	6.3999998569488525	5.318611226814751	5.26662052618484	6.40468017699159
10.0	12.0	12.0	5.297178387641907	5.271554321050644	8.199999809265137	5.3124352454655295	5.269136979556727	8.204738109945154
10.0	12.0	13.0	5.297178387641907	5.271554321050644	9.999999761581421	5.306514730575054	5.269904154521983	10.00381740899965
10.0	12.0	14.0	5.297178387641907	5.271554321050644	11.799999713897705	5.301459183197485	5.269454799309762	11.80230563218689
