gaussian,cascade34,can,inf3
8.358702935672440715e-02,3.256064025204228884e-01,2.557252095423370730e-01,1.078411991477314924e-01
9.773013316966820685e-02,4.749164692794123344e-01,3.675100943388771579e-01,1.742822219862326383e-01
1.556915332099257643e-01,2.280812553672400822e-01,3.450491958109211943e-01,1.807153907166539897e-01
1.034237759932964407e-01,2.740656215746049562e-01,4.582236095483186444e-01,1.464056273985255840e-01
1.163002424954694136e-01,4.409629706012043737e-01,6.635308768504516452e-01,1.260864869846975989e-01
1.450248485006753185e-01,2.915216402058081191e-01,1.567503532308644476e-01,1.183304615776028246e-01
1.526274589304420504e-01,3.446361466905858428e-01,4.171012332278591916e-01,1.002162009007977334e-01
8.712879899946539275e-02,4.266963937170139554e-01,5.654107207008135516e-01,1.365079476439100825e-01
3.068596501579863300e-01,5.377879678687005338e-01,4.971775594233482365e-01,3.364697440639595194e-01
6.019876116287644491e-02,4.294744268309997337e-01,2.611236406012549804e-01,1.560104788879408122e-01
1.055938686658535464e-01,3.485953385443512076e-01,6.513778460782774227e-01,1.596301819169503866e-01
2.709203271996519780e-01,4.301322619227228583e-01,4.816687678658008176e-01,2.385363686757444035e-02
1.760775246904289770e-01,4.829360822637001616e-01,2.995206533745849442e-01,1.324364538009688563e-01
1.465313959690270618e-01,4.680163481587282792e-01,3.033842679505490691e-01,7.204938195651108823e-02
1.210967300523658613e-01,3.191089963079153935e-01,6.467386398536406622e-01,1.933390602990798235e-01
3.222603252967941034e-01,5.794912964508608377e-01,4.509638970153174165e-01,3.113765648402734842e-01
2.966205073671584480e-01,3.901490418346819089e-01,4.038773495591401752e-01,2.471806298897262777e-01
5.184515541175373915e-02,3.103619323815415831e-01,4.646263269791082173e-01,1.535796537824942465e-01
1.009205083099706385e-01,3.566121289936409200e-01,4.270689220399963570e-01,1.173406094797074944e-01
1.312257567008394965e-01,1.604682239672796662e-01,1.680486851062870657e-01,1.303863575674349129e-01
1.067273015640279044e-01,2.336269087657324439e-01,2.079941993482607165e-01,1.337576081501127834e-01
3.304397011729586775e-01,4.253580353022614058e-01,3.241635769250926780e-01,2.684983785239284937e-01
8.085136526208358543e-02,3.488393597740946928e-01,5.541092279189894221e-01,1.310736161968042157e-01
1.635024427605750175e-01,2.594660285553540002e-01,3.498257257443981305e-01,1.657250784291778023e-01
1.727650225022062391e-01,5.109048518892428392e-01,3.795621898967715402e-01,1.413677502188440405e-01
1.031816270398075996e-01,5.063892487870820247e-01,5.524622631321111088e-01,2.238859303272422996e-01
1.658104109536612525e-01,2.654762924403595292e-01,2.174146379372407789e-01,1.224998821005569005e-01
1.551670496758152662e-01,4.489806759576421835e-01,4.818063320555568407e-01,1.276073463521373019e-01
3.056694610883974317e-01,4.846238842321271556e-01,3.434450163861922367e-01,1.989339844435900895e-01
9.978618792161712825e-02,4.169154295164016477e-01,3.075755515774837301e-01,1.302433964850611969e-01
1.209735443196034432e-01,3.940798435267179323e-01,4.683698708058937066e-01,1.573474419171724814e-01
1.142315595933472983e-01,3.707489056996289833e-01,1.957382863703309162e-01,1.556921582217285216e-01
2.969306733306963375e-01,4.893982854465593890e-01,4.818478191889756790e-01,2.777538507965839343e-01
1.362954759183272746e-01,1.960212156971977149e-01,1.728899050768692991e-01,9.797028243040779849e-02
9.800231199760868483e-02,4.352243496872960637e-01,5.612867893159949606e-01,2.045904964088286482e-01
1.024508048386786746e-01,3.353052349135718369e-01,2.444468460266657206e-01,9.859504578154575094e-02
1.233805143837431451e-01,5.407635885488173422e-01,5.200445234326726007e-01,2.443195631732245909e-01
1.097362691328746392e-01,2.293415331420035341e-01,3.412051488953694034e-01,1.371723671496719310e-01
1.719490269438538332e-01,4.393421340133835118e-01,4.176393806813780696e-01,2.081299520884274667e-01
1.200759584310002182e-01,3.159554328726117411e-01,4.096177209074016168e-01,7.803643830172654616e-02
1.153907858215250243e-01,2.509851566265716705e-01,2.277667051335159898e-01,7.440007515147077644e-02
2.507705314244812467e-02,4.759412072965565343e-01,3.524908577740184512e-01,2.038623325762066174e-01
1.164483024736078787e-01,4.738114697225765948e-01,4.011045871086724168e-01,2.566328717005870730e-01
3.796263590763523932e-01,3.445362769366884237e-01,6.173474368156151026e-01,9.248994735553635327e-02
1.081645571536179046e-01,4.238888523260299634e-01,2.572989281307444531e-01,1.745063340714544109e-01
1.470075377519938220e-01,4.261756955463968932e-01,6.995087669115169771e-01,1.155504735049797532e-01
3.652699651222345856e-01,5.168062375992532598e-01,5.737551066906504404e-01,3.241771529077530634e-01
1.020468653535811510e-01,3.490390450979932169e-01,3.642462852119038863e-01,1.157361515437012600e-01
1.733595626255189925e-01,4.370185100181743221e-01,5.376730455764595629e-01,1.566493369561136606e-01
1.979698411979615158e-01,4.089014481319100947e-01,3.690586336589296024e-01,2.012158023816751906e-01
8.426587367609902901e-02,3.554410052225462358e-01,5.247289729820820980e-01,1.459520384951078220e-01
6.923822661275166879e-02,4.099198868252550421e-01,3.510623856433930934e-01,1.948236313891988369e-01
1.708979902736465217e-01,4.258569175376056837e-01,5.848626447793530136e-01,7.141469700732747117e-02
8.155977672600203676e-02,3.596137272488107439e-01,2.985753477208712425e-01,1.358261872812425441e-01
4.991286165676721565e-01,5.741415246756516044e-01,6.647592098032681918e-01,1.680930373514444298e-01
1.392406365980218552e-01,5.659243293338513947e-01,4.405262242478991674e-01,1.920253731106067174e-01
1.359990694046628035e-01,1.573338621384439695e-01,3.209787764670250509e-01,1.674562823533927158e-01
4.113459076115443674e-02,3.639734038745719436e-01,4.989116068653604019e-01,1.490969975663224145e-01
8.208371706857901795e-02,3.570806827201803424e-01,3.996533074404060026e-01,1.216377883994392978e-01
1.762390513273174308e-01,2.971414507660739557e-01,1.725775753426223302e-01,1.128236854061493988e-01
1.038063575980575082e-01,4.021957086597941489e-01,5.178539675006538223e-01,1.660051497328917935e-01
1.571289201482433673e-01,3.414623404015911801e-01,6.055930233370059312e-01,1.855968121833210804e-01
1.034171452309928380e-01,3.079735348470474254e-01,3.199210760705190060e-01,9.193352735804800890e-02
1.289116162208467087e-01,3.833571260209441278e-01,5.935754116417033543e-01,1.240678861965466701e-01
1.851258757544577416e-01,3.673151642024403696e-01,3.061795908658268006e-01,1.136022368461493404e-01
1.522468530342693249e-01,4.482362088515533527e-01,5.823870162552862162e-01,9.572337069215484939e-02
8.822451714002695067e-02,3.911598292751038430e-01,2.077568932271074698e-01,1.268302276749167512e-01
7.692448199196233460e-02,3.706160362403348452e-01,2.043425674128088454e-01,1.268844432632511010e-01
9.518780362128993755e-02,3.681113090695106727e-01,2.949570361350316028e-01,1.582903360824276795e-01
1.126811798868237874e-01,3.637364868560762354e-01,1.757366090578559858e-01,1.208684539759873611e-01
5.944587251275330192e-02,4.985981478719892501e-01,3.280125822740889707e-01,1.688604813132002780e-01
3.255440958479306479e-01,4.724870879195363638e-01,4.442469785754608047e-01,3.209227809229598383e-01
1.749843973153216437e-01,4.930228316992085746e-01,6.345565185071802006e-01,1.895670402424970147e-01
1.171648674819690261e-01,3.527831390962999913e-01,4.527971865855653366e-01,1.574954950035769574e-01
1.070790502463289107e-01,2.904682717539504577e-01,3.311675474597737812e-01,1.203360580402969143e-01
8.713414457518675604e-02,2.604291934094634109e-01,2.258829022426401267e-01,1.385481492110874624e-01
1.404369506567726134e-01,4.395297566211196494e-01,5.976375291829439940e-01,1.137078649457185509e-01
1.039946506277703020e-01,2.514562283104450624e-01,1.257736737044586328e-01,6.316517389430929830e-02
6.591883922459922107e-02,4.050415112610918911e-01,6.163037682929440875e-01,1.212242242871257730e-01
1.471975642054777766e-01,3.880167661072358443e-01,4.472875678843103997e-01,1.509562833068399113e-01
3.786675361628987768e-01,6.187257902069550619e-01,5.230366333930520639e-01,4.029850342217116133e-01
2.001646856473529856e-01,4.409610350463137873e-01,3.272738599580091723e-01,1.515108579609909245e-01
1.703129272104865199e-01,1.441040377555174445e-01,2.064374327399598474e-01,1.325150699951790356e-01
2.696906265666132452e-02,3.852491869822572967e-01,2.148894277266354957e-01,1.349652595880690420e-01
1.066808418504529565e-01,3.747254925639866840e-01,5.777654165704988465e-01,7.453361927700291600e-02
1.494103555575152231e-01,4.562038098287508059e-01,3.785277386811460865e-01,1.550158355655026632e-01
1.218121246798248014e-01,1.997587015644546327e-01,1.666610977836198715e-01,1.251761894900104144e-01
1.569389575088225020e-01,2.861423819160349158e-01,3.013634141814225953e-01,8.333779750749262250e-02
7.847348280331568893e-02,3.666693710795907446e-01,3.739189504608692038e-01,1.278275198267702639e-01
9.408611974099358177e-02,2.063846366643067864e-01,2.355528968192073247e-01,1.190788632736482361e-01
7.004580952356048718e-02,2.989920069120523549e-01,3.292520032544206665e-01,1.035952097275372186e-01
2.737110707771273077e-01,5.470694228391653757e-01,5.897513234805404903e-01,2.808291904815373163e-01
9.478616595557057267e-02,2.855832073893354028e-01,1.267771033609818299e-01,1.208057597142446621e-01
2.322585611389853533e-01,4.445110565178086448e-01,5.778650016086248620e-01,1.404986313868421821e-01
1.173044588365758367e-01,2.595662539392890045e-01,5.183823152539764889e-01,1.777220108357517869e-01
1.334169101607532992e-01,5.051588193385517789e-01,4.883065243324813398e-01,2.139642318640562479e-01
2.779787242925110258e-01,3.252922356920167068e-01,2.275634863662887031e-01,1.972558068533385722e-01
3.286223659703399469e-01,5.523167613408604959e-01,4.817940495961665071e-01,3.481861772028547186e-01
1.698976613167449135e-01,3.066171652527899805e-01,2.770756917963984045e-01,1.553163660118523637e-01
1.725370360799128588e-01,5.490891808240586647e-01,4.010031652372141875e-01,2.619099961262735254e-01
1.445521642456729927e-01,3.271554936577021344e-01,5.076944820025094396e-01,7.599124857866641769e-02
3.134444220056497588e-01,3.746219534298680376e-01,3.224723373652931824e-01,2.588535393974153442e-01
7.087057636130840443e-02,3.319149963666848668e-01,3.967387399511281831e-01,1.111559307216217762e-01
8.052020184485034204e-02,4.286032806189319921e-01,6.225178071482879716e-01,1.078393302067917475e-01
1.964448164786909701e-01,3.892220355296862611e-01,4.541826739209452457e-01,1.647126011214169461e-01
2.636618545470163499e-01,4.687605423262091731e-01,4.753865312558383516e-01,2.637208449024666668e-01
1.199861286111724296e-01,3.388290433127851276e-01,5.394246833936444663e-01,1.363545745714885016e-01
1.151919372321238422e-01,1.667282336386405883e-01,1.912145274204821721e-01,9.897741450651263706e-02
9.615609860289665856e-02,3.595326007749688468e-01,3.016024964113247497e-01,1.246897041849988064e-01
8.814010405955212402e-02,3.123013238101134403e-01,4.712943854743679717e-01,1.597316780546893522e-01
6.210089275969098849e-02,4.049790915131863955e-01,2.305615610615232569e-01,1.598372318580543738e-01
4.938777994717385295e-02,2.876103054141260218e-01,1.485073894603914091e-01,1.132955782335429151e-01
1.198320498721914956e-01,4.508674651173488201e-01,5.277373003025820353e-01,1.915355662714845753e-01
8.097641932799676256e-02,2.943869569618778326e-01,1.436461910942070930e-01,1.081040508223669594e-01
1.127700737579211965e-01,5.285350656994424190e-01,4.652761273761617522e-01,2.294161998091829580e-01
2.149848787252813254e-01,1.528605368298737721e-01,4.386219091790854452e-01,2.902741569219322026e-01
2.619647332881227531e-01,4.423918847614097261e-01,4.325969234136467501e-01,2.615544043645597339e-01
1.672432749847302391e-01,2.952439300937718669e-01,5.014512923835604541e-01,1.743348437998630263e-01
1.852064413802676779e-01,1.969513799460330949e-01,1.843700640828755122e-01,7.557821831766700638e-02
5.975948389955369061e-02,3.333681063574578940e-01,2.855269463080066794e-01,1.334510078940223110e-01
1.170818725765753743e-01,3.967897370422182046e-01,5.586699471841554132e-01,1.517882696695891098e-01
3.288759329194330117e-01,4.730204983195000490e-01,3.693593567526907151e-01,2.945634814681189484e-01
9.942286849011228167e-02,5.624346731727607462e-01,4.028600474067704496e-01,2.210339111360978548e-01
1.043377471813024537e-01,2.823629104535903545e-01,2.160029775302139687e-01,1.017230692491567917e-01
1.582498584082588089e-01,3.346413351529531344e-01,1.337840327293115805e-01,9.750073429537195469e-02
1.710069766502625155e-01,3.815130657822335958e-01,4.215865537130621399e-01,1.558199053774382281e-01
7.493896540567158981e-02,4.028634711111074851e-01,4.202741948643961001e-01,1.640273468192482431e-01
2.429832257886876123e-01,3.989469595309430017e-01,3.422621978687114264e-01,2.241820922429668128e-01
9.493041571691407388e-02,3.305835905063609359e-01,5.061583543709072819e-01,1.545788266409660328e-01
1.179077644957428062e-01,1.546442177696238374e-01,2.238471853877664897e-01,1.341971764117046995e-01
1.639774890886282477e-01,4.513364878070502684e-01,6.778871633064027513e-01,1.242349759236800882e-01
6.309681897984929788e-02,2.824065154239971953e-01,1.598156560103555779e-01,1.207408300001960449e-01
1.153493089659809179e-01,3.815837985041284353e-01,1.771404281787915813e-01,1.036636470382804320e-01
1.033402768814559586e-01,2.117642332225129487e-01,1.511941619711398843e-01,1.108092637564458693e-01
1.191443949129770280e-01,5.718976690713375444e-01,4.499071075615886928e-01,2.425061769258975708e-01
2.675341114511011753e-01,3.410861493094209940e-01,2.283837260890488052e-01,2.052763777991598315e-01
1.517644802590051856e-01,3.316846959525567851e-01,3.529708295777257421e-01,8.777025098787720470e-02
2.856563170412654840e-01,5.830600761404844956e-01,4.880766483820855872e-01,3.822307457248686480e-01
1.493128391070167871e-01,3.083634689383391025e-01,5.250189206985050872e-01,1.711800702510321293e-01
1.083479149814585152e-01,3.013845942862182214e-01,1.290034789939436821e-01,1.218100556468945245e-01
7.934345798785003012e-02,2.822222181527874185e-01,1.868140860853979845e-01,1.682412814183200656e-01
1.543703820942433635e-01,3.352926653320452699e-01,3.444113900139366691e-01,1.103248980196285256e-01
1.458999711348125394e-01,2.621916631041078527e-01,2.248990279809263693e-01,8.442340042911374021e-02
1.165694473032970191e-01,2.763648249489328856e-01,6.137398032035310536e-01,2.074826036323926259e-01
2.765993355141213028e-01,4.848873938348932100e-01,4.349198687695342014e-01,2.625929587836559054e-01
1.524226514325051629e-01,1.764937602369462122e-01,1.973442214047259058e-01,1.576810537150304670e-01
5.915668541985943246e-02,3.222537660182289709e-01,2.587113023764511799e-01,1.425819463078085991e-01
1.675569815919206729e-01,4.055232801552746125e-01,6.998249686798582170e-01,1.489161121489683826e-01
9.513356728148542052e-02,3.752409595907898465e-01,1.949735036418692169e-01,1.384702324430681919e-01
4.067058364044462970e-01,5.739852204993173279e-01,6.458930443373711583e-01,1.168309344650335230e-01
7.252270869381360896e-02,3.126748644371259434e-01,5.957120517100493728e-01,1.436835918270291668e-01
1.203383411914610152e-01,3.996766320437042386e-01,2.886073556934344864e-01,1.528468500486969139e-01
2.524779297805098688e-01,4.321773689008997499e-01,3.303444390714392886e-01,2.710583737705748453e-01
1.312857499369514680e-01,5.045403701411538266e-01,4.997409253783461347e-01,1.883050646577562881e-01
2.084028878890047398e-01,2.882494766139552245e-01,4.617822905437410363e-01,2.054413718606512562e-01
3.230735002277911327e-01,6.170335071892996126e-01,5.180053398450987778e-01,3.899359366804771576e-01
1.122458595685230376e-01,2.871015813768313940e-01,4.386563164096934919e-01,1.651543014011115085e-01
1.232664484463103366e-01,4.633392927670311190e-01,6.513337364981416355e-01,1.662478299465293408e-01
1.467496176483645554e-01,3.110271979481732951e-01,8.720226112152473785e-02,4.083778328743181002e-02
1.978418054534170634e-01,4.412034686043416198e-01,5.952886662293608300e-01,1.784895071329616334e-01
1.268416438018576953e-01,4.679468892259576185e-01,4.997141389659729427e-01,1.687375685963658223e-01
1.461463534707830580e-01,3.586358137641892929e-01,2.163366254175941583e-01,7.005895304748721575e-02
1.097080694224623343e-01,3.066862889697160033e-01,5.326503595714344730e-01,1.630851147406288393e-01
6.273176154757378886e-02,4.518369304115771867e-01,6.154360064459805102e-01,1.626892816850866452e-01
9.310791254751660251e-02,2.381383042542420947e-01,2.772555569865589598e-01,9.623524827617344068e-02
1.628060095259457052e-01,1.614026868467952625e-01,2.185322198269859240e-01,1.426242670668384782e-01
2.512312938689044151e-01,5.343013393158829727e-01,4.775781171828659133e-01,8.081643938576456299e-02
8.877300717591782298e-02,3.408601765123842608e-01,6.173429421784641935e-01,1.052968108219354687e-01
2.216622449237861392e-01,5.606734695535093849e-01,4.221656959868776426e-01,2.480287026675316864e-01
2.737719363124377359e-01,3.673655571953396981e-01,3.299993167312513243e-01,2.098296429889666692e-01
1.010890143326923091e-01,3.258525883379791432e-01,4.773596423479818385e-01,1.376769378716463932e-01
1.243551679892322820e-01,3.500628122098770612e-01,3.237438849249386075e-01,1.060128412518171886e-01
7.926890234412804770e-02,1.815173405032654008e-01,2.491112342346243069e-01,1.267345150144989496e-01
1.504081168493507925e-01,2.196755801280314835e-01,4.372617669014466912e-01,1.963926043832100732e-01
2.788469717578739293e-01,4.896613615301709799e-01,5.014625831722966387e-01,2.660363363832441985e-01
1.118805188484490870e-01,3.741164243866231809e-01,1.587534850543240728e-01,7.332863985307061516e-02
1.509631435440252911e-01,5.680348272605370008e-01,5.204613222650262827e-01,2.981592047226839792e-01
6.929516829333653982e-02,3.707429414392914291e-01,4.073449143513838133e-01,1.539507381259015983e-01
1.587780929649896533e-01,1.325520639744150742e-01,2.757450059671508469e-01,1.670896392496946936e-01
6.409632995855543691e-02,4.099619717001129482e-01,2.176040952415201346e-01,1.204135018257540546e-01
1.432630470646268639e-01,3.956852180129847296e-01,6.278411168344455451e-01,5.043386464495329402e-02
8.081757474334565206e-02,3.552317470603796323e-01,4.541006043094202305e-01,1.093878850381888174e-01
7.277652514060618805e-02,3.043108138922185346e-01,4.409524752519010105e-01,1.312536210833982475e-01
1.193174089132055665e-01,4.234190414300866290e-01,3.614332113299748572e-01,1.722632695509138390e-01
2.249077103881360618e-01,4.642069458185793529e-01,5.151815414397735715e-01,1.988973647471448114e-01
1.197507227568706395e-01,3.801874827606352425e-01,4.829218356373997101e-01,9.076402791894916389e-02
1.130409515467624276e-01,2.361523932076194099e-01,2.081294838564480554e-01,1.141653977237154227e-01
2.364188899933557797e-01,4.654570226260737464e-01,4.259940705444768549e-01,5.125731724674672390e-02
7.230146020284067276e-02,3.571427116474843455e-01,5.064594175543563059e-01,9.035113109147364929e-02
7.860206247606034424e-02,4.436612668577390450e-01,3.094583062289478770e-01,1.452644682579743718e-01
1.575828579288232056e-01,3.562848792203546777e-01,4.553128518651767820e-01,1.069870545551465379e-01
1.041460447850095228e-01,2.625900466061836802e-01,4.672834964659492996e-01,1.483470175113324185e-01
1.595564504980720166e-01,5.221219550636350126e-01,4.725586916399175386e-01,2.686362188237943482e-01
1.171189890067275835e-01,2.626391944199275019e-01,3.239879136586465425e-01,1.334617194652066852e-01
2.281882392148694705e-01,4.338689080935116404e-01,5.098520820156774436e-01,1.207915186369240279e-01
2.380132216651133226e-01,2.907593237728814950e-01,2.513620304409081019e-01,1.787281539929476692e-01
8.343875894411567629e-02,2.752048979129007589e-01,3.824351278232161477e-01,1.395862435507427557e-01
1.293550244853064191e-01,4.612120712179035853e-01,5.896930720135845627e-01,1.654143753053279875e-01
8.326291037164723630e-02,4.308028484678422809e-01,2.413020083900868917e-01,1.355241102676892073e-01
1.260390604152182847e-01,3.294777540658805348e-01,2.334080159412413591e-01,8.125095132293801148e-02
3.110435833071170109e-01,5.401900928998594198e-01,4.118768471195659031e-01,2.937251952143376532e-01
1.179671835241725836e-01,3.867258488095420277e-01,6.306281273615984562e-01,1.388460095585127563e-01
1.675360811807400929e-01,5.011327686016190386e-01,3.087689475654827320e-01,1.070974162183840755e-01
3.174319502123044145e-01,4.220864590857280607e-01,5.422974197500777249e-01,6.747741930505023189e-02
1.387108539331751433e-01,3.006512976324272057e-01,4.238786143043840604e-01,1.118364650096370788e-01
2.730381332170682754e-02,3.716525752827256057e-01,5.483567537154342419e-01,1.309560269409470179e-01
1.538259537688447531e-01,3.792443254328153324e-01,5.348634930208445715e-01,1.079394593375430922e-01
1.126125931533672464e-01,2.041335111450148510e-01,3.431325879210980201e-01,1.566434944020979325e-01
8.680310149711431555e-02,4.167420222800514162e-01,5.345950780050904294e-01,1.473250941505487577e-01
3.154185447933319231e-01,3.900999537778149229e-01,4.334472978543763011e-01,1.592050019280545348e-01
1.293228647351934990e-01,3.977126407724805857e-01,5.616678575690224884e-01,7.974425694924242025e-02
1.028801872139976786e-01,1.957206890400535471e-01,1.898794067413008546e-01,1.288348822924912096e-01
2.349200660258480775e-02,3.376572846167831821e-01,6.017644238382673372e-01,1.271128368659314167e-01
1.150363507037410471e-01,4.077590646112267958e-01,3.634580618049719214e-01,1.183820421837759457e-01
7.453009129551603495e-02,2.877095257581113730e-01,1.221836456103059937e-01,1.019225583945940761e-01
4.624805872229610926e-01,6.846368195042844551e-01,6.376691154163331987e-01,4.945543669385734642e-01
7.123994283330627175e-02,2.514544647596528848e-01,3.720588127769234865e-01,1.216385861500746957e-01
1.239215066425472800e-01,2.713838316505740589e-01,2.860058403021570328e-01,1.041993757687921240e-01
2.038334168077537423e-01,4.710341417026484567e-01,3.907246591072773834e-01,2.630935331386574649e-01
1.794876849228057014e-01,3.226855882378790175e-01,6.412452027892489026e-01,2.285370366982818757e-01
1.424665004624332265e-01,3.501493411410450673e-01,2.345597961655123409e-01,1.146609417150662447e-01
4.673014472674923842e-02,4.907204781214000722e-01,3.165478346349167582e-01,1.756899176433844578e-01
2.600159599820203726e-01,4.335635306257408783e-01,3.598905713221910441e-01,2.488087488676170578e-01
1.028634896828278800e-01,3.099810371287535227e-01,2.127531292847425759e-01,1.417898272607504839e-01
1.067447095379873145e-01,1.527175458232614691e-01,1.683906773656220213e-01,7.652534812120845298e-02
2.090929797034201953e-01,4.687866137758125440e-01,5.134845849050887479e-01,1.383760710817314443e-01
1.596927779126828262e-01,4.448956024010850552e-01,2.830924895758737958e-01,1.091438074619845849e-01
4.424093979611771754e-01,5.826763229459456239e-01,5.553227776928901793e-01,2.287356455064870897e-01
1.207496090266789723e-01,4.424168040145134428e-01,4.145005833936449835e-01,2.299012849660740099e-01
1.149206663338887963e-01,2.717593932820921987e-01,2.003537438164274542e-01,8.734214097468810667e-02
1.510261856393231295e-01,3.853015996712573221e-01,4.912937373685355991e-01,1.475597375423103597e-01
1.036889464135159478e-01,2.015802974215657462e-01,1.314530841305679154e-01,1.117094382807098940e-01
1.531862452847727596e-01,4.319882679695857819e-01,6.277470206758790638e-01,1.162799244939373977e-01
3.537731177804803728e-01,5.160845357863179661e-01,6.099062075552491580e-01,3.141349478385425109e-01
1.172878490262966172e-01,4.787522582264725490e-01,5.187883442245255772e-01,1.855033521027878440e-01
1.402814412328493299e-01,2.635939400700869628e-01,3.085973471937640822e-01,6.173562282945600777e-02
8.374705430969271724e-02,4.362409266181454526e-01,3.845836259656345013e-01,1.911377428423157998e-01
1.166239460978499842e-01,2.925783705620372266e-01,4.036232179615376614e-01,1.226064098159891091e-01
1.434131892865738167e-01,2.815588624666309214e-01,2.744886284193570614e-01,1.308127671518940494e-01
1.703505354743628242e-01,3.003067372119191392e-01,4.054729380976849207e-01,4.763369425986174049e-02
6.421465557121328049e-02,4.983875381977940777e-01,3.575961401836705855e-01,1.881604193897024047e-01
2.960766695144881888e-01,5.218590229237382028e-01,4.752485640637530429e-01,3.597432042072639113e-01
1.683209592986430747e-01,3.802009450493505360e-01,4.794420409688334717e-01,7.933406399328141179e-02
9.922944647582990219e-02,3.003555345001839849e-01,2.450672669730240283e-01,1.534181289333954312e-01
6.725161942377869129e-02,3.683913898424447941e-01,2.560699597207560796e-01,1.516249093696713790e-01
1.087168385235430385e-01,3.546401823745482518e-01,2.046806051179368979e-01,1.161157116239110026e-01
5.971341810954549495e-02,3.857404931128326497e-01,5.130423395912309115e-01,1.281006678294253354e-01
1.284052035854405804e-01,3.082711241223676235e-01,3.818805476185329617e-01,1.420338163146309673e-01
1.883850860498193225e-01,4.971369514311169691e-01,4.908539732820764723e-01,1.923289593811723930e-01
1.782331952329728741e-01,4.099300411808929900e-01,2.834707200787585646e-01,1.569998143105344468e-01
2.454963163320331432e-01,4.345961270142689736e-01,5.149021001827457367e-01,1.726586153823880809e-01
1.075954729656789788e-01,1.450354448676540176e-01,2.226172177042828604e-01,1.418406135559054648e-01
1.473998933234705322e-01,2.046381186604778191e-01,1.775082402750227661e-01,5.651953519159828854e-02
1.013634017736377707e-02,3.621394940355583958e-01,2.687484888205048383e-01,1.672291938141692857e-01
3.242388600684216193e-01,3.635345441703426994e-01,3.273398157625821980e-01,1.932339690566329815e-01
9.634580034067560805e-02,5.326982571976502934e-01,3.725451230121194501e-01,1.683303129592884639e-01
1.058778789006399601e-01,2.945808678884441756e-01,4.652458459285679915e-01,1.007662901326416977e-01
6.557597184901005349e-02,2.745707010497779321e-01,3.545009314248233068e-01,1.151759220759659141e-01
8.755748658218573399e-02,3.827643720503766667e-01,4.429503678808763278e-01,1.509706565476208184e-01
1.421947098772872176e-01,2.809253339426599494e-01,2.785736519786826126e-01,9.740347610039118420e-02
1.580160575429891689e-01,5.076937799940443030e-01,3.528009878300252811e-01,2.300351429408460380e-01
1.650355255231617524e-01,3.203135982049368224e-01,5.536716049004990481e-01,1.806691773545814061e-01
2.004725269650166619e-01,4.364040394172770121e-01,3.265920339283870932e-01,2.320628513277542548e-01
8.166226573215196183e-02,4.454284890886257009e-01,6.472420286025255542e-01,1.400712225813905421e-01
6.354850528074397487e-02,2.863253104901978818e-01,1.193417458248295232e-01,1.007158853217457323e-01
1.904672303183795046e-01,2.743578546399698115e-01,2.796425529204465965e-01,1.614655226322863624e-01
1.850866796976339823e-01,3.300579677685582802e-01,3.368994076116388348e-01,1.082827055818722239e-01
9.890427253600511670e-02,3.463639185708951018e-01,6.394845047729741383e-01,1.511627316572384250e-01
1.288852809191794735e-01,4.066063364916666645e-01,5.483124341846434824e-01,1.275939102836808337e-01
7.305221368401110249e-02,3.928801899156911248e-01,2.674017355527031903e-01,1.290906342462662670e-01
3.349760451056985611e-01,5.188540541252644189e-01,4.022558143191427571e-01,2.269704070954039477e-01
2.129492087602059824e-01,5.253744982904922090e-01,3.960965467781585869e-01,8.248191998633284949e-02
2.263263609170891311e-01,5.134089222253377383e-01,4.062732620574827647e-01,2.789748076368285257e-01
1.059806919470899084e-01,3.118163872987175789e-01,3.124349603725928293e-01,1.268156203307319041e-01
7.454122899640035216e-02,3.648108046176762875e-01,4.336799868146310466e-01,1.065526027508314766e-01
2.123595826128029107e-01,4.469915999219315483e-01,3.521547849414317644e-01,1.522561383184286021e-01
7.109252261191816025e-02,3.545513069318599886e-01,2.450076163489232906e-01,1.300340822856895784e-01
8.173955330103110928e-02,3.836949429983323445e-01,5.756372195940416825e-01,1.168042126624206228e-01
1.381379333905845830e-01,2.508528158389220497e-01,1.983852173190980006e-01,1.346447540204847027e-01
8.211094323732669176e-02,2.864524197865743194e-01,4.438177913404888209e-01,1.450132489121884194e-01
1.371703507204725114e-01,5.273055535014656847e-01,5.163161970837230053e-01,2.216183409159534212e-01
1.410366373660851824e-01,2.221641436916118317e-01,2.764465457641072654e-01,1.258350964923486692e-01
1.721774532735446950e-01,1.441274857603597193e-01,2.360378836313545281e-01,1.443673637621161465e-01
6.435615078072692841e-02,3.649937506987618874e-01,2.457309467298154915e-01,1.083166572571834241e-01
5.744567596715201285e-02,3.311712166949858926e-01,5.453774220889275881e-01,8.732166797959482751e-02
1.036541662730624258e-01,3.948494602525474129e-01,3.476313629338225186e-01,1.167574384266028970e-01
1.643834952158069185e-01,3.785444429609470252e-01,5.310873677047293073e-01,1.166219660771082439e-01
6.532676404005090254e-02,3.291529608984094524e-01,2.218980091767641660e-01,1.399660780926088588e-01
7.034041259071106833e-02,3.392203567065196768e-01,4.543262297400064154e-01,1.254277056420220748e-01
1.228657485227020868e-01,2.410501209667067213e-01,3.916165449719312686e-01,1.747651969212022649e-01
7.962881871234989140e-02,4.688310570145056699e-01,5.427026359721868198e-01,1.939195247026301583e-01
2.096596522832543108e-01,4.267175323861607250e-01,2.507416495979771787e-01,1.052907855731645415e-01
1.847090407740579476e-01,3.999996890394045823e-01,4.737969942082040919e-01,1.051136868661198681e-01
6.316872356232425267e-02,2.833046898788537105e-01,5.048178053287718514e-01,1.187655520487997801e-01
2.600790758300708938e-01,5.484322615050494232e-01,5.101446417528502364e-01,3.236400340107831175e-01
9.513967170562986908e-02,4.141331407540916887e-01,2.677365890220130273e-01,1.875900272141744207e-01
1.828633832018677352e-01,3.428995684399342991e-01,4.404118262307543108e-01,7.689749809806033232e-02
2.852248263003785422e-01,6.550030757395549630e-01,5.345470378249227439e-01,3.693682120595245255e-01
2.621445946617565470e-01,3.576318608471235616e-01,2.851503456031892481e-01,1.614767112661258386e-01
1.157598989288420588e-01,4.998758117874745333e-01,3.917764965545604827e-01,2.663730638907757520e-01
8.701030429893508167e-02,3.966742695646706673e-01,4.371431878564047135e-01,1.483898285580092513e-01
2.456329431267073593e-01,5.162954684372551561e-01,6.536572100248506656e-01,1.786727363964031312e-01
1.245615409184453598e-01,4.166191647767841788e-01,4.891424241831529018e-01,1.410352408976755234e-01
1.636377612794181480e-01,3.818610090418199654e-01,4.363165276833927964e-01,1.720077831627189469e-01
4.116353750000356637e-02,4.046137946436446087e-01,4.740126104966241316e-01,1.595136630645282438e-01
1.251805698427913838e-01,4.012752491724972947e-01,5.007365805866186292e-01,1.267739195637301586e-01
1.118091633599928719e-01,3.194799223148734324e-01,5.548841018129049285e-01,1.234405395395185290e-01
1.208910924494738526e-01,4.048941652433040161e-01,2.468826716837789204e-01,1.405660033644698381e-01
3.625909391128728787e-01,5.926718496092235888e-01,4.894548637447804218e-01,3.166539580676382970e-01
2.030846946184630963e-01,2.514591045346633580e-01,4.222213937989733878e-01,2.139503862168628534e-01
8.020708922997701884e-02,3.747834442025045343e-01,5.057788569837093906e-01,1.405305592841102902e-01
1.467064942745436862e-01,3.940112737049918934e-01,3.850106315165021664e-01,9.196723671741779960e-02
1.604562657371469692e-01,3.194396398253698255e-01,1.353352495209348416e-01,1.227917106945343312e-01
1.876335653952384552e-01,3.627391392168172746e-01,4.179553468280412520e-01,1.323751238933180419e-01
8.427153822146908613e-02,2.676445026192710297e-01,4.275027666562021267e-01,1.272240637666608443e-01
1.456070484547284938e-01,4.020024056143466362e-01,6.491131583360438828e-01,1.589157703275023426e-01
1.449987877912662371e-01,3.963760408666390789e-01,2.805979427771814194e-01,6.682081399101284791e-02
8.230809098332951546e-02,2.846408991854969539e-01,5.806954151665024710e-01,1.716020064620679686e-01
7.529497446587575527e-02,3.798156075905720908e-01,2.002209131235865025e-01,1.400384341937924437e-01
1.117021146910246038e-01,3.584896607900468490e-01,5.362999125037561932e-01,1.025423748706340288e-01
9.099993124512535669e-02,2.976315592644003249e-01,2.229314146212247605e-01,1.018222991173180908e-01
1.026990368292342720e-01,4.487793344479560353e-01,3.429769918125299966e-01,1.528187297452159588e-01
1.719209818755265684e-01,4.232354388374323095e-01,6.500163142469863597e-01,1.750282251485768825e-01
1.264712289300850279e-01,3.800701132531550397e-01,2.201160490733284902e-01,1.268973220287993309e-01
9.206675727301871781e-02,3.305901606693297801e-01,4.880378584048493673e-01,1.249205940500252160e-01
8.455006022460358206e-02,2.989172961629648628e-01,2.505717730792099696e-01,9.970446259067301809e-02
2.070790279290748437e-01,4.429290883753267405e-01,6.071418996396147350e-01,1.105535682589468827e-01
8.092759710008740059e-02,4.034763951607648336e-01,5.487690987819558996e-01,1.072616392703221871e-01
2.309317893645394804e-01,4.692445626308380802e-01,3.467519313090544619e-01,1.946897895086287522e-01
3.898597936252458651e-01,4.414773740633662347e-01,5.646007847693602644e-01,1.190684558522311226e-01
1.339096643557984578e-01,5.535816984925469031e-01,4.056418927068372593e-01,2.595760055712997283e-01
1.554096925840741106e-01,3.155143821858212849e-01,3.711432127397413794e-01,6.979206005331874130e-02
1.084941492028784898e-01,2.759433256725855044e-01,5.943114929259250001e-01,1.969275118500242450e-01
1.431988010195671956e-01,4.300966082234504162e-01,4.829143490581527254e-01,1.712777149614149730e-01
1.132605175107084805e-01,1.703324573621269322e-01,2.336930802309690192e-01,1.126187633037896429e-01
2.925681954259656825e-01,5.087531450205414751e-01,6.729498335875554460e-01,1.947578371905513417e-01
8.469931625635013228e-02,3.593359165923014076e-01,5.179233011205325310e-01,9.720804719638315161e-02
1.189580765266922829e-01,4.502018402372129358e-01,2.658191997694324127e-01,1.409518970079478017e-01
1.446618455365378253e-01,4.438770487563952760e-01,5.403598860998314324e-01,1.666009089224621542e-01
7.809180704895629654e-02,4.779055181652871465e-01,4.059919659921016333e-01,2.061388525626294543e-01
1.216137868837988689e-01,3.000730636151155428e-01,5.667614155603972748e-01,1.646047106351198053e-01
1.338894511726250736e-01,2.034057446387402546e-01,2.657802311075943003e-01,1.219676132682266240e-01
1.476535226751166940e-01,4.806848459926763573e-01,5.691712558334680594e-01,1.772241582602130938e-01
1.216534563073080888e-01,2.101058334233009972e-01,1.962493888188222568e-01,1.398487081385859643e-01
1.152905803220821701e-01,3.686066830317800136e-01,5.777290670408928852e-01,1.205461513684830815e-01
1.806819816221374164e-01,4.383096793181171513e-01,6.289282367273822949e-01,1.111404691368472891e-01
8.902335961499056871e-02,3.554134811196439370e-01,2.855687871040341053e-01,1.612315020734525206e-01
1.378480761069451610e-01,3.711080724811783860e-01,4.392789536980498122e-01,9.463107592187677830e-02
1.022566725270505489e-01,5.170962447128087947e-01,5.479724789071134250e-01,2.534681760871814737e-01
3.425767041131825286e-01,5.229113118810435612e-01,4.318788985997737417e-01,3.541603679930817039e-01
1.855045307849505498e-01,2.505930543404047417e-01,9.317966386473956752e-02,7.604660781255630220e-02
1.514628422606110157e-02,3.985663698943598399e-01,2.272958162414527028e-01,1.579055395685890484e-01
3.801530036952197600e-01,4.655638899807039710e-01,4.368210147833552770e-01,2.013438410571932180e-01
1.703249218053032032e-01,5.011038515843087016e-01,4.133787346107157812e-01,2.206651643076945890e-01
1.540920980610874236e-01,3.348567163925295631e-01,3.003007410878773542e-01,1.662797974714330385e-01
6.432238061696288201e-02,3.345536612150602496e-01,3.985270583487607321e-01,1.370381146433447828e-01
3.669322965865317032e-01,4.795419395381567695e-01,3.851202059921908227e-01,3.312955039922268474e-01
1.264468363573822973e-01,4.087126575323650202e-01,6.109378037941353146e-01,1.201102759161866290e-01
7.988738296093152169e-02,2.621812228476485540e-01,9.789030624459620078e-02,8.086578369268170030e-02
1.408018931705393995e-01,3.378412442287593298e-01,1.793221759501669177e-01,1.245133348653700150e-01
2.638553980063721993e-01,5.133899621201540864e-01,6.008898942363707363e-01,2.656352829612378397e-01
1.015952814904654278e-01,3.455458539281692776e-01,4.007279069647542991e-01,1.298241399995653522e-01
9.675752611788893121e-02,3.243204347727302039e-01,1.355626250706404023e-01,1.133279741254607648e-01
6.839948497465940525e-02,5.016654674358461685e-01,5.105366169732225012e-01,2.237189894739805285e-01
1.686736311474243688e-01,3.048902043261603190e-01,4.700897406188734307e-01,1.722324841971306919e-01
1.465692519691321472e-01,2.038418420374739914e-01,2.481632344324205541e-01,1.545626545042675104e-01
1.405623634104342379e-01,3.904028550770903827e-01,3.083190539203108926e-01,1.756445792276095652e-01
1.352865548073443891e-01,4.120382881679471865e-01,5.813165034081164695e-01,7.132473112947668170e-02
7.464263281802133165e-02,4.333494538926396800e-01,2.500423201332582224e-01,1.481703632484893396e-01
4.696925576989228746e-01,6.615955569081495291e-01,6.062504616471756647e-01,3.514351157325589226e-01
1.372731220960088649e-01,1.731991551201109703e-01,2.879289791847379765e-01,1.623935953200975058e-01
2.715245637964807113e-01,3.973026241727804497e-01,2.432973752333955075e-01,1.987865583926662072e-01
6.714687274126344974e-02,2.650995623650048705e-01,4.584243179390040668e-01,1.119384983246144993e-01
3.133070172312263924e-01,4.834779698384944480e-01,4.759879564527484952e-01,2.662270617892348867e-01
1.837448804601883590e-01,4.158074711869169660e-01,3.099551065864484811e-01,2.434591054568379931e-01
8.412469618721081510e-02,3.819174712671026262e-01,3.546869557937918360e-01,1.582336188555787115e-01
1.631053862072525951e-01,2.774132401013381655e-01,1.964142408797901751e-01,1.107733595938932836e-01
1.905618435602366434e-01,4.504022486734844954e-01,6.778637574639857499e-01,1.713508125898800527e-01
4.982072244928030524e-02,3.427931697474330131e-01,1.616228454777774715e-01,1.174702101340354410e-01
2.220934801820005910e-01,4.022552229836101612e-01,2.193149940658933317e-01,1.294561829028214039e-01
1.117727238464201606e-01,4.438835970396157182e-01,2.660751912972263988e-01,1.500327875048041437e-01
2.700476176665010941e-01,6.649147145775534673e-01,5.434884176358781849e-01,2.752764385040266104e-01
2.872196852345724749e-01,5.828525506738602147e-01,5.300336288056095579e-01,3.777588819966120615e-01
1.730036125414746440e-01,2.948279296276654637e-01,5.793431429894194684e-01,2.164338251824189097e-01
1.489949260479007387e-01,2.625349100871539609e-01,1.508984326845374258e-01,1.114994617612175137e-01
1.486168651689946385e-01,3.968825212991607398e-01,2.816433292223471940e-01,1.180406147579623061e-01
1.204039220365220320e-01,1.951854485907449088e-01,3.099475860440957797e-01,1.253709257408223143e-01
1.318469484105577461e-01,3.059908575063683966e-01,2.994455765479064335e-01,1.260382631856779845e-01
1.275709883485965923e-01,3.310211789880272981e-01,6.697860276559924886e-01,1.955387210249940333e-01
3.367349554693074148e-02,3.415084401098908429e-01,1.807020197713097576e-01,1.240676250754825655e-01
1.171079411095945905e-01,5.150031610094006895e-01,3.237442322393031535e-01,1.274832036137567848e-01
1.118376286616420967e-01,2.994384422689714276e-01,2.087964596785973070e-01,8.159849910393887629e-02
1.432060359974538788e-01,2.781279112632594752e-01,3.724104987708856118e-01,4.296474887194222381e-02
2.437933894149898750e-01,4.746516944204188237e-01,4.305258237415521272e-01,2.872204395991557191e-01
1.946667717245099405e-01,4.763854239660210155e-01,4.357634405474620221e-01,1.860539501892099490e-01
2.094540615594743804e-01,3.111096038495012039e-01,1.735312214472573000e-01,1.468375869117493904e-01
1.668765637091512710e-01,4.709065581121837929e-01,6.854013115980142068e-01,1.454414850827743244e-01
9.642878194154590188e-02,2.647591119966618556e-01,2.132051166013678445e-01,1.010283074699288158e-01
5.258847279600333685e-02,3.281646350243954124e-01,5.942028740240172802e-01,1.316740309840719880e-01
2.245725673919978238e-01,3.252046438351633428e-01,2.222221850850270297e-01,1.942548006001055816e-01
1.256962050939956221e-01,3.792761383884062365e-01,1.915564473729821915e-01,1.261677233284107524e-01
3.653183820471057885e-02,3.584217751676009867e-01,5.601693102652384182e-01,1.146922231618356519e-01
2.451291161235004123e-01,3.215165380784246740e-01,2.696509055869973914e-01,1.335730079184077879e-01
1.213722815428358165e-01,6.105736305816062970e-01,5.037537145788083537e-01,3.210421880949766438e-01
3.377632112003693676e-02,4.169275718961782395e-01,5.091389677768010102e-01,1.827098544595906204e-01
1.478830604058145315e-01,2.764036988150785912e-01,5.084816242959692145e-01,1.848765244135391894e-01
1.978707440176588617e-01,3.621089939327897245e-01,6.440160268768333474e-01,2.059374280748851593e-01
8.394247058942003181e-02,3.487085587427934952e-01,2.646853450632611904e-01,1.236224181474567668e-01
1.996046309071090319e-01,5.181637609468938699e-01,3.715067507457452955e-01,2.501480657593183610e-01
9.059690207562645647e-02,3.506952963777819621e-01,4.539015583355766048e-01,1.014801674041607427e-01
1.119423618427358297e-01,4.339420610693094926e-01,5.515399125362132615e-01,1.337348932485838415e-01
1.056041792937977564e-01,3.087156430978518773e-01,1.592639953441264411e-01,1.309712500674603819e-01
1.259814063831508901e-01,1.985401095699593221e-01,2.480081006906780239e-01,1.843662238789262053e-01
2.694964777797143052e-01,2.773292860961336093e-01,1.999753945407723998e-01,1.917404726687825800e-01
1.897221662781799212e-01,5.196726063612796542e-01,4.706865889994451546e-01,2.802051775071804918e-01
1.826352331824008801e-01,3.701318756087090267e-01,4.467955505132612526e-01,1.251031307376056223e-01
1.591878765334868440e-01,3.765733294297344824e-01,1.747403749921628835e-01,1.020390745583137221e-01
1.579578972342632059e-01,5.194415511671910402e-01,5.678771464889470488e-01,2.030753285863931279e-01
1.940910443801427687e-01,2.309295886755398375e-01,3.073657205281212224e-01,1.921992618746413972e-01
3.708207884858295139e-02,4.059067100286878338e-01,2.748730237197221093e-01,1.741459406953865807e-01
2.297565076772571102e-01,3.605334197820087572e-01,4.356724462520403796e-01,1.401085912810986767e-01
2.104576592079558661e-01,5.316471445569306287e-01,4.273056035386689211e-01,8.153661355661763477e-02
6.939029641831569173e-02,4.377460906284970643e-01,5.784130063836426805e-01,1.710648778156065031e-01
8.880441641509791151e-02,3.880989529609666366e-01,4.144148754513684030e-01,1.458619893042576998e-01
1.362149606356942988e-01,2.708985005741383345e-01,1.266337173058148247e-01,1.057328722151546080e-01
2.794473620527148650e-01,4.738935163620944246e-01,5.272865411183376150e-01,2.677536802814925454e-01
1.507755418145376725e-01,4.235444341018978487e-01,3.916954078289364150e-01,1.602284506510886219e-01
9.423333432672641174e-02,2.040078486661163482e-01,2.667496109752643951e-01,1.050347445807285340e-01
1.987492261476965505e-01,4.669490822774365890e-01,5.062283475472296734e-01,1.740514844803816852e-01
1.374052780156322373e-01,3.640088320826037060e-01,5.293729126703299315e-01,1.881907068462795318e-01
8.331142304990310499e-02,3.452191125023116869e-01,4.281963899470234147e-01,1.126216697363450064e-01
1.774329102198236030e-01,2.246482639242728674e-01,2.305567373347739424e-01,1.522151223959354038e-01
3.758690448367815740e-01,5.478334193246056083e-01,5.175497588837497664e-01,1.939378969577371659e-01
1.549919209497007400e-01,3.946658944816936465e-01,4.791569470853432877e-01,1.482967418127550396e-01
9.593944431093100189e-02,4.509091511326278057e-01,3.267207318693805540e-01,1.774826970820817529e-01
1.304530574931419273e-01,2.265100779801976216e-01,4.642074148185392768e-01,1.871562429247603243e-01
1.652420453231276676e-01,5.155398583119858991e-01,4.012774549164521698e-01,2.598059737891965648e-01
1.931750266471662647e-01,3.404727280062067596e-01,2.856778312033930178e-01,1.138456561161324126e-01
3.944181571628275346e-02,4.340909672372266770e-01,3.832602589254320846e-01,2.247066980870560393e-01
2.461665682256123922e-01,4.951479001313634498e-01,6.068684495264914380e-01,1.843076539099500477e-01
1.298708471191798997e-01,2.433855054398903761e-01,2.134450857856624029e-01,1.450883214167690005e-01
8.393788250566899811e-02,5.351772100892085993e-01,3.947702313288046216e-01,2.103221032149887593e-01
1.740121153996314340e-01,2.753652614336232207e-01,3.613361321368766532e-01,9.680625441639546802e-02
2.655249412377368445e-01,5.728845958960731011e-01,4.727209338445360065e-01,3.531193587676689782e-01
1.844019731615738900e-01,2.913043115769773372e-01,5.175574883927454017e-01,2.062285295191668422e-01
8.291350873492708828e-02,3.145803245014265337e-01,1.438369294710543089e-01,1.301372565537031178e-01
8.882878162331644956e-02,3.698059860424608436e-01,6.783805818787294051e-01,1.413380980332504533e-01
5.851484393065525119e-02,2.388890062198397723e-01,1.734255273961811117e-01,1.058293435429586149e-01
2.760500282923238902e-01,4.544547386073901629e-01,4.953090740586851282e-01,2.447067320345549246e-01
1.631498959725234954e-01,4.287312804435526314e-01,3.255234401920038545e-01,9.433263865635736767e-02
4.884405071067444981e-02,3.131412958582132089e-01,3.781862830158047584e-01,1.219275478197154872e-01
9.687209305219762756e-02,4.421753129509060631e-01,4.476921519811944972e-01,1.512134541956680622e-01
2.748044053575827705e-01,4.513085109293805686e-01,3.548052882721540180e-01,2.859520482623664761e-01
8.257653853316408721e-02,3.349543479616384212e-01,5.111112163716596823e-01,1.497099845197790713e-01
1.243840548002174834e-01,1.478221267141738016e-01,2.714324972463738606e-01,1.607877788893016802e-01
1.865765984561562341e-01,4.080279665598033345e-01,6.663414470059506600e-01,1.611476078112190069e-01
7.836672824364275536e-02,2.747712108831947830e-01,1.497805417467490685e-01,1.246795508493918625e-01
9.255496264097608228e-02,3.667322846796620683e-01,1.942034914551481750e-01,9.873036844097736464e-02
4.613971848638873108e-02,3.206894681178990569e-01,1.986769336209938397e-01,1.217972783640792200e-01
1.189405443540528795e-01,3.932206450695109878e-01,4.941005869064511447e-01,8.419051547786057799e-02
2.639157562525415446e-01,4.843947736253202963e-01,3.400816678130626491e-01,2.128081799363264748e-01
1.292209192937650575e-01,5.202273763124340977e-01,3.493392534243664471e-01,1.567649567460794591e-01
1.106441991620031595e-01,1.577414765485441739e-01,2.462109035477499652e-01,1.376843142483043791e-01
7.165001228572379088e-02,2.758430051786099346e-01,1.692294257823834247e-01,1.109123188576040531e-01
2.672437112235294121e-01,5.509941133587303863e-01,6.062186426353156632e-01,2.373837728916398104e-01
1.479242590696960291e-01,3.798983418961270342e-01,1.989347119206309467e-01,1.222395153675337881e-01
1.894597690816252344e-01,4.126469966019316593e-01,5.049260011913913049e-01,1.571566551810865131e-01
5.251760216625286914e-02,4.035744117653156104e-01,6.036528941489013311e-01,1.284201718383437552e-01
9.930893864552663153e-02,3.041622537388287695e-01,2.011018185158363614e-01,1.229770963618312535e-01
1.523745900656274521e-01,3.458147566412602125e-01,4.805652527219602677e-01,8.426959719610503663e-02
1.070276708179062758e-01,5.498212754099591759e-01,4.524903150338083213e-01,2.281532096835667267e-01
8.495519972098075634e-02,1.966173040613492240e-01,3.080780577748380433e-01,1.226768509194723356e-01
1.326640466643111693e-01,3.011693389582573710e-01,4.148094768345096384e-01,1.150493133734000611e-01
1.661629169478834045e-01,1.818028505588635269e-01,1.601765739970407443e-01,1.135312436458905117e-01
2.606870492299862008e-02,3.775739750173472409e-01,2.016580812605630879e-01,1.362357873529590202e-01
2.024602067048718590e-01,4.031326125583466480e-01,5.715948252822034004e-01,9.037678977412935688e-02
2.999453177473760945e-01,4.950488571666459281e-01,5.812821742809813896e-01,9.821174497434344286e-02
7.655008072916993922e-02,3.745560037452205782e-01,5.169321457246273122e-01,1.279734919330233200e-01
2.717493727101866208e-01,5.950174844508285821e-01,4.546620805779740815e-01,2.451960118223015794e-01
7.728161903548445844e-02,3.334733116606899972e-01,2.966391725667327228e-01,1.478653568173479427e-01
1.080698599078545874e-01,2.969746532746200263e-01,5.607000837442961405e-01,1.698483284564765439e-01
8.250817267488010087e-02,2.998440149103887009e-01,4.169683148256381200e-01,1.376361136502455840e-01
1.041984657718051793e-01,1.289012466380340671e-01,1.940754847782594494e-01,1.426818935758585871e-01
1.150201684980832750e-01,4.526966376011636872e-01,5.636164692914834573e-01,1.367289081484027724e-01
1.165179248662417399e-01,4.242751648437896872e-01,4.050011886873300382e-01,1.205932179044913177e-01
2.330765352469377216e-01,4.073645607613286534e-01,4.214996319280856496e-01,8.251491303020341839e-02
8.356644384504607892e-02,3.175342939321885161e-01,4.517458186880211057e-01,1.096678636782467964e-01
4.658221805575483987e-02,4.422827968534524534e-01,5.367832332484745450e-01,1.733202786407471163e-01
1.267397110585002928e-01,2.289585886183559127e-01,2.502508912710216804e-01,1.314260719376280084e-01
1.448467268241632466e-01,4.611603224113854371e-01,4.815101640425423768e-01,1.611347365587645075e-01
1.424279047971586387e-01,1.747706342492166554e-01,3.650307955329816778e-01,2.051944215311077568e-01
1.721665826720560621e-01,2.541079641458323102e-01,3.976314164972036269e-01,1.749338823763451067e-01
4.008511467099981629e-01,5.421198941093208212e-01,4.849678014052466457e-01,3.958137600269810985e-01
1.160000473483340788e-01,4.790402458817263343e-01,6.473790382878722438e-01,1.471271399581754735e-01
1.217144862398266691e-01,2.379879031254081845e-01,1.752647290006385528e-01,6.230520980071086595e-02
9.708480651362499936e-02,2.809737631096491106e-01,3.906337883853169823e-01,9.428749441597744640e-02
3.879834799713055005e-01,5.609028635318981104e-01,4.961184580117850018e-01,3.753317806324244499e-01
1.502711226942258782e-01,1.881865503645304694e-01,1.191898225782902915e-01,2.891438719510741606e-02
1.769327827245901485e-01,3.425143851880667056e-01,6.727831030279869395e-01,2.310827629793427151e-01
3.215629615266065722e-01,4.601447344461425115e-01,4.997771152450154464e-01,4.530942090308637954e-02
9.450974188877800386e-02,3.886837789311324842e-01,2.645140254401221469e-01,1.434889856321170942e-01
2.238512261088648481e-01,3.338451423023456321e-01,5.667525072650962947e-01,7.057539382381665394e-02
2.309057944336784796e-01,5.112866210326524330e-01,4.525820161636578409e-01,2.955694062289075941e-01
1.430810546620809309e-01,2.354526510975860631e-01,3.281719191378591471e-01,1.554273647499550270e-01
2.270884340875268387e-02,3.836966840713451066e-01,3.196399436082454915e-01,1.877051527621109162e-01
1.873431520921804427e-01,3.629889948702074154e-01,5.039699354654694208e-01,9.368901591366249337e-02
9.058312865285433890e-02,2.607768112719592302e-01,4.239137219417958846e-01,1.503000545921877595e-01
1.332282189145791440e-01,4.699334932621483385e-01,5.934499298142207335e-01,1.334313617457553169e-01
1.519685552023925246e-01,4.818156131657994612e-01,5.043153771902334492e-01,2.213774104105863949e-01
7.652356285465064523e-02,3.800091429736988102e-01,4.957180845543999737e-01,1.185458844604516671e-01
1.520123635119882410e-01,1.916541423896592489e-01,2.468390659325992165e-01,1.295782309056019987e-01
1.300573034820648455e-01,4.720892085651988701e-01,3.105554947341483962e-01,2.064994395748406542e-01
2.294411369499211595e-01,3.511727563965420518e-01,3.580990519066522548e-01,4.670125062916856418e-02
6.811562378131209849e-02,2.916477488551194597e-01,4.952867096385539236e-01,1.494520248988876199e-01
6.949861280392148621e-02,3.905389277002300763e-01,2.586986105175304029e-01,1.333623637694702491e-01
1.251736152716033668e-01,3.792333588970585589e-01,6.052578142747264689e-01,1.143753042152347299e-01
8.042694867268565528e-02,4.460728462583791187e-01,2.629314140793459487e-01,1.159331910411545291e-01
1.636932059066906753e-01,4.530913442487173870e-01,5.753936310774651064e-01,1.414818138614526710e-01
9.459434348169361295e-02,3.640585338507658086e-01,4.167956358005653894e-01,1.258669081061086770e-01
1.574407730700577157e-01,2.769195833854871669e-01,1.140425295301188552e-01,6.489607631269486698e-02
1.022323272436680974e-01,3.519629187507627432e-01,5.118725624175491928e-01,1.569775880261966849e-01
1.643349573758227655e-01,4.715842837701434975e-01,4.352148441574751891e-01,2.036245308311935842e-01
1.437701413453054411e-01,2.667572153992189277e-01,4.561841954333050730e-01,1.696860644433902943e-01
2.984517522759262409e-01,5.232980629503648506e-01,5.816188213000466067e-01,2.745078656472011436e-01
9.868298392656729701e-02,2.191587915310681811e-01,1.576795615620331104e-01,1.489813131926006062e-01
9.206277658899870986e-02,3.919399452132960593e-01,1.968055142816051983e-01,1.175369496785174800e-01
1.368422505583047344e-01,5.328373691387721101e-01,4.946766950158490439e-01,2.326183067236851920e-01
4.528578942748044678e-02,3.667042974058147276e-01,3.225119299696699304e-01,1.459947097789500714e-01
2.029428290744420271e-01,3.289100070840316192e-01,6.298635173280417998e-01,2.356638927991692167e-01
1.153450898361857019e-01,3.441416562573870741e-01,1.715050442303226452e-01,1.068534586571984746e-01
1.416884899248026519e-01,4.640773792317782753e-01,2.986177766639843134e-01,1.242334777579983118e-01
2.377250459842855657e-01,4.205748816082880426e-01,4.320243124193851036e-01,1.984435286294595480e-01
1.295088249176300499e-01,4.885278834389020775e-01,5.739076123887869585e-01,1.562699638553602111e-01
1.056610172494109184e-01,3.208117924046967606e-01,3.183227116685257152e-01,1.553487550631899028e-01
3.585739469562663206e-01,4.571400962391709566e-01,3.958743908645625531e-01,3.344225607943241974e-01
2.050866255504284474e-01,3.011330105655992129e-01,1.815735699387221735e-01,1.372368095088984941e-01
8.724220510502654624e-02,3.593387571129061375e-01,6.358816505766433647e-01,1.330672210789196896e-01
1.196234665253660123e-01,1.576016693760639853e-01,3.400025962634577459e-01,1.773582025111791749e-01
4.728417615366276028e-02,3.563411684894050024e-01,6.637641261001943072e-01,1.325881967406458140e-01
1.559050490266190858e-01,4.457163222660997515e-01,4.625265009527788074e-01,1.743469313275966825e-01
1.537350305624616831e-01,2.856082266969982575e-01,2.287063755961889211e-01,7.480464956641191820e-02
1.897281759996523043e-01,4.983348291502296967e-01,3.759786795149662741e-01,2.645712905865882925e-01
2.375187645430644756e-01,3.203386411302243109e-01,4.013025463696188178e-01,6.250977030577468951e-02
5.182227039212725095e-02,5.150459528147151023e-01,3.671955603612085950e-01,2.011648304061898485e-01
1.412698103596237986e-01,3.322817385248904021e-01,5.020013051295102446e-01,1.685254269891931778e-01
1.946412469913023358e-01,3.015243509544770495e-01,1.581993811000476369e-01,1.391481576361836281e-01
1.021286042920241804e-01,2.563075183338234808e-01,3.073036086405608325e-01,1.211703179854467238e-01
6.347136342659419339e-02,4.163779675638374367e-01,5.471127497936073558e-01,1.729507886882671597e-01
1.559786453260557093e-01,3.947965379519541296e-01,2.465111268985560045e-01,1.140780764762389793e-01
8.883002524340503914e-02,3.591458564594603997e-01,5.648598756718592462e-01,1.212595906659049566e-01
9.246661251534254999e-02,3.765810685327992680e-01,5.744627219616142977e-01,8.524157871670438869e-02
5.548107026459356272e-02,2.777847083877013623e-01,1.336006162618213755e-01,1.202762852991256931e-01
1.281445583888148332e-01,4.386036694074920139e-01,2.382754660107730127e-01,8.078611745664535104e-02
2.852909233208374973e-01,4.417829458739168658e-01,3.001205961692889335e-01,2.331686772055672208e-01
9.639160286042684767e-02,3.425914162365710225e-01,5.363078750148605467e-01,1.322992260126562847e-01
1.461991172796229532e-01,2.013143194168003913e-01,3.617890793472742783e-01,1.763578467783667725e-01
1.243646311759684653e-01,4.351309500933273622e-01,3.280257046844324842e-01,1.180579066396107296e-01
7.291429965941456648e-02,2.825505307861012061e-01,2.154266170380685075e-01,1.118462601801320649e-01
8.177720565445795176e-02,2.667836145318061014e-01,4.940370005169614775e-01,1.715023485601524511e-01
8.810939888304136769e-02,5.244009645807033992e-01,5.880940187503420624e-01,2.409736829034517802e-01
1.412781233365555666e-01,2.873599016249748783e-01,1.786152006101651424e-01,6.252143035762647294e-02
2.645520574349199960e-01,5.651228380810499052e-01,4.579457416065835784e-01,2.441399090386016657e-01
1.734012494735523158e-01,3.285604372889241453e-01,7.007342113708182607e-01,2.393887344398846206e-01
2.802051068101432119e-01,5.318138333885737978e-01,4.047902470348300197e-01,2.693930964618930779e-01
6.120763689349480868e-02,3.360826452169835554e-01,4.327530244073062859e-01,1.063308504424712864e-01
1.275150108419564332e-01,3.687693870045687383e-01,4.001112671572015222e-01,1.083384946776561747e-01
1.116089497305326889e-01,1.742462100225882493e-01,2.069263094021481508e-01,1.378826835203440793e-01
9.918624857928273753e-02,2.253845805211990294e-01,2.015317720218025299e-01,1.247631475442673721e-01
1.013844612717555854e-01,2.855178041921294652e-01,3.678443815516820314e-01,1.264671806625106698e-01
2.095151880632147023e-01,4.567362595489834476e-01,4.151083044788536625e-01,2.411628633007774913e-01
1.108766967457361224e-01,4.417610050544724665e-01,2.748188693415934414e-01,1.615153577443038113e-01
2.993892112319426757e-01,4.616820127690327569e-01,4.528607133787740380e-01,1.114509861868169804e-01
1.749347383824767233e-01,4.553560378706668077e-01,3.358827016028951840e-01,1.658292032782313630e-01
5.186107904112290112e-02,3.338195862556793125e-01,4.779862085339465771e-01,1.772704636522313693e-01
1.218633492585312617e-01,3.523814667417522473e-01,3.239753626808892784e-01,1.344205445359274442e-01
1.687697726705124635e-01,5.054431980682129177e-01,4.306931251856615517e-01,2.410326036263784610e-01
3.578926879517526638e-01,5.539312198795998121e-01,4.707175684163363849e-01,3.789100477766463859e-01
1.914827475339487828e-01,2.450553856287542298e-01,4.085280445908336944e-01,2.479196277498256773e-01
8.870918957603680932e-02,4.276432956632274518e-01,6.253544020157292271e-01,1.319558244977071804e-01
2.922843711754474771e-01,3.677958511219624471e-01,3.049294076479346360e-01,1.637098831127533072e-01
1.466216806944104778e-01,3.391382385148322687e-01,1.318104405408089541e-01,9.480622838993515988e-02
1.868828269733705527e-01,4.647767626363818461e-01,5.712050377494323206e-01,2.223322094860706311e-01
1.419805200994505856e-01,4.338021790915310150e-01,4.688981611955209128e-01,1.519317823738148832e-01
2.213848600648511411e-01,4.316683642770323126e-01,3.318079811847857719e-01,2.246640787472994616e-01
9.962596700792572535e-02,3.811967083523691291e-01,4.762244068198130953e-01,1.584032834776057386e-01
1.207111172009461691e-01,4.250665806226974208e-01,4.127160230464023694e-01,2.063121482524796768e-01
2.148341504660129242e-01,4.965224969562462842e-01,6.178962246888958232e-01,1.666413518727745402e-01
1.000058105657712776e-01,3.314945581010316222e-01,1.233974936939202099e-01,7.631068837596267918e-02
3.799793879833333055e-01,6.313250305549804597e-01,5.579593547757532024e-01,1.691670327298820109e-01
1.262451578480603964e-01,2.925770112930969336e-01,1.403313938710533948e-01,9.550095606062573850e-02
3.663821688566287760e-02,4.995967467743618884e-01,4.545776527668073386e-01,2.352876350945067585e-01
1.618146534401725123e-01,4.765897165503302224e-01,4.648247714664962005e-01,2.668032985316496908e-01
2.048603453959432774e-01,3.418256622038499115e-01,5.931877617278419335e-01,2.137582782026053729e-01
6.730739811803677919e-02,2.534942163387240988e-01,1.252909471769920735e-01,1.200237509417554221e-01
1.739020814089649314e-01,4.414954814808866312e-01,6.617502526279087638e-01,8.274940124987280321e-02
2.747015000935326134e-01,4.538535754878565420e-01,5.036179202716077885e-01,2.415133667606445822e-01
1.126301693361751316e-01,2.954178943973785332e-01,3.527215517168669767e-01,1.260131342595659787e-01
1.162348574396760009e-01,1.476717004232618591e-01,2.187013406987551034e-01,1.184953004636750545e-01
2.021570404239714236e-01,4.795688306046815841e-01,5.666478760152388050e-01,2.414634940488545878e-01
1.121652358911616049e-01,5.672373497128333497e-01,5.277435286664398095e-01,2.586020043782791822e-01
1.453994450802116312e-01,2.141244157999062370e-01,3.855432679231188819e-01,1.932795431213446269e-01
1.648697999186808372e-01,4.536657838059805492e-01,4.486386626310213122e-01,1.899016754131535867e-01
1.381895556901100164e-01,3.165750677673575542e-01,4.517597181027379061e-01,7.934136130337617054e-02
1.297719883442217115e-01,1.603479924342905150e-01,1.872505330235640086e-01,8.864873210850164609e-02
1.401880438423979136e-01,4.745009879337207526e-01,5.205961654722693899e-01,1.634041906350603701e-01
4.188982505219989161e-01,5.175987310304979161e-01,4.636332212845755141e-01,2.770849114744027841e-01
5.480853433719988510e-02,4.537746493272621917e-01,3.000909244291194433e-01,1.568888672763630587e-01
1.308719425139512893e-01,3.867914039528376757e-01,4.460211552646627386e-01,1.512547664133227776e-01
3.044948420977819925e-01,4.777174157231169893e-01,4.565939478565346210e-01,2.872019648273937409e-01
2.129922339683302801e-01,4.601994818971818502e-01,5.726535324076330591e-01,1.495370091175911298e-01
1.487289086177752684e-01,3.110126208764754097e-01,1.353670463089647613e-01,1.027135100203995788e-01
6.105032510588516426e-02,3.556101591528471051e-01,6.070945953277410156e-01,9.877156766476412331e-02
1.135058179623150421e-01,3.243305834017276568e-01,4.020579309230745690e-01,1.294286038523143612e-01
1.104217922678245450e-01,3.303762886291677914e-01,1.827779170932565256e-01,1.101810849955064814e-01
3.275801994453244603e-01,5.831914387893857299e-01,5.010483282794214732e-01,3.638200427369238099e-01
7.958843708558277497e-02,2.460190383609577314e-01,2.743292987374769121e-01,1.218056338234996816e-01
1.688386560037673789e-01,3.053921274262800800e-01,6.467373838800924979e-01,2.390274023621116462e-01
8.803624686235241026e-02,3.819433795995408887e-01,1.889879759880737919e-01,1.003904409595969688e-01
6.000305205522706714e-02,5.379084746936702022e-01,3.792092288788950216e-01,2.055229668072812987e-01
1.699365906928920200e-01,4.253244309855467864e-01,6.068769795104547171e-01,1.697534564396002976e-01
1.306299040803298173e-01,2.718114155709598356e-01,2.978091581095133056e-01,1.155537645674977881e-01
1.167089245035108497e-01,4.053015093617925446e-01,3.790541528026513118e-01,2.236120719225772047e-01
1.725638241018236652e-01,3.734938070212342476e-01,5.541351297682627353e-01,1.736649189323155873e-01
8.304825493656493862e-02,2.734659261222265880e-01,2.742289818182790939e-01,1.091131572172157754e-01
1.031601906571698452e-01,3.780370644732315433e-01,5.366682126771841199e-01,1.230731772811896330e-01
1.556708263301712081e-01,4.433557921682372838e-01,6.705394973031117978e-01,1.407761845870399153e-01
1.135920756804006532e-01,3.779946782047287068e-01,1.905774762559999669e-01,1.244507938516398460e-01
5.203446304004206990e-02,3.788324757754007455e-01,2.405100583407322745e-01,1.346319065403981940e-01
9.056353415992320077e-02,5.168864745538083172e-01,4.088148839401716805e-01,2.043835502482320154e-01
1.120189888696674213e-01,1.706688998331870877e-01,3.450090154541827769e-01,1.708266423628768682e-01
4.067127505742378774e-02,4.009571066323418531e-01,5.779511919939872566e-01,1.371897259238338551e-01
1.262840720838659114e-01,3.866480714537101071e-01,4.864007220486374905e-01,9.189542538984361852e-02
1.077873300630009801e-01,2.640660643314592382e-01,1.251640256860158673e-01,1.146060136749209868e-01
1.357087287858156910e-01,4.168082761138463543e-01,4.438068021675636299e-01,1.918865444273193943e-01
3.813285181882672958e-01,4.931215406366770693e-01,4.865268627748180474e-01,3.576908953410248837e-01
1.417913110673742760e-01,3.627554565392874242e-01,4.761056815943198739e-01,1.042742630934647557e-01
1.074663175939390980e-01,3.834411116145831078e-01,2.293331966158285995e-01,1.474625078881254547e-01
9.095431794924624391e-02,3.421058357377753101e-01,5.441136444996574895e-01,8.907952913243878668e-02
7.316293693244223240e-02,4.440049669955245526e-01,2.982883199639803640e-01,1.900028382158079898e-01
1.037136913747975925e-01,2.582610802573128694e-01,2.621919417929061136e-01,5.993900778786080685e-02
2.359226657262014082e-01,5.809147783741228643e-01,5.320637098783134178e-01,3.190971813583161065e-01
1.229324040603549245e-01,3.263410964101455813e-01,3.153832004894735475e-01,7.937456379128042527e-02
2.621968099554604636e-01,5.798053624725737487e-01,4.562397165160427814e-01,3.427173278564931147e-01
1.821372057230012664e-01,3.903082479317869224e-01,5.440296076447578288e-01,1.103528941512994521e-01
3.348698239009014754e-01,3.855810761763356354e-01,3.065572483843410079e-01,2.848758491185908182e-01
6.856608503591719861e-02,3.679643330074505725e-01,3.272027917914828721e-01,1.441345531523036960e-01
8.271877550715772687e-02,4.519778190310967947e-01,5.838228045989761750e-01,1.505394066392786168e-01
6.349358088695739033e-02,2.424035992851786558e-01,3.339430510869434987e-01,1.237241303690146399e-01
2.597292675343169654e-01,5.159160901087480600e-01,5.563579413884580660e-01,2.482289003287560802e-01
9.085953298019951163e-02,2.141073535259833405e-01,1.312567360527410187e-01,1.219485778819257571e-01
4.108735294891252554e-01,4.678636709619765077e-01,7.391785209440207005e-01,1.158624447768625970e-01
9.787755238192240304e-02,2.724460600424349899e-01,4.933787035609302762e-01,1.618328842368536025e-01
2.403815317832031506e-01,5.811930698334347722e-01,4.945235053613716847e-01,3.352532941279376955e-01
2.028986776099079847e-01,3.210180517401322042e-01,1.942995611359960850e-01,1.130869378137448478e-01
1.177056049614221347e-02,3.793018139792987964e-01,2.227683783062163192e-01,1.473550236188177764e-01
1.035508407837593403e-01,3.718371303741302425e-01,5.708875111678427539e-01,7.150583470326013491e-02
1.552821834957797686e-01,4.532191500138981199e-01,3.751848663038268583e-01,1.589197090339422858e-01
1.144938450003798736e-01,2.110637393353045344e-01,1.059920925077636050e-01,9.228988693641379526e-02
2.830430257579449882e-01,4.115659318013685231e-01,3.221263696525834552e-01,2.715352370896907952e-01
1.131034989397219220e-01,3.340286106287123635e-01,4.729344723379899085e-01,1.228826086811526525e-01
6.359790642762210011e-02,3.205171880093592995e-01,3.711304968714510544e-01,1.296946760707112511e-01
2.450116248442840150e-01,2.610985205374214968e-01,2.710555236537907642e-01,1.343325154641643315e-01
1.162736257731886713e-01,3.300020932740083679e-01,5.585500903143262308e-01,1.370119460376809650e-01
2.776850458255476495e-01,4.885821836756414904e-01,4.459944899741872804e-01,4.530007752664490933e-02
1.356534434616062934e-01,4.895624855105230044e-01,3.615090832158258105e-01,1.759713493347015434e-01
1.396193108824825835e-01,3.245074765172850095e-01,3.490115530677395106e-01,1.488523371029178699e-01
8.055421685802618970e-02,3.654080835559387341e-01,4.625189301679600851e-01,1.262281652591776271e-01
3.070134424838343312e-01,4.342602018366439331e-01,3.692894617945849944e-01,2.636791066542484852e-01
1.204342921163805702e-01,1.617756230713354171e-01,2.141782585894252133e-01,1.356496840984726393e-01
1.308717176521773662e-01,4.090741575862793522e-01,6.136791874322187201e-01,1.128342290372180978e-01
1.200291504692807543e-01,3.740009682247306677e-01,3.749723850682707971e-01,1.431338635994092168e-01
1.264820822831743685e-01,3.683447374000913266e-01,3.565864168524102151e-01,1.673592699857402999e-01
1.293375394483193830e-01,3.925400457427950518e-01,3.771880594499459338e-01,1.217121955508625314e-01
5.709917468512490379e-02,4.973595692321774453e-01,4.989495873496000988e-01,2.277102026233332743e-01
1.269036687038487266e-01,1.832116951468047983e-01,3.253002948225279800e-01,1.487632490946948494e-01
1.072934233460991899e-01,4.236647815116334481e-01,5.035324695769689551e-01,1.510193290737869565e-01
4.836358226994523501e-02,4.902650181017771391e-01,4.187342743921841914e-01,2.238541437438253123e-01
1.286264247614508360e-01,1.996336496050691023e-01,3.079476152058828742e-01,1.291240092075611190e-01
9.046182347661767265e-02,4.743728347523800681e-01,5.855051913545331610e-01,1.802000830498874662e-01
1.110191167391050421e-01,2.853107341229956240e-01,1.656556892972043393e-01,9.280977553376884570e-02
8.372187365249170177e-02,3.296678599112008445e-01,4.954573503197374218e-01,1.137433405910714401e-01
8.718718592734790718e-02,2.827796419052733268e-01,6.079591579585053029e-01,1.834962415901888744e-01
1.739212896680798204e-01,4.706703529690158261e-01,5.088276756703513648e-01,2.147892071662538538e-01
1.927180420292803620e-01,1.404697871142086829e-01,3.154277726668129334e-01,2.133005294929596063e-01
3.282354221934886684e-01,5.337253072775224316e-01,6.619678660154804106e-01,1.786182443251781993e-01
1.121824738229470347e-01,3.467370458041849623e-01,4.890779029847228121e-01,5.824331626838345766e-02
2.074184356355129877e-01,3.979537835469886264e-01,2.348901418763748306e-01,1.556898829292295006e-01
1.303166566731586429e-01,5.824409051398794501e-01,4.281376780553030059e-01,2.203714721460378889e-01
3.480103589639350625e-01,5.447908848608530308e-01,5.117909589087360489e-01,3.796784543926231548e-01
1.855985514702484240e-01,3.397745859350008168e-01,1.718128206152121917e-01,1.476038836516227748e-01
1.761174490158974593e-01,4.618440196737529368e-01,3.090566735656355979e-01,1.659579037759197351e-01
6.379157473450179638e-02,3.092620974064888562e-01,2.124044337080307765e-01,1.567825838665972138e-01
1.176181273315458770e-01,4.100958322634359332e-01,2.951936123247486665e-01,1.097875742931285897e-01
2.472821439858743087e-01,5.367115525136366694e-01,4.960536332584265518e-01,2.784172276987087469e-01
2.360059680804590665e-01,4.362430208941431853e-01,3.193472237316666296e-01,2.397043484242842581e-01
1.933389220181127022e-01,5.118792458124670208e-01,4.381736725643560759e-01,2.572274883299334736e-01
1.877120872249066208e-01,4.434038173736177813e-01,5.467169912124072439e-01,1.375583172734552995e-01
1.421637203466425414e-01,1.809449667964964648e-01,2.304334109253750873e-01,1.539319103225173235e-01
1.656051400279603958e-01,4.104651876710226910e-01,6.420831571971274965e-01,1.752411961318610656e-01
2.125961128229555963e-01,3.619856469043428171e-01,1.650193291955735775e-01,1.032257439349185818e-01
1.216287380031513127e-01,4.722347006105095946e-01,2.930047328225843239e-01,1.476092638645480903e-01
1.797349910386692451e-01,1.674938021028904156e-01,2.105957800389574586e-01,9.101090627859668991e-02
1.082296007746278571e-01,3.665687736397906238e-01,2.328241423361674667e-01,1.299472770329734850e-01
1.346254570502359582e-01,4.280652613932784400e-01,5.163393352692450256e-01,1.247578536254941028e-01
1.298240574342914011e-01,1.433249739228944775e-01,2.478691133008994185e-01,1.525847905881088651e-01
1.091913557576019572e-01,2.861656801242482007e-01,4.119864438223009295e-01,6.836169966878140325e-02
2.008317546171458079e-01,3.621484141481833285e-01,2.462837562937421620e-01,1.586261233275015614e-01
5.613191970895673594e-02,2.468772008725851064e-01,1.184636470717592982e-01,1.121028916710498091e-01
2.610665295315114931e-01,5.151351894013495025e-01,6.357535572566153093e-01,2.349326691257994371e-01
1.344749391166440433e-01,3.613796860436222502e-01,4.620143804421116274e-01,1.036933414653849056e-01
1.041105087375551047e-01,3.370453957376562948e-01,2.270723580146785658e-01,1.086071063783544538e-01
1.211427212200475168e-01,5.146170428226206628e-01,4.024280618166933832e-01,2.371325431365043923e-01
1.412264582591446216e-01,2.009689176462507165e-01,3.131652450051388148e-01,1.329237054461440692e-01
1.821489795582483806e-01,3.143362219279184355e-01,4.005295298424463302e-01,1.586308000880972957e-01
1.181144743198419000e-01,3.357665894615547431e-01,2.028559599600351926e-01,1.017128460440318433e-01
1.918604230303164460e-01,5.364556341824038288e-01,3.782064675947108268e-01,1.969809875878783256e-01
5.262953924923505222e-02,3.340569648799894265e-01,5.226627366537772712e-01,1.226727577698523280e-01
9.125187455311539741e-02,4.053706490360086123e-01,5.946110124515220363e-01,1.313952735148618545e-01
1.783067807646888103e-01,3.584085268663916857e-01,2.241061905460175474e-01,1.620048920937618708e-01
1.381181046182091421e-01,2.082497214101928229e-01,1.365432934350338523e-01,4.742817913086704723e-02
2.154872121245017258e-01,3.610657758751673052e-01,2.226654485672337758e-01,2.077290337421574262e-01
1.532344694203643387e-01,4.145265055960007383e-01,2.464566643323921613e-01,1.316609331804363126e-01
3.869476835839321532e-02,3.271262818596635258e-01,6.226043814510003882e-01,1.308956460291935964e-01
1.869821962302240514e-01,3.318115500078945290e-01,3.331438825414348437e-01,6.892583304547117429e-02
1.131398237414646263e-01,6.113273878753719970e-01,4.782693767380631344e-01,2.936144589839911889e-01
7.997844313990179477e-02,2.424771849745443464e-01,2.837223464083161173e-01,1.349911169177195058e-01
1.925145034274942102e-01,2.986216086598258990e-01,2.833652578307361836e-01,1.102070083546133478e-01
1.043630108602103951e-01,4.419618744859476478e-01,4.148480538213711877e-01,2.372203922373641582e-01
1.027755837583960163e-01,2.842364039520821617e-01,3.923675186544258175e-01,1.008556706411201653e-01
8.909732612455714684e-02,2.876486694397591415e-01,2.447433108450526584e-01,1.242384114705713388e-01
1.347904224030869458e-01,2.581352935431910911e-01,3.937635649654536163e-01,1.679676062690039773e-01
1.086531482464397624e-01,4.200633594346792066e-01,4.528412819840942349e-01,1.749445330663754461e-01
1.629695963055575458e-01,4.031282696928161768e-01,4.602768125144596767e-01,8.404808526163118354e-02
2.241363985595775932e-01,3.570717570569577060e-01,2.204494445587746876e-01,1.762138762356741661e-01
1.701509182247185059e-01,4.931556203441181396e-01,7.104895906068133815e-01,1.415198930519492582e-01
9.205707135718178835e-02,2.608112010142439874e-01,2.641478524731812882e-01,1.325898804787885854e-01
5.886002133126370245e-02,3.880693225042050609e-01,6.068220378264629344e-01,1.147626559348488978e-01
1.227340325016161166e-01,3.001577787864943003e-01,3.551280948616172828e-01,1.093087875330028269e-01
1.127646214049196766e-01,4.196511384914743958e-01,3.117539794214155280e-01,2.006179230695974425e-01
1.378604529620735542e-01,3.316263427166092903e-01,6.690221248777398211e-01,2.015829996059970985e-01
6.553253805666145460e-02,4.696213281304930653e-01,2.894954893716149558e-01,1.399002077707357239e-01
1.538542268775517363e-01,2.196737989538011526e-01,4.551296791280745602e-01,2.118808480669581440e-01
1.637443478898007732e-01,5.194483663432465370e-01,4.187274047773231200e-01,2.600211163944732840e-01
1.991633092197046540e-01,3.102962676378672735e-01,2.917219282748683695e-01,1.219968468240066745e-01
5.944800880086130446e-02,2.985979135936443485e-01,4.240259892022821275e-01,1.278882098595777728e-01
3.557973502507225660e-01,5.930118808952759002e-01,6.473436724039419721e-01,3.279125700828908752e-01
1.224940202218497282e-01,2.165466829928631431e-01,8.803359384304286495e-02,6.628407920797063646e-02
1.614651746468608873e-01,4.696233736308101370e-01,5.232376960046472014e-01,1.766473794786993790e-01
1.316728829950951085e-01,3.487466124004642287e-01,4.259329550358414429e-01,1.159980914214049919e-01
8.818067349163161150e-02,4.267712827199157677e-01,5.566098852508915007e-01,1.380816799149948426e-01
9.425367330635793517e-02,3.993995112192735286e-01,4.583056292330964787e-01,1.217130201673145978e-01
1.579840476142965744e-01,1.880153311919516568e-01,2.357847563240649258e-01,1.516932846992104511e-01
9.413504931130541042e-02,2.896517076214682462e-01,1.377042871467040464e-01,1.253549292844433061e-01
7.599269313157296091e-02,3.167431274636239302e-01,5.352187598279426473e-01,8.472580397245824124e-02
8.952549103988594048e-02,3.949108312129593346e-01,3.375724651565055190e-01,1.316552609305429444e-01
3.658069607288229608e-01,5.317254324112760111e-01,6.178563569486554830e-01,7.827294789560085286e-02
1.956768032875185193e-01,4.392986950671374791e-01,5.057487279176283712e-01,1.782085287207167412e-01
4.787930780500918027e-02,3.838314856642257578e-01,3.040391370218908373e-01,1.457456128950020136e-01
2.544608541944996527e-01,4.597956968909489017e-01,5.750473335880288417e-01,2.082759208999594158e-01
1.094092426100297250e-01,3.649499720525805069e-01,5.038351517223189635e-01,6.698397693296791189e-02
1.236452647602907517e-01,3.694004913485965935e-01,4.660491405962225442e-01,9.597548034091253621e-02
1.164726181862700549e-01,1.871503059985709927e-01,2.191496981223746976e-01,1.463637280020540776e-01
1.961376872150716599e-01,2.568142293646931140e-01,1.782206726738698455e-01,1.405550866427101864e-01
1.222380467178881963e-01,2.539187170022336737e-01,3.756897103667637960e-01,1.587288761314981644e-01
1.410953810484141535e-01,4.901094182145745437e-01,5.314196935559296620e-01,2.514009717564960056e-01
2.633563333750233437e-01,4.116618279559343674e-01,2.539504961960792895e-01,1.782870456707043583e-01
1.325056961469373851e-01,5.239699800796193685e-01,4.925843885729743188e-01,2.408694270869431997e-01
1.764996484682884448e-01,2.481805320392272418e-01,2.194750307753812468e-01,1.348965567669213050e-01
5.875011240390012879e-02,3.790017922007357098e-01,2.688909878457270142e-01,1.524528631830067982e-01
2.338311727535064277e-01,3.803870296026675701e-01,3.645062596242737429e-01,1.672477946188657416e-01
3.009655937203760678e-01,5.282134556765848421e-01,4.559406388090154749e-01,2.684506177771778246e-01
1.318265810513099823e-01,3.806449947369810460e-01,2.201346296507321054e-01,1.519980523626398572e-01
1.924544064198054349e-01,3.809219614219833128e-01,4.578914327494785774e-01,1.299848541374854227e-01
1.598260006779299025e-01,2.423320856448291649e-01,2.399343595517711980e-01,1.158846706016667671e-01
3.870321510350001326e-02,3.603736567846259620e-01,3.594410104496483793e-01,1.524421945074969365e-01
3.620612547943189985e-01,4.323155331006265922e-01,3.693700227650458245e-01,2.666916926238505070e-01
1.174226246057979706e-01,4.759690892916367821e-01,2.953103683659220047e-01,1.456453238317842458e-01
1.167738703056882682e-01,2.816018838438636984e-01,2.394491448564584068e-01,7.036225091829383105e-02
2.668770172196790469e-01,3.877123517756075888e-01,4.345928224035329746e-01,1.850882732347459703e-01
8.895109690147431913e-02,5.201941171054177415e-01,3.718586236182714333e-01,2.210211279408301477e-01
2.470237910861867725e-01,5.575535961077942027e-01,5.463069192672467267e-01,3.605743575056877259e-01
1.727770947308051586e-01,3.770657385156810926e-01,5.488394945211165776e-01,1.338641404828914694e-01
1.411679601200433454e-01,3.054322007696277930e-01,1.436527431552990230e-01,9.829604762549980224e-02
5.161035917575616805e-02,3.594764067233376936e-01,4.621058185274150576e-01,1.353006894244939695e-01
1.113639021433338733e-01,2.031437283754984890e-01,1.292785003164738378e-01,1.057337870131408730e-01
9.887545590361988823e-02,3.068774418127273584e-01,1.698982582824407617e-01,1.004834986213009179e-01
8.146278478335186590e-02,2.956647647693265157e-01,1.077063477081852960e-01,9.102234209347193072e-02
1.710288875604754621e-01,5.009779500871065494e-01,6.075395568866523988e-01,2.132080431181273827e-01
1.152463350477435367e-01,2.572416966824971341e-01,3.894339903385199975e-01,9.512776996162219945e-02
1.168680947554866650e-01,4.644026527115245884e-01,3.912504439539517542e-01,2.327703713098848159e-01
1.186446768010621239e-01,2.971647441510518184e-01,4.252291834328760234e-01,1.516163726539624113e-01
1.846855607028195789e-01,4.721676510501148782e-01,5.379590341487533456e-01,1.383127704892620491e-01
1.706816679103660694e-01,5.212322708458493326e-01,3.593914175511168096e-01,1.307053345489862795e-01
1.028173041731762632e-01,3.654917913339402191e-01,6.706480458417833912e-01,1.186938033108073942e-01
4.088757310945356771e-01,6.026149598527238416e-01,5.411980596558385592e-01,2.457350505592025280e-01
6.639124252430540774e-02,3.626809050573711612e-01,4.256277767469208717e-01,1.591780691465438102e-01
1.424947805069461115e-01,2.939983494729214164e-01,1.883397493311806115e-01,1.176955789587481455e-01
7.876696470231893399e-02,3.279859381758492010e-01,5.867120657235240788e-01,1.316987221639225047e-01
1.627244160551190588e-01,2.874177475436277551e-01,1.932946258726488120e-01,1.300213873672379783e-01
1.016425894113129197e-01,2.741566818547204187e-01,2.181140004501283536e-01,1.333219050069567035e-01
7.974190610860069917e-02,2.891205035379983967e-01,4.519919338322572200e-01,7.637838953805772824e-02
1.656287928561711587e-01,5.698103926360670313e-01,5.302557783700421190e-01,2.935236494618498337e-01
6.365037169413151341e-02,2.560840657087538608e-01,3.602561135262451475e-01,1.328739448419717362e-01
1.540941158891462326e-01,2.768674328480350000e-01,2.861530502770391338e-01,1.272117717250739466e-01
4.632662579564305605e-01,5.945444728405636647e-01,5.567647176335486225e-01,3.943868447275842848e-01
2.542856032421380030e-01,2.678030836184440155e-01,1.957572519453942006e-01,1.354082110865941213e-01
2.556098726402873389e-01,3.540389386191487020e-01,6.913333265165102492e-01,2.924382960252728259e-01
7.444043722237382588e-02,2.765249820245667678e-01,1.262040720368189928e-01,1.090988059694642520e-01
3.275540822909119298e-01,5.143180613428923742e-01,4.427112526499243916e-01,1.243685435607294471e-01
3.116237614032189573e-01,5.896703549738440131e-01,4.713600694010140479e-01,3.589897956580147542e-01
2.491809028430977679e-01,6.349445228345770298e-01,5.266160392711278782e-01,3.396428584322749300e-01
1.339810249855245272e-01,3.126950328077595098e-01,3.316034823755089067e-01,1.453127513962245709e-01
3.034867543344054591e-02,3.322920402685458630e-01,3.978004286123109634e-01,1.459191293051383398e-01
1.966042729163220704e-01,4.198267021580787683e-01,3.324027948817946387e-01,1.569086122414099782e-01
2.836129053457640548e-01,3.492860348098387746e-01,3.990015707324361949e-01,1.730995031707311949e-01
8.623480890137921739e-02,3.945770589970051812e-01,4.644176185262086087e-01,1.536558239600199216e-01
1.661330501120732439e-01,2.122233120301323384e-01,2.686465904617449385e-01,1.494176583233965405e-01
1.306621824233919205e-01,4.399802007597976572e-01,2.992151105649416554e-01,2.057319762087072013e-01
1.786770656755884978e-01,4.640240637348246322e-01,4.638388183639844398e-01,1.390970544258360031e-01
5.864129356550078914e-02,3.024633771312263408e-01,5.855331486644423933e-01,1.443816069744768837e-01
2.364524664229794015e-01,5.282497744249019522e-01,3.681950263909217758e-01,2.049164750561065229e-01
1.109164435495799961e-01,3.045868039452447329e-01,3.185684559394191817e-01,1.318708926839759765e-01
9.637699674847557962e-02,2.838125852018617001e-01,4.305873710782104347e-01,9.352804370729697614e-02
1.036180124490207743e-01,4.022319666983601438e-01,5.127127177800770985e-01,1.239070430380170146e-01
1.192474634005397938e-01,2.864007499870709905e-01,3.219376691357004883e-01,1.394824239905698149e-01
3.761820430842849339e-01,4.264565525942510260e-01,3.652472270183005909e-01,3.127205155991988339e-01
9.767888938021727918e-02,4.872087667535291988e-01,5.819463380271614472e-01,1.883702114528549576e-01
1.647162522556729347e-01,2.387808427937319344e-01,2.083236603826845446e-01,1.455130443032524312e-01
1.069730727267093062e-01,3.119898012749122707e-01,3.498812436949662596e-01,1.200641434613921865e-01
2.339409058450481541e-02,3.676686060165744729e-01,3.878118300254887463e-01,1.627526244907676056e-01
1.216579397010693897e-01,3.536842597208835759e-01,4.295822323480589233e-01,1.302386629040722943e-01
1.027300614328411632e-01,2.050923229527687186e-01,1.643764345084065548e-01,1.035972758836399554e-01
1.133227928826294889e-01,3.251303982680346927e-01,1.425142042082954974e-01,1.191958144130467190e-01
9.027486942228456213e-02,3.653521703812676602e-01,5.365121007304994860e-01,1.295223079981041303e-01
1.966496446201925208e-01,4.379732369420192839e-01,3.047615243531832108e-01,2.168170778224294826e-01
2.328720869810148864e-01,5.796886752560148626e-01,4.894769884178135078e-01,3.303844759435101142e-01
2.579142666550864882e-01,4.070018499075281904e-01,3.346059320637019274e-01,1.642660854582450591e-01
6.684427384804429717e-02,4.821494988061643117e-01,4.554689415159118293e-01,2.340726720423462748e-01
7.555369565409833510e-02,3.202123092560921203e-01,3.730223933162383765e-01,1.014832637287280681e-01
1.680589735637407767e-01,4.595348251911243742e-01,5.851508908739029291e-01,1.307949928910300541e-01
1.389639737331746505e-01,2.020356948861955215e-01,2.954294800954291866e-01,1.668613833430741267e-01
1.405906953383237734e-01,4.741240983630942152e-01,5.256324276614923185e-01,1.682629282640758228e-01
1.304377029296308055e-01,3.792956464467883704e-01,2.087036773458507966e-01,1.007401270857359449e-01
2.199138898956674304e-01,4.923967073704798025e-01,5.589547788840752984e-01,1.753836030163443971e-01
7.632134157058459434e-02,3.019245002110748644e-01,5.335748492248156838e-01,1.212010413819593069e-01
3.012532577042528192e-01,5.886308175583356839e-01,5.556188755682808234e-01,3.690435136372473557e-01
1.870527060365018424e-01,3.731711419670770691e-01,4.425513530657412820e-01,8.308117218458742348e-02
1.551969823439432461e-01,1.633181504823942587e-01,1.900515532738706326e-01,9.586867432494328156e-02
7.491275887049515803e-02,3.718491330758251223e-01,1.916436061612765140e-01,1.321048115572794612e-01
7.020556384948128947e-02,3.312564639281392331e-01,5.938429715758340999e-01,1.513216099002817339e-01
1.662900294498643461e-01,4.195681814695952361e-01,4.326052115860505309e-01,1.577646046207364372e-01
1.011734563989642871e-01,1.787555710426322331e-01,2.565383911927996419e-01,9.838156248237153734e-02
1.367091393860322412e-01,1.801514734710309151e-01,1.670452680907175136e-01,1.328301398991580673e-01
2.731034347454482925e-01,5.212233152512514289e-01,4.484328724922791443e-01,2.825464524825435642e-01
1.041929243072905742e-01,3.600304391961995920e-01,4.366720569891653358e-01,1.367088499667150070e-01
1.273783294301105151e-01,1.642335953962358042e-01,2.790884782932074315e-01,1.570670158797111138e-01
1.015668468688387810e-01,4.384752892215477704e-01,5.407046590993788149e-01,1.590220690428600925e-01
2.498401240052990913e-01,4.942742782095839171e-01,3.477544297136291873e-01,2.099864246629755959e-01
4.723175532639234953e-01,4.047633586481051426e-01,5.805121031163466006e-01,2.156073727055591582e-01
1.624973667502787322e-01,5.995186010434940815e-01,4.563495514146165277e-01,2.927017966959112871e-01
2.295736563539471087e-01,4.734374536116048304e-01,3.331557187753389493e-01,2.359852335637260268e-01
1.338312007550352678e-01,3.831551450611415666e-01,5.833103103268962863e-01,1.087946666811854535e-01
6.003358145016560871e-02,3.286383823114452651e-01,2.232716845033415887e-01,1.213288189096755620e-01
6.228991887611012163e-02,4.880877731369696049e-01,3.525008169030555139e-01,1.804212793118706581e-01
1.898986785221680740e-01,4.300558193065990298e-01,6.404695495047211251e-01,1.696165062356021214e-01
9.330813243032862192e-02,3.128317416916723825e-01,2.232059719745785598e-01,1.259515277403669142e-01
6.417601474184272958e-02,4.283416263291754955e-01,3.496407329799207098e-01,1.530457079749446558e-01
8.643404703036594583e-02,2.891970345252201091e-01,3.219209151180988382e-01,1.170466394791313258e-01
1.286536520659952443e-01,3.846103833856009402e-01,6.828880911330733605e-01,1.476997741804300379e-01
1.264628718430674537e-01,4.145701543022645152e-01,2.260875217136088522e-01,1.000653748061391263e-01
1.078941355139271252e-01,3.921788638269850802e-01,2.558520266499639262e-01,1.226129431101812828e-01
2.462167933542961651e-01,5.945339896070712671e-01,4.723477670725367839e-01,2.871913370911700625e-01
5.895638411735260043e-02,4.064690449554974605e-01,5.002684691662381278e-01,1.432933121011576161e-01
2.081538689014893195e-01,4.280822361695058031e-01,4.082377532938964992e-01,1.735572178874767169e-01
1.789172059547517180e-01,2.840477590369005489e-01,1.106604226708773064e-01,7.989279710159565007e-02
1.503290983734347774e-01,4.704466220135139487e-01,6.163258433054584762e-01,1.731920024501802935e-01
1.028559521086744866e-01,2.855330206372228008e-01,1.096802149661247894e-01,9.703266965109166864e-02
1.206424492014969568e-01,1.471728088125990042e-01,1.440520492488848170e-01,7.253640957423410085e-02
9.808331327601170491e-02,4.157671103772155319e-01,2.541955767772082209e-01,1.044653264741875615e-01
4.104018496432583207e-01,5.402099246781510988e-01,4.637516746021506098e-01,3.554702674027228060e-01
8.475552659022428381e-02,2.882679487890726366e-01,4.854441284398982037e-01,1.572460115716808327e-01
1.253294810302423290e-01,3.965808372322268127e-01,3.714135309848984878e-01,1.402763442427954199e-01
1.099217090967429533e-01,2.490383575497676083e-01,1.981468557583218604e-01,1.378877306920922030e-01
2.628322966555710072e-01,4.263442432080645772e-01,2.866420426487488737e-01,2.105442340965440196e-01
7.517665639576120995e-02,3.986865307213501852e-01,5.296117576945270633e-01,1.189690234811661279e-01
8.536243320002930013e-02,4.829317133367466153e-01,5.464966906599811880e-01,1.927408192376394158e-01
1.718332726508147723e-01,3.248593851250294318e-01,1.437276670824666203e-01,9.330080059098468104e-02
4.170956901352661506e-01,5.935239234986594559e-01,5.666879153023668403e-01,2.663975486273394422e-01
1.884639728260266434e-01,3.358702760557426559e-01,3.102913880015124026e-01,1.167432903103122616e-01
1.126447128475183829e-01,4.614957086688403209e-01,4.149402962419408980e-01,1.661462266197407112e-01
6.208466175408283716e-02,3.426677173680740540e-01,4.081968509234933373e-01,1.152155057289133283e-01
1.389678214052100513e-01,4.540069703558165526e-01,7.179825528138769064e-01,1.449222482249983845e-01
1.457306191741908619e-01,4.082927099298241935e-01,2.228439684640777241e-01,1.289321015449489682e-01
1.561245844844697805e-01,3.127469247170840405e-01,2.106069007827519601e-01,1.330509834586367512e-01
1.530232292174586173e-01,3.264675381195999426e-01,3.843967972249917597e-01,9.077092310230566730e-02
1.524865674303760021e-01,4.512510564000536961e-01,4.446288928974635457e-01,1.887476973581107553e-01
1.132882101388359430e-01,1.680401294424067604e-01,1.653347893608937413e-01,1.371578236254836769e-01
3.350422818316249607e-02,3.504237459009768574e-01,1.823958163586179015e-01,1.334931178022902565e-01
8.887288665258134823e-02,3.603285215350483517e-01,6.230974603435787129e-01,1.317792463305937911e-01
5.254085257535944659e-02,2.786493614944369202e-01,5.411944066608622705e-01,1.424613111916006869e-01
8.666524797851359041e-02,4.188253673319035641e-01,2.602676047535193993e-01,1.323848861579714209e-01
1.248059357859062496e-01,2.131555639142212188e-01,1.922786292236026429e-01,5.258769754183587053e-02
3.731446240360644651e-02,4.256254834522262276e-01,3.369563058267052158e-01,1.806812130459976296e-01
1.401493800800847622e-01,4.909236360597550308e-01,4.158072712064566634e-01,2.930023691416890341e-01
1.873735287695819096e-01,3.638192583184463036e-01,4.764070425123592689e-01,1.715251901504669940e-01
1.520900257839677971e-01,4.393284059154819454e-01,6.936023520078282711e-01,1.057231947405807282e-01
9.313787075981384833e-02,2.809856740136217890e-01,2.248709507650217543e-01,8.965902980524335930e-02
1.515712878348534631e-01,4.336327371708074696e-01,5.397527036644114151e-01,1.452233316486412906e-01
1.513427097881082373e-01,3.118347614871836981e-01,4.256311903818967290e-01,1.449109080575346487e-01
1.608392575624074117e-01,5.158509512094111571e-01,5.047495213219365118e-01,1.918621400110616382e-01
2.822804941557166547e-01,4.622233151651380378e-01,3.867919632288553955e-01,2.643874202220355962e-01
8.834476533245684549e-02,3.952990561458286090e-01,5.453381911244766789e-01,1.476542580469694943e-01
7.883222271984911822e-02,3.924742380145402887e-01,3.271070394388140845e-01,1.683104631950964047e-01
3.288653762810209713e-01,5.839817253976882228e-01,5.897745108650611634e-01,1.270252178003342669e-01
1.306284829688305060e-01,3.779509578086255317e-01,5.458702660452534605e-01,1.109433818239900366e-01
1.827356510124411304e-01,4.906790837482703505e-01,3.253183554098236785e-01,1.859992078172726659e-01
1.783691294240401237e-01,4.268186820199391107e-01,5.047723323726703848e-01,1.828501542056751028e-01
9.974365447124715345e-02,2.870288426155392369e-01,2.065580804034845008e-01,1.099883647654344571e-01
3.042263897201092915e-01,4.659432431675656905e-01,4.837841007578620456e-01,2.375205478109674306e-01
1.154683614371376232e-01,1.925057929279028468e-01,1.835051863848050357e-01,1.435559106900586301e-01
1.327034901757856433e-01,1.986158428293396949e-01,1.623095545944364115e-01,1.152728424648784833e-01
2.548691143543097004e-01,5.080464494739596049e-01,5.203267878586043116e-01,3.075272932155483918e-01
1.456259512333676343e-01,5.569347906768792322e-01,5.148869270161769984e-01,2.213177870974289974e-01
1.217708298833362485e-01,2.136390452815366547e-01,3.284805199457522806e-01,1.398865208075084354e-01
2.451559305106979503e-01,4.586663524971429928e-01,3.984041991700112417e-01,2.651537282186412492e-01
9.298463706932641459e-02,2.724271459187286859e-01,4.014203437946700648e-01,1.014347882222446789e-01
1.479868375722450946e-01,4.293815983343906573e-01,2.862437866095068895e-01,2.173987946541311167e-01
1.435126651394568187e-01,3.392189552283149112e-01,5.716925925867658576e-01,1.444654244553585098e-01
1.066094023272580182e-01,3.490749881003075705e-01,1.482812142125544130e-01,9.768048209241844693e-02
8.320625151391358720e-02,4.687134839109955986e-01,2.969598327735909482e-01,1.544047152560402147e-01
2.131415094114403885e-01,4.583298797015677439e-01,6.476721275672231437e-01,1.918237087174534117e-01
9.822235555386339689e-02,3.252369207195148215e-01,3.623183985817856612e-01,1.521493218492254718e-01
8.586951959979123583e-02,3.034170126217339836e-01,2.554611851859478477e-01,1.253393227313195635e-01
2.587226029336740507e-01,4.890284175341070849e-01,3.791108785089165045e-01,2.522166528413153919e-01
5.801967975760929930e-02,2.835801344404564328e-01,2.026569649280586527e-01,1.330500074191509063e-01
1.125245302249159723e-01,4.295397038709101167e-01,5.928444604458272815e-01,1.288805536083473258e-01
4.782687529642889318e-02,3.914542602766514778e-01,6.443201853521721700e-01,1.191015493677437392e-01
7.297106138543717202e-02,4.229512100476025549e-01,3.950282041110245723e-01,1.693858401115267698e-01
1.698600240237018444e-01,3.155799926383235365e-01,1.840553163377636470e-01,8.722240913501662363e-02
2.387897064120536317e-01,5.845236612037607582e-01,4.757024209282540439e-01,3.389939439725592196e-01
3.513816399739224522e-02,3.842129733060138386e-01,3.796317218014740313e-01,1.857620277002183518e-01
1.071534099906550214e-01,2.141055542996894434e-01,2.332120863413135459e-01,9.958046797476949319e-02
5.061139897783942243e-02,3.839172550833666597e-01,5.324776056112614508e-01,1.417572509547652126e-01
1.053335665472991955e-01,3.424553516292214717e-01,4.549469093084961835e-01,1.541284946603057315e-01
1.346304391095640707e-01,2.459204121933452614e-01,2.403990951031625134e-01,1.074171846201319169e-01
2.156248020191288972e-01,4.753304241652195894e-01,5.276754232978724257e-01,2.559932508436280618e-01
1.588356833207384966e-01,3.226864880218815457e-01,6.127773517054699859e-01,2.007752984426463827e-01
8.000244806845500933e-02,2.991854211844812150e-01,3.427019868091943922e-01,1.139506087082323288e-01
1.395169726468594718e-01,4.133991624629680395e-01,6.086762359276221002e-01,1.323162982304175173e-01
1.062103623932965507e-01,3.442610782030848804e-01,1.420726167829627629e-01,1.009161171311503263e-01
1.095079746506879004e-01,3.859107171680016268e-01,2.211193557638441998e-01,9.137653426598284223e-02
3.602314398589654965e-01,5.908502603240146644e-01,5.053436085621375584e-01,3.751142615913052869e-01
3.514172053419503117e-01,5.713950320586836940e-01,4.784007858290581505e-01,3.044727040211774871e-01
1.503952195503033551e-01,3.494334684236555244e-01,4.844247641711709740e-01,9.344792099663568052e-02
2.363858370598262981e-01,3.633986974030045114e-01,2.639605918400745876e-01,2.223614441499029148e-01
8.572888184338008088e-02,3.039842127784136983e-01,4.036138485162157341e-01,1.338965621453126198e-01
9.959563180156083551e-02,4.317134946493887404e-01,5.882803081021940050e-01,1.052982385934641552e-01
1.414989799042588314e-01,4.665160645466654432e-01,2.952952814963351602e-01,9.873367521100624711e-02
1.690863262333861805e-01,3.606266705011175744e-01,4.852511793587092614e-01,1.123032910075167923e-01
3.072304333354214934e-01,5.088189655856063531e-01,5.032003555416936225e-01,3.251024828532186883e-01
1.123276474063292091e-01,3.764097541001797942e-01,5.521854637877124938e-01,9.078104725396816954e-02
1.151338859030329592e-01,2.433170394719780527e-01,9.091228118469972530e-02,5.657107319404123397e-02
1.222030614759851280e-01,2.211052454552377700e-01,1.431323741991080423e-01,6.174345206917855600e-02
1.365659273828821185e-01,3.557799474907030746e-01,2.003782519278807794e-01,1.541847366968183974e-01
1.328369894162598208e-01,2.900041554169352498e-01,5.674927644337203203e-01,1.944589330792413362e-01
5.648371728639826894e-02,4.161515401804725678e-01,2.480146195240416351e-01,1.619069999294019124e-01
1.797234256129263685e-01,1.541053369267145756e-01,2.167307089782269380e-01,1.504147296067072370e-01
5.978991540188038911e-02,3.772533324522034937e-01,1.862042336668597031e-01,1.058640600227579581e-01
1.718100165337848595e-01,4.177056436392118099e-01,5.694850198121936824e-01,1.165541954423775367e-01
1.445378239820952482e-01,4.463006560307122284e-01,3.938974675381601287e-01,1.295698986694730770e-01
1.059988855795566953e-01,2.032327148548112861e-01,1.466712722427620241e-01,1.070642629480784147e-01
1.341260931278757118e-01,2.932634816340221051e-01,3.246581489822354949e-01,8.247134605006427310e-02
5.780639280165585092e-02,3.830523377368367788e-01,3.989525056761653032e-01,1.637051531262283255e-01
9.662922088261902132e-02,2.602317275585899758e-01,3.640490872026954650e-01,6.917681321506179148e-02
1.985569147152306813e-01,4.788477741547246258e-01,5.591539493387996940e-01,1.680405940858880620e-01
1.343685350011973589e-01,2.227004717757491981e-01,1.868903595686800256e-01,1.432542377267693179e-01
4.439693316937236567e-01,4.869285484119114105e-01,7.631233804757747707e-01,9.854693035067282891e-02
8.346357932735656848e-02,2.831259398437805941e-01,4.617713190635107656e-01,1.254430640505365124e-01
1.505258010868862351e-01,5.006282598025375563e-01,4.639452683514245779e-01,2.354447966010697335e-01
1.132319267621606923e-01,2.557650362111002496e-01,2.201517719397666217e-01,1.456644031388782401e-01
3.341302162551580968e-01,4.297970952613943685e-01,3.614146618112762943e-01,3.018372320019371835e-01
4.514787489022183131e-02,3.739896237703825843e-01,4.148943869146484165e-01,1.726364336330278304e-01
1.279213849315466167e-01,1.341903048555736500e-01,2.315354781937114526e-01,1.464911408457694464e-01
1.369515749349256850e-01,4.365699158285820669e-01,6.302182433916913018e-01,1.047646441555761532e-01
1.478494860149954515e-01,3.845243120915369794e-01,2.076484406925208359e-01,4.372482584804896627e-02
8.659613243812085137e-02,5.571731739853437171e-01,4.487285049592104058e-01,2.552735794062246932e-01
1.414732169526112526e-01,2.698486450750999799e-01,4.309661140180857664e-01,1.289618603868432911e-01
1.920329744701798347e-01,4.906181219448441100e-01,4.487419627313252168e-01,2.789550908946479280e-01
1.649171997385095179e-01,2.841535672741161700e-01,5.800973906716321293e-01,2.183576791331126032e-01
1.138153247006908619e-01,2.844102676282158626e-01,1.374761522998555197e-01,1.231647880609339357e-01
1.573398847365826414e-01,1.872694469918259608e-01,3.534293368401671409e-01,1.963882159812144756e-01
1.594051978658040936e-01,3.745332799446219885e-01,3.052637466784512421e-01,6.907189854175872779e-02
3.063846826091187747e-01,3.802448947448013872e-01,3.011415753633110981e-01,2.304941313264458613e-01
1.493920379539330490e-01,4.900685538904733796e-01,5.465187457822638928e-01,2.303275294370087656e-01
4.662262357472043289e-02,3.343628905406554330e-01,1.824035573818761358e-01,1.285801526312606857e-01
1.563096850786676595e-01,5.338013982689778780e-01,4.407395066824471019e-01,2.643552525351361981e-01
3.328355588207608240e-01,4.778324121263735069e-01,4.517698037788820398e-01,3.322408432803720668e-01
1.610966571008417003e-01,3.117402805017247536e-01,5.057776735707059101e-01,1.577080390019713063e-01
2.737314683633074175e-01,2.321259956165597216e-01,1.734131330582296959e-01,1.466541525215226405e-01
8.533575952616746785e-02,3.922413581507987468e-01,2.480294189056659881e-01,1.675110793492389782e-01
9.933498754125895391e-02,3.928130693789766981e-01,5.446418523149664237e-01,1.193009051106027341e-01
1.738555088726037312e-01,4.001355389757380032e-01,2.467371587501217545e-01,1.846805122637975305e-01
1.363132845134675253e-01,5.342598994050888894e-01,3.742702851418615029e-01,1.827878750720978718e-01
1.183107629160367741e-01,3.276543884137964602e-01,1.394645166539320025e-01,1.050955050036921773e-01
2.743384944220016997e-01,4.623830267111196379e-01,4.605089454028514773e-01,2.732283496014162871e-01
1.466730097904344610e-01,3.700339222979311948e-01,1.978643639889746120e-01,1.544544974072069587e-01
1.641605341622583425e-01,4.772871569512280865e-01,4.919241182079994168e-01,1.625429464581925887e-01
3.106821840931470735e-01,4.931345204692205164e-01,6.519972274175926952e-01,2.280134571019170331e-01
8.440413951558033145e-02,4.130783038976825750e-01,2.954715177624441247e-01,1.353893869767792135e-01
1.420086772408268860e-01,3.814863169212621141e-01,3.141668040441922272e-01,7.870292381682970906e-02
1.682405168329420553e-01,2.734325459340905540e-01,5.306242492709728475e-01,2.369554279449029299e-01
5.753787344086781774e-02,4.808864288882089277e-01,5.834770745340089881e-01,2.032987467392585179e-01
1.224475107260786927e-01,1.974587830540065203e-01,3.280889975113420176e-01,1.497786348644763177e-01
1.184090595666730111e-01,2.234688993385321454e-01,1.459691877112266056e-01,1.036644442637110475e-01
9.262591906603001579e-02,4.307924265016238041e-01,2.561018139278337657e-01,1.779614222528881906e-01
8.087161181334454052e-02,3.356396717630070192e-01,6.499562388202292373e-01,1.518977156693044894e-01
2.930988324577668558e-01,5.598314295392000650e-01,4.568666372700673217e-01,3.016277418233711538e-01
1.137801028900210648e-01,3.314032954138770859e-01,5.314924808111309851e-01,1.505744833434993768e-01
1.208688178970651755e-01,3.706360677026150352e-01,3.808522443670925850e-01,1.118345225439071194e-01
8.771548270088352917e-02,1.787090438869106679e-01,2.045561888575377629e-01,1.355591223950248225e-01
1.396784608784765180e-01,3.407540678669601641e-01,3.506509353415157570e-01,1.498682612294509331e-01
6.635254185247232983e-02,3.392535036066573473e-01,5.248202896117423188e-01,1.063340456482860241e-01
3.327060463277684565e-01,5.310664032521679179e-01,4.711957987880391885e-01,3.400926625708493023e-01
7.377918098650790291e-02,2.235114780327516204e-01,2.504168529188980918e-01,1.275857644295783078e-01
