cond_cond.A_b01,cond_cond.A_b02,cond_cond.A_b03,cond_cond.B_b01,cond_cond.B_b02,cond_cond.B_b03,base_poly1_block_1,base_poly2_block_1,base_poly1_block_2,base_poly2_block_2,base_poly1_block_3,base_poly2_block_3,base_poly1_block_4,base_poly2_block_4,constant_1,constant_2,constant_3,constant_4
0,0,0,0,0,0,-0.12186363800845887,0.15575981555544058,0,0,0,0,0,0,1,0,0,0
0,0,0,0,0,0,-0.12063887782746929,0.15106353970954811,0,0,0,0,0,0,1,0,0,0
0,0,0,0,0,0,-0.11941411764647987,0.14641470099341186,0,0,0,0,0,0,1,0,0,0
0,0,0,0,0,0,-0.11818935746549031,0.14181329940703216,0,0,0,0,0,0,1,0,0,0
0,0,0,0,0,0,-0.11696459728450079,0.13725933495040898,0,0,0,0,0,0,1,0,0,0
0,0,0,0,0,0,-0.11573983710351125,0.13275280762354227,0,0,0,0,0,0,1,0,0,0
0,0,0,0,0,0,-0.11451507692252172,0.12829371742643203,0,0,0,0,0,0,1,0,0,0
0,0,0,0,0,0,-0.11329031674153218,0.12388206435907829,0,0,0,0,0,0,1,0,0,0
0,0,0,0,0,0,-0.11206555656054262,0.11951784842148105,0,0,0,0,0,0,1,0,0,0
0,0,0,0.00085345979270173128,0.0056939692769733827,-0.006499862889896478,-0.1108407963795531,0.11520106961364032,0,0,0,0,0,0,1,0,0,0
0,0,0,0.035735328735371247,0.074905816260045485,-0.1065840671873251,-0.10961603619856357,0.11093172793555604,0,0,0,0,0,0,1,0,0,0
0,0,0,0.14716137885767577,0.13525599494434518,-0.16018938915616912,-0.10839127601757403,0.10670982338722827,0,0,0,0,0,0,1,0,0,0
0,0,0,0.27503592115297204,0.10683583601300263,-0.040390835034847902,-0.1071665158365845,0.102535355968657,0,0,0,0,0,0,1,0,0,0
0,0,0,0.3446336773036508,0.030024870733521076,0.10940095231800903,-0.10594175565559495,0.098408325679842215,0,0,0,0,0,0,1,0,0,0
0,0,0,0.33901145849396419,-0.036451479567069976,0.167989205416047,-0.10471699547460542,0.094328732520783914,0,0,0,0,0,0,1,0,0,0
0,0,0,0.28317387049505766,-0.069555741652306852,0.13678539091750147,-0.10349223529361588,0.090296576491482122,0,0,0,0,0,0,1,0,0,0
0,0,0,0.20943012607641248,-0.074301397189829935,0.070042690876745459,-0.10226747511262635,0.086311857591936811,0,0,0,0,0,0,1,0,0,0
0,0,0,0.13953064138404714,-0.06404071848712975,0.011056634056236287,-0.10104271493163682,0.082374575822147994,0,0,0,0,0,0,1,0,0,0
0,0,0,0.082754954621169816,-0.049373544563390839,-0.023930920934430566,-0.099817954750647267,0.078484731182115672,0,0,0,0,0,0,1,0,0,0
0,0,0,0.040413216890752439,-0.035690757356058395,-0.036860781777010153,-0.098593194569657733,0.07464232367183983,0,0,0,0,0,0,1,0,0,0
0,0,0,0.010486512377080559,-0.02461399377180068,-0.036008485224579834,-0.097368434388668199,0.070847353291320497,0,0,0,0,0,0,1,0,0,0
0,0,0,-0.0096455774049550424,-0.016019190973083061,-0.029067209167589137,-0.096143674207678664,0.067099820040557631,0,0,0,0,0,0,1,0,0,0
0,0,0,-0.022197868188002564,-0.0093685969494315558,-0.020932515022475957,-0.094918914026689116,0.063399723919551274,0,0,0,0,0,0,1,0,0,0
0,0,0,-0.028892632897810213,-0.0042546642391600069,-0.013925618560479627,-0.093694153845699582,0.059747064928301417,0,0,0,0,0,0,1,0,0,0
0,0,0,-0.031147521351586618,-0.00046452928333349781,-0.008727871434570468,-0.092469393664710048,0.056141843066808028,0,0,0,0,0,0,1,0,0,0
0,0,0,-0.030221486897164661,0.0021269531453516023,-0.0052182532287768577,-0.091244633483720514,0.052584058335071147,0,0,0,0,0,0,1,0,0,0
0,0,0,-0.027247643518241917,0.0036582928089508352,-0.0030019156070476543,-0.090019873302730979,0.049073710733090754,0,0,0,0,0,0,1,0,0,0
0,0,0,-0.02319530590780948,0.0043197615453740342,-0.0016720328260577625,-0.088795113121741431,0.045610800260866856,0,0,0,0,0,0,1,0,0,0
0,0,0,-0.018822052425302386,0.0043394835455083857,-0.00090598645559766551,-0.087570352940751897,0.042195326918399445,0,0,0,0,0,0,1,0,0,0
0,0,0,-0.014653152393031282,0.0039476745335947517,-0.00047933161077149907,-0.086345592759762363,0.038827290705688536,0,0,0,0,0,0,1,0,0,0
0,0,0,-0.010299144556536348,0.0076685707143762131,-0.0053270988468074043,-0.085120832578772829,0.035506691622734107,0,0,0,0,0,0,1,0,0,0
0,0,0,0.019875247355720854,0.064414754668058488,-0.087218626306157107,-0.083896072397783295,0.032233529669536173,0,0,0,0,0,0,1,0,0,0
0,0,0,0.12231830734658927,0.13106739775737747,-0.15891336465530032,-0.082671312216793746,0.029007804846094734,0,0,0,0,0,0,1,0,0,0
0,0,0,0.25684706618016095,0.11430666202198225,-0.06338073212549078,-0.081446552035804212,0.025829517152409782,0,0,0,0,0,0,1,0,0,0
0,0,0,0.33712731629593201,0.042161680601257454,0.088860323352561707,-0.080221791854814678,0.022698666588481325,0,0,0,0,0,0,1,0,0,0
0,0,0,0.34242353488056365,-0.027550234651738007,0.16334872098318093,-0.078997031673825144,0.019615253154309356,0,0,0,0,0,0,1,0,0,0
0,0,0,0.29284110970286903,-0.065887497167783138,0.14399483384831208,-0.077772271492835596,0.016579276849893881,0,0,0,0,0,0,1,0,0,0
0,0,0,0.22069007426756898,-0.074431274948260989,0.080447216457000315,-0.076547511311846061,0.013590737675234903,0,0,0,0,0,0,1,0,0,0
0,0,0,0.14963303402484371,-0.065923046718740025,0.019149902845403671,-0.075322751130856527,0.010649635630332411,0,0,0,0,0,0,1,0,0,0
0,0,0,0.090716489503666231,-0.051610662969005641,-0.019637515364546592,-0.074097990949866993,0.0077559707151864127,0,0,0,0,0,0,1,0,0,0
0,0,0,0.046245729231849622,-0.037658418878252616,-0.035621217912195566,-0.072873230768877445,0.0049097429297969035,0,0,0,0,0,0,1,0,0,0
0,0,0,0.01455574108753567,-0.026173036881112489,-0.036504372938458617,-0.071648470587887911,0.0021109522741638923,0,0,0,0,0,0,1,0,0,0
0,0,0,-0.0069512235616740045,-0.017224390929691562,-0.030231233224908109,-0.070423710406898377,-0.0006404012517126328,0,0,0,0,0,0,1,0,0,0
0,0,0,-0.020566900305066631,-0.01030189394743793,-0.022141902087855075,-0.069198950225908842,-0.0033443176478326676,0,0,0,0,0,0,1,0,0,0
0,0,0,-0.028082405440691571,-0.0049689045554582945,-0.014913980228749308,-0.067974190044919294,-0.0060007969141962075,0,0,0,0,0,0,1,0,0,0
0,0,0,-0.030953479236779755,-0.00098574146987430553,-0.0094381454564090965,-0.066749429863929774,-0.0086098390508032533,0,0,0,0,0,0,1,0,0,0
0,0,0,-0.03045939911398966,0.0017811680164949882,-0.0056873400845566403,-0.06552466968294024,-0.011171444057653815,0,0,0,0,0,0,1,0,0,0
0,0,0,-0.027752615624107361,0.0034655098254151606,-0.0032932254862445094,-0.064299909501950692,-0.013685611934747878,0,0,0,0,0,0,1,0,0,0
0.00035562994018887233,0.0026079528947179076,-0.002892970977578839,-0.023828932101406637,0.0042531440929209473,-0.001846001212524558,-0.063075149320961157,-0.016152342682085451,0,0,0,0,0,0,1,0,0,0
0.017641986908062759,0.037489221994213145,-0.053440862471696826,-0.015011976273475624,0.020195645043131337,-0.022572997847571451,-0.061850389139971623,-0.01857163629966653,0,0,0,0,0,0,1,0,0,0
0.073539343258267401,0.067882409632409171,-0.080604267000229851,0.026412952574936647,0.061572160035344006,-0.078940209980858697,-0.060625628958982082,-0.020943492787491122,0,0,0,0,0,0,1,0,0,0
0.13767931431993022,0.053539816996182522,-0.020254278882398429,0.095953889270079737,0.069311646216290212,-0.058500076915571464,-0.059400868777992548,-0.023267912145559212,0,0,0,0,0,0,1,0,0,0
0.17251430695301478,0.014976910606108425,0.054960145358592567,0.15158836883882254,0.037892133645545882,0.020731723038822109,-0.058176108597003014,-0.025544894373870822,0,0,0,0,0,0,1,0,0,0
0.16963219458921025,-0.018315460865820511,0.084229602644564361,0.16930395102813037,-0.0013594765813827784,0.07636490408663478,-0.056951348416013473,-0.02777443947242593,0,0,0,0,0,0,1,0,0,0
0.14162889684048072,-0.034850243512420991,0.068477485780010991,0.15768758832111018,-0.028717805497344092,0.08039008647166293,-0.055726588235023938,-0.029956547441224553,0,0,0,0,0,0,1,0,0,0
0.10470255918769208,-0.037187344666396921,0.034995350750308366,0.12343890600542981,-0.037380010713553367,0.052274887322551165,-0.054501828054034397,-0.032091218280266696,0,0,0,0,0,0,1,0,0,0
0.069730785534978398,-0.032030131925442865,0.0054643346649856355,0.086557978839592903,-0.035151797011785058,0.018938548656102991,-0.053277067873044856,-0.034178451989552328,0,0,0,0,0,0,1,0,0,0
0.041340730771795862,-0.024683480067242622,-0.012021808160569199,0.054610692097893668,-0.028405388279398879,-0.0048562530334721387,-0.052052307692055329,-0.036218248569081471,0,0,0,0,0,0,1,0,0,0
0.020175492205165294,-0.017838507570834047,-0.018464573773305223,0.029900701028318152,-0.021116677550146911,-0.016383268103084506,-0.050827547511065788,-0.038210608018854127,0,0,0,0,0,0,1,0,0,0
0.0052188843385755504,-0.012300726364596689,-0.018018785338478841,0.012005322869472937,-0.014899889934118201,-0.018833274475545468,-0.049602787330076253,-0.040155530338870295,0,0,0,0,0,0,1,0,0,0
-0.0048416240955618407,-0.0080047773767471034,-0.014536008810233885,-0.00034759125381061972,-0.010014398972921709,-0.01646923709037482,-0.048378027149086712,-0.042053015529129954,0,0,0,0,0,0,1,0,0,0
-0.011113513711057838,-0.004680503740232266,-0.010463084948392931,-0.0083925700897158808,-0.0062365784680193893,-0.012475915285001192,-0.047153266968097178,-0.043903063589633133,0,0,0,0,0,0,1,0,0,0
-0.014457385264610583,-0.0021240410350502085,-0.0069581210844024298,-0.013104749739792353,-0.0033147113751014479,-0.0086048637371193854,-0.04592850678710763,-0.045705674520379817,0,0,0,0,0,0,1,0,0,0
-0.015581687588292174,-0.00022926292402231449,-0.0043596635555777337,-0.015256236675022562,-0.0010981328661284742,-0.0055439238492645529,-0.044703746606118103,-0.047460848321370028,0,0,0,0,0,0,1,0,0,0
-0.01476019735062774,0.0036740927682985562,-0.00549886653485155,-0.01428354006706203,0.0069311646983720426,-0.011379878578433474,-0.043478986425128568,-0.049168584992603737,0,0,0,0,0,0,1,0,0,0
0.0040155161897023357,0.039320551958391854,-0.054939624817398565,0.011562076791904706,0.047782790381426063,-0.067410550007143966,-0.04225422624413902,-0.050828884534080937,0,0,0,0,0,0,1,0,0,0
0.061940939978798445,0.070043895073172491,-0.081438896102056596,0.074560186593633657,0.070568725557664441,-0.075383743315848184,-0.041029466063149493,-0.052441746945801657,0,0,0,0,0,0,1,0,0,0
0.1282688472628141,0.055710580382093026,-0.020706441407804112,0.1372059471141806,0.048840758841953824,-0.0041369104221047164,-0.039804705882159945,-0.054007172227765902,0,0,0,0,0,0,1,0,0,0
0.16518905093998959,0.016951266887317282,0.054720956420754918,0.16638728320068996,0.00933580506827234,0.064882990211004854,-0.038579945701170418,-0.055525160379973633,0,0,0,0,0,0,1,0,0,0
0.16413541597568373,-0.016643438336416089,0.084105689568731712,0.1591141984642703,-0.021182836617546111,0.083735633232966566,-0.037355185520180884,-0.056995711402424883,0,0,0,0,0,0,1,0,0,0
0.13763770351887736,-0.033511400413458285,0.068414467018481251,0.12980774838818426,-0.034741540193818164,0.062224462314379482,-0.036130425339191342,-0.058418825295119624,0,0,0,0,0,0,1,0,0,0
0.10188969178689007,-0.036163772566471186,0.03496382489149754,0.093961990645935772,-0.035371442694349366,0.028285122472152847,-0.034905665158201808,-0.059794502058057898,0,0,0,0,0,0,1,0,0,0
0.069730785534978176,-0.032030131925442816,0.0054643346649854707,0.063465389338470332,-0.0306103782371644,0.00094579829414974653,-0.033680904977212267,-0.061122741691239657,0,0,0,0,0,0,1,0,0,0
0.041340730771795689,-0.02468348006724257,-0.012021808160569275,0.044083169502606739,0.0048733272253390931,-0.051950423141770362,-0.032456144796222733,-0.062403544194664921,0,0,0,0,0,0,1,0,0,0
0.020175492205165169,-0.017838507570834002,-0.018464573773305237,0.09449685951460865,0.095066627963208555,-0.17211109005959047,-0.031231384615233195,-0.063636909568333733,0,0,0,0,0,0,1,0,0,0
0.0052188843385754646,-0.012300726364596655,-0.018018785338478824,0.21114985753377757,0.12173387319667334,-0.14001725098105738,-0.030006624434243657,-0.064822837812246015,0,0,0,0,0,0,1,0,0,0
-0.0048416240955618962,-0.0080047773767470774,-0.014536008810233855,0.30992308518492406,0.066910221000310133,0.020102901310144715,-0.028781864253254116,-0.065961328926401816,0,0,0,0,0,0,1,0,0,0
-0.011113513711057871,-0.0046805037402322452,-0.010463084948392903,0.33871123881867615,-0.0076638458071650664,0.13999538550166432,-0.027557104072264586,-0.067052382910801137,0,0,0,0,0,0,1,0,0,0
-0.014457385264610597,-0.0021240410350501929,-0.0069581210844024081,0.30332339428863009,-0.057405518122853577,0.15595353532289258,-0.026332343891275048,-0.068095999765443962,0,0,0,0,0,0,1,0,0,0
-0.015581687588292176,-0.00022926292402230343,-0.004359663555577719,0.23500717381847053,-0.074425208436326051,0.10402028676919246,-0.02510758371028551,-0.069092179490330294,0,0,0,0,0,0,1,0,0,0
-0.015115827290816636,0.00106613987358053,-0.0026058955572725575,0.16177434049253284,-0.069560521792408042,0.0385730711676118,-0.023882823529295969,-0.070040922085460117,0,0,0,0,0,0,1,0,0,0
-0.013626470718360704,0.0018313299641783923,-0.0014987623457012956,0.098921143567585024,-0.054732561475628105,-0.010032291106958323,-0.022658063348306435,-0.070942227550833473,0,0,0,0,0,0,1,0,0,0
-0.011598403279469441,0.0021614854407632817,-0.00083462910182693288,0.070268680106516393,0.011678528608111978,-0.10682927275904107,-0.021433303167316897,-0.07179609588645032,0,0,0,0,0,0,1,0,0,0
-0.0094104670571164891,0.0021707633859107383,-0.00045216252540627511,0.13052080054824705,0.1001241834493769,-0.20343039643092103,-0.020208542986327363,-0.072602527092310673,0,0,0,0,0,0,1,0,0,0
-0.0073252560130252871,0.0019743562812091333,-0.00023918893783803205,0.24003854075031289,0.10288409001768974,-0.11422234930111672,-0.018983782805337825,-0.073361521168414531,0,0,0,0,0,0,1,0,0,0
-0.0054967786135263702,0.001672022529404594,-0.0001239130758326475,0.31362586281382593,0.038834460180350805,0.052940749103033702,-0.017759022624348288,-0.074073078114761923,0,0,0,0,0,0,1,0,0,0
-0.0039911933216030988,0.0013388430989627635,-6.3018761529525622e-05,0.31707909856038041,-0.028447265521310952,0.14618518937384078,-0.01653426244335875,-0.074737197931352806,0,0,0,0,0,0,1,0,0,0
-0.0028128674008017496,0.0010235720999257133,-3.152585881059065e-05,0.26704358982733745,-0.065951760756044309,0.13895932909510561,-0.015309502262369214,-0.075353880618187208,0,0,0,0,0,0,1,0,0,0
0,0,0,0.19705278794744335,-0.074264604022919595,0.080253784289871316,-0.014084742081379676,-0.075923126175265088,0,0,0,0,0,0,1,0,0,0
0,0,0,0.12683259025514071,-0.064423647264314154,0.019601422670062894,-0.012859981900390139,-0.076444934602586515,0,0,0,0,0,0,1,0,0,0
0,0,0,0.069994690835668616,-0.049022410049351289,-0.019917196830393443,-0.011635221719400603,-0.076919305900151433,0,0,0,0,0,0,1,0,0,0
0.0026961367532263446,0.013386383463095545,-0.016800276524405817,0.02845230109850724,-0.034480961275080865,-0.036598133912426237,-0.010410461538411065,-0.077346240067959857,0,0,0,0,0,0,1,0,0,0
0.052477598718914782,0.092313409400484853,-0.13022282137599736,1.614941833737258e-05,-0.022919264509409898,-0.037759263981404896,-0.0091857013574215274,-0.077725737106011786,0,0,0,0,0,0,1,0,0,0
0.17440950728169907,0.13655938495951372,-0.1476219456433352,-0.018360970703450958,-0.014264760749810331,-0.031419358810754777,-0.0079609411764319914,-0.078057797014307234,0,0,0,0,0,0,1,0,0,0
0.29505850469547457,0.093114685137657208,-0.0071098209533502531,-0.029249426404004138,-0.0078243235894154689,-0.023095465363032221,-0.0067361809954424538,-0.078342419792846174,0,0,0,0,0,0,1,0,0,0
0.34908394062461456,0.014598112641614576,0.12987166562489855,-0.034549376984374408,-0.0030125795384560198,-0.015600913976455954,-0.0055114208144529169,-0.078579605441628633,0,0,0,0,0,0,1,0,0,0
0.33075756416551721,-0.045847819312819754,0.16740130503126144,-0.033368794064167706,-0.0003816035261514875,-0.0098737620460945235,-0.0042866606334633801,-0.078769353960654598,0,0,0,0,0,0,1,0,0,0
0.26896356965653406,-0.072363571567251539,0.12451229946490372,-0.030695499408029462,0.0015888417778008265,-0.0059522594331452103,-0.0030619004524738429,-0.078911665349924082,0,0,0,0,0,0,1,0,0,0
0.19468744765420076,-0.073036291701696232,0.05673742046792897,-0.0281315848101805,0.0033687965762713747,-0.0034544477668892364,-0.0018371402714843056,-0.079006539609437071,0,0,0,0,0,0,1,0,0,0
0.12700286003412117,-0.06121588344235554,0.0020244825936164878,-0.024265881138658092,0.0042264309670480412,-0.0019384348548723263,-0.00061238009049476862,-0.079053976739193565,0,0,0,0,0,0,1,0,0,0
0.07317205165203905,-0.046465977159231564,-0.028046956125328017,-0.019912353867425764,0.0043835554491418651,-0.0010570518868847994,0.00061238009049476743,-0.079053976739193565,0,0,0,0,0,0,1,0,0,0
0.033520298971110994,-0.033256841350785701,-0.03751337273544611,-0.015654215530581279,0.0040734943489027717,-0.00056236422184463087,0.0018371402714843067,-0.079006539609437071,0,0,0,0,0,0,1,0,0,0
0.0057554292767277434,-0.022713174155778341,-0.034907589652434609,-0.011850697674749919,0.0035058279406990729,-0.00029279978554619835,0.0030619004524738438,-0.078911665349924082,0,0,0,0,0,0,1,0,0,0
-0.012701224661244286,-0.014549792667213873,-0.027429828645894425,-0.0086733768232129735,0.0028438943153348568,-0.00014957394477341679,0.004286660633463381,-0.078769353960654598,0,0,0,0,0,0,1,0,0,0
-0.0239569327801279,-0.0082319893663029588,-0.019401635349609005,-0.0060976365268912832,0.0029082121023167773,-0.00071138738171170235,0.0055114208144529178,-0.078579605441628633,0,0,0,0,0,0,1,0,0,0
-0.029656750658093239,-0.0033952037525999002,-0.012737943775178416,0.017297710300641395,0.048197423577046053,-0.067700409984101179,0.0067361809954424546,-0.078342419792846188,0,0,0,0,0,0,1,0,0,0
-0.03117859555818445,0.00014586038393575332,-0.0079019025867315199,0.10778263012386587,0.12577708827940112,-0.16382264459305462,0.0079609411764319914,-0.07805779701430722,0,0,0,0,0,0,1,0,0,0
-0.029756821002324425,0.0025127164854791689,-0.0046853345482840572,0.24033951080640925,0.1235751877311026,-0.087994947483905156,0.0091857013574215291,-0.077725737106011786,0,0,0,0,0,0,1,0,0,0
-0.026495924916957663,0.0038532179214671074,-0.0026768017312469852,0.33203229410898322,0.054088229895430426,0.071141455050318742,0.010410461538411065,-0.077346240067959857,0,0,0,0,0,0,1,0,0,0
-0.022326170975377896,0.0043674678812225965,-0.0014822477995925967,0.34751196633526127,-0.019695977203445663,0.16173138313876601,0.011635221719400603,-0.076919305900151433,0,0,0,0,0,0,1,0,0,0
-0.017959140860533122,0.0042870531656995694,-0.00079911347982025097,0.30314825573475923,-0.063144466917684355,0.15249164044953975,0.012859981900390139,-0.076444934602586501,0,0,0,0,0,0,1,0,0,0
-0.013874429588157019,0.0038382841542486629,-0.00042093316842130193,0.23187245702970707,-0.075063083229150673,0.090684818152327235,0.014084742081379676,-0.075923126175265102,0,0,0,0,0,0,1,0,0,0
-0.010341262308051432,0.0032116841950800266,-0.00021725365130906602,0.1593425465143421,-0.067960782689382063,0.026501109545623749,0.015309502262369214,-0.075353880618187208,0,0,0,0,0,0,1,0,0,0
-0.0074632589264158567,0.0025467267688616064,-0.00011012312895614313,0.098232684423969957,-0.053823397951848595,-0.01605164242410018,0.01653426244335875,-0.074737197931352806,0,0,0,0,0,0,1,0,0,0
-0.0052308908644487185,0.0019310672177789753,-5.492692951466452e-05,0.051692682953320711,-0.039545781047922224,-0.034832926355218098,0.017759022624348284,-0.074073078114761909,0,0,0,0,0,0,1,0,0,0
0,0,0,0.018320969354131869,-0.027654498777905212,-0.037205135270805198,0.018983782805337825,-0.073361521168414531,0,0,0,0,0,0,1,0,0,0
0,0,0,-0.0044918253752059241,-0.018369304134379129,-0.031440658139224684,0.020208542986327363,-0.072602527092310673,0,0,0,0,0,0,1,0,0,0
0,0,0,-0.019117864497986491,-0.011188241911736962,-0.023319650904507085,0.021433303167316897,-0.07179609588645032,0,0,0,0,0,0,1,0,0,0
0,0,0,-0.027410995886471397,-0.0056429940910022493,-0.015846936822787334,0.022658063348306435,-0.070942227550833473,0,0,0,0,0,0,1,0,0,0
0,0,0,-0.030860016287074112,-0.0014704317246270978,-0.010095689768054457,0.023882823529295973,-0.070040922085460131,0,0,0,0,0,0,1,0,0,0
0,0,0,-0.030763186529534851,0.0014680472220221386,-0.0061156711161382861,0.02510758371028551,-0.069092179490330294,0,0,0,0,0,0,1,0,0,0
0,0,0,-0.028293407265321275,0.0032998867999900409,-0.0035564587875762978,0.026332343891275048,-0.068095999765443962,0,0,0,0,0,0,1,0,0,0
0,0,0,-0.024474714786767496,0.0041994664993186478,-0.0019990844923767582,0.027557104072264586,-0.067052382910801137,0,0,0,0,0,0,1,0,0,0
0,0,0,-0.020132005781094493,0.0043869022005730198,-0.0010917235290307421,0.028781864253254116,-0.06596132892640183,0,0,0,0,0,0,1,0,0,0
0.00015795069263346782,0.001421556233701247,-0.0014538056849269501,-0.015860188709768096,0.0040957075474290471,-0.00058155145460376243,0.030006624434243657,-0.064822837812246029,0,0,0,0,0,0,1,0,0,0
0.017185617444154189,0.045209210635729503,-0.063220930716577292,-0.012029157767160664,0.0035372302404275096,-0.00030312999631456705,0.031231384615233192,-0.063636909568333733,0,0,0,0,0,0,1,0,0,0
0.10289034144497047,0.12093500379403579,-0.15719094177246334,-0.0088189153275580138,0.002877376656396439,-0.00015500555741734543,0.032456144796222726,-0.062403544194664942,0,0,0,0,0,0,1,0,0,0
0.23298676455914466,0.12385403153216636,-0.09282186960613624,-0.0062700054850855988,0.0022290840862677179,-7.7922109070558727e-05,0.033680904977212267,-0.061122741691239678,0,0,0,0,0,0,1,0,0,0
0.32710890747095267,0.0580264739469247,0.061989743583443224,0,0,0,0.034905665158201801,-0.059794502058057905,0,0,0,0,0,0,1,0,0,0
0.34677544602567578,-0.015748986888837743,0.15695507618185833,0,0,0,0.036130425339191342,-0.058418825295119638,0,0,0,0,0,0,1,0,0,0
0.30554414545585107,-0.060931417072060019,0.15324731640293521,0,0,0,0.037355185520180877,-0.05699571140242489,0,0,0,0,0,0,1,0,0,0
0.2355974740235221,-0.074521288170568772,0.094105228167257193,0,0,0,0.038579945701170411,-0.055525160379973633,0,0,0,0,0,0,1,0,0,0
0.16306733998046999,-0.06837839684931224,0.029889682250611171,0,0,0,0.039804705882159945,-0.054007172227765902,0,0,0,0,0,0,1,0,0,0
0.10133437012586048,-0.054570267686832721,-0.013878600480286135,0,0,0,0.041029466063149493,-0.052441746945801671,0,0,0,0,0,0,1,0,0,0
0.054037618147246849,-0.040277501083465957,-0.033914774906310119,0,0,0,0.042254226244139027,-0.050828884534080951,0,0,0,0,0,0,1,0,0,0
0.019996737767855231,-0.028254396538802538,-0.037123605369098617,0,0,0,0.043478986425128568,-0.049168584992603737,0,0,0,0,0,0,1,0,0,0
-0.0033466983222403299,-0.018834661297007463,-0.031759409460237024,0,0,0,0.044703746606118103,-0.047460848321370028,0,0,0,0,0,0,1,0,0,0
-0.018224998208689454,-0.010126763880708621,-0.025198353483494969,0.0030656620097151326,0.012262648038391657,-0.016305895474487277,0.04592850678710763,-0.045705674520379831,0,0,0,0,0,0,1,0,0,0
-0.012874247151109556,0.027024390742976565,-0.063144973635754137,0.036089408297886365,0.054134109620777776,-0.074917996613519527,0.047153266968097178,-0.04390306358963314,0,0,0,0,0,0,1,0,0,0
0.036113342499510009,0.065119561138015966,-0.092659760969261026,0.10081872239396775,0.067212178092789385,-0.064329366110539576,0.048378027149086712,-0.042053015529129961,0,0,0,0,0,0,1,0,0,0
0.10139786559866222,0.057961111018551954,-0.034807848091852021,0.15629094533107118,0.039066470034116618,0.012945326637264776,0.049602787330076253,-0.040155530338870295,0,0,0,0,0,0,1,0,0,0
0.14239745243940499,0.022167269281545301,0.045360459714267248,0.17544116219546385,-5.2415144773692382e-05,0.073256518763553657,0.050827547511065788,-0.038210608018854141,0,0,0,0,0,0,1,0,0,0
0.14666443234867108,-0.011542255391296868,0.081622329038064156,0.1604745984542893,-0.026993337398532762,0.081927714818638697,0.052052307692055315,-0.036218248569081485,0,0,0,0,0,0,1,0,0,0
0.12471637075566817,-0.029560093441078714,0.070183149531455158,0.12716489793477329,-0.037121071349244264,0.055692264987694529,0.053277067873044863,-0.034178451989552334,0,0,0,0,0,0,1,0,0,0
0.092355403404452724,-0.033289170783671891,0.037806367577970852,0.090099331690725648,-0.035667661761339106,0.021974177676849227,0.054501828054034397,-0.032091218280266696,0,0,0,0,0,0,1,0,0,0
0.060744735341337446,-0.02914473622809333,0.0075987569021513275,0.057488434962452054,-0.029148687076090682,-0.00305086148935374,0.055726588235023938,-0.029956547441224564,0,0,0,0,0,0,1,0,0,0
0.034864749894128778,-0.02251046337869117,-0.010989965909504993,0.032046929863623355,-0.021809809870259031,-0.015711452163996026,0.056951348416013473,-0.027774439472425947,0,0,0,0,0,0,1,0,0,0
0.015592145700220678,-0.016205613711783848,-0.018284991945947831,0.013523199918010272,-0.015459939529586065,-0.018870137126708597,0.058176108597003,-0.025544894373870829,0,0,0,0,0,0,1,0,0,0
0.004046915975236892,-0.01188551755543725,-0.018277264535965114,0.00067545204475492773,-0.010448335935362416,-0.01681967177270937,0.059400868777992541,-0.02326791214555923,0,0,0,0,0,0,1,0,0,0
-0.0040221503669952575,-0.0083863253616450455,-0.014939737687527654,-0.0077521916664017171,-0.0065724172211529342,-0.012888657689633619,0.060625628958982082,-0.020943492787491125,0,0,0,0,0,0,1,0,0,0
-0.010630757234921231,-0.0049759028932571036,-0.010855890108934195,-0.012760399940664992,-0.0035734577447091498,-0.0089608078467229811,0.061850389139971623,-0.018571636299666544,0,0,0,0,0,0,1,0,0,0
-0.01423380264488432,-0.00234871410965328,-0.0072691305469394733,-0.015136856322163416,-0.0012905254146170775,-0.0058080275577303449,0.063075149320961157,-0.016152342682085461,0,0,0,0,0,0,1,0,0,0
-0.015550734325412423,-0.00039080762062561721,-0.0045787882525866229,-0.015552907908972456,0.00035746464344399811,-0.0035667455091808065,0.064299909501950692,-0.013685611934747884,0,0,0,0,0,0,1,0,0,0
-0.015217268657543959,0.00096179293573159729,-0.0027485990870765916,-0.014613627731408684,0.0014311072061666515,-0.0020975137095526563,0.065524669682940226,-0.01117144405765382,0,0,0,0,0,0,1,0,0,0
-0.013806881969067835,0.0017761581625705678,-0.0015864435223585452,-0.012856103472527478,0.0020094520492811674,-0.0011901227536411133,0.066749429863929774,-0.0086098390508032637,0,0,0,0,0,0,1,0,0,0
-0.011813748009013397,0.0021448643034860148,-0.00088610562659940972,-0.010725107747490071,0.0021970705843128678,-0.00065516514647830234,0.067974190044919308,-0.0060007969141962153,0,0,0,0,0,0,1,0,0,0
-0.0096280684984035563,0.0021809156481356739,-0.00048128690636305426,-0.0085531781586946961,0.0021108124913744937,-0.0003514290680204835,0.069198950225908842,-0.0033443176478326758,0,0,0,0,0,0,1,0,0,0
-0.0075239945256014035,0.0020002335462781166,-0.00025516653357132572,-0.0065576569939135229,0.001861327417853787,-0.0001842963498307319,0.07042371040689839,-0.00064040125171264495,0,0,0,0,0,0,1,0,0,0
-0.0056656159544933703,0.0017046714420260187,-0.00013245132177988552,-0.0048544530952973706,0.0015391532984937132,-9.474775195560704e-05,0.071648470587887925,0.0021109522741638788,0,0,0,0,0,0,1,0,0,0
-0.0041267321739822784,0.0013719639335571536,-6.7479166616991304e-05,-0.0034818303279925229,0.0012086783395505029,-4.7859020936456247e-05,0.072873230768877459,0.0049097429297968939,0,0,0,0,0,0,1,0,0,0
-0.0029167122554102968,0.0010533991618725744,-3.3810182697282944e-05,-0.0024266218746080686,0.0009089394537792235,-2.3796293575093238e-05,0.074097990949867007,0.0077559707151864015,0,0,0,0,0,0,1,0,0,0
0,0,0,0,0,0,0.075322751130856541,0.0106496356303324,0,0,0,0,0,0,1,0,0,0
0,0,0,0,0,0,0.076547511311846075,0.013590737675234891,0,0,0,0,0,0,1,0,0,0
0,0,0,0,0,0,0.07777227149283561,0.016579276849893868,0,0,0,0,0,0,1,0,0,0
0,0,0,0,0,0,0.078997031673825144,0.019615253154309349,0,0,0,0,0,0,1,0,0,0
0,0,0,0,0,0,0.080221791854814678,0.022698666588481312,0,0,0,0,0,0,1,0,0,0
0,0,0,0,0,0,0.081446552035804212,0.025829517152409779,0,0,0,0,0,0,1,0,0,0
0,0,0,0,0,0,0.082671312216793746,0.029007804846094717,0,0,0,0,0,0,1,0,0,0
0,0,0,0,0,0,0.083896072397783295,0.03223352966953616,0,0,0,0,0,0,1,0,0,0
0,0,0,0,0,0,0.085120832578772829,0.0355066916227341,0,0,0,0,0,0,1,0,0,0
0,0,0,0,0,0,0.086345592759762363,0.038827290705688515,0,0,0,0,0,0,1,0,0,0
0,0,0,0,0,0,0.087570352940751897,0.042195326918399438,0,0,0,0,0,0,1,0,0,0
0,0,0,0,0,0,0.088795113121741431,0.045610800260866849,0,0,0,0,0,0,1,0,0,0
0,0,0,0,0,0,0.090019873302730979,0.04907371073309074,0,0,0,0,0,0,1,0,0,0
0,0,0,0,0,0,0.091244633483720514,0.052584058335071127,0,0,0,0,0,0,1,0,0,0
0,0,0,0,0,0,0.092469393664710048,0.056141843066808021,0,0,0,0,0,0,1,0,0,0
0,0,0,0,0,0,0.093694153845699582,0.059747064928301383,0,0,0,0,0,0,1,0,0,0
0,0,0,0,0,0,0.094918914026689116,0.06339972391955126,0,0,0,0,0,0,1,0,0,0
0,0,0,0,0,0,0.096143674207678664,0.067099820040557631,0,0,0,0,0,0,1,0,0,0
0,0,0,0,0,0,0.097368434388668185,0.070847353291320483,0,0,0,0,0,0,1,0,0,0
0,0,0,0,0,0,0.098593194569657733,0.07464232367183983,0,0,0,0,0,0,1,0,0,0
0,0,0,0,0,0,0.099817954750647267,0.078484731182115644,0,0,0,0,0,0,1,0,0,0
0,0,0,0,0,0,0.10104271493163682,0.082374575822147966,0,0,0,0,0,0,1,0,0,0
0,0,0,0,0,0,0.10226747511262635,0.086311857591936783,0,0,0,0,0,0,1,0,0,0
0,0,0,0,0,0,0.10349223529361587,0.090296576491482095,0,0,0,0,0,0,1,0,0,0
0,0,0,0,0,0,0.10471699547460542,0.094328732520783901,0,0,0,0,0,0,1,0,0,0
0,0,0,0,0,0,0.10594175565559495,0.098408325679842215,0,0,0,0,0,0,1,0,0,0
0,0,0,0,0,0,0.1071665158365845,0.102535355968657,0,0,0,0,0,0,1,0,0,0
0,0,0,0,0,0,0.10839127601757403,0.10670982338722827,0,0,0,0,0,0,1,0,0,0
0,0,0,0,0,0,0.10961603619856355,0.11093172793555602,0,0,0,0,0,0,1,0,0,0
0,0,0,0,0,0,0.1108407963795531,0.11520106961364028,0,0,0,0,0,0,1,0,0,0
0,0,0,0,0,0,0.11206555656054264,0.11951784842148101,0,0,0,0,0,0,1,0,0,0
0,0,0,0,0,0,0.11329031674153218,0.12388206435907828,0,0,0,0,0,0,1,0,0,0
0,0,0,0,0,0,0.11451507692252172,0.128293717426432,0,0,0,0,0,0,1,0,0,0
0,0,0,0,0,0,0.11573983710351124,0.13275280762354225,0,0,0,0,0,0,1,0,0,0
0,0,0,0,0,0,0.11696459728450077,0.13725933495040896,0,0,0,0,0,0,1,0,0,0
0,0,0,0,0,0,0.11818935746549032,0.14181329940703219,0,0,0,0,0,0,1,0,0,0
0,0,0,0,0,0,0.11941411764647988,0.14641470099341189,0,0,0,0,0,0,1,0,0,0
0,0,0,0,0,0,0.1206388778274694,0.15106353970954808,0,0,0,0,0,0,1,0,0,0
0,0,0,0,0,0,0.12186363800845894,0.15575981555544077,0,0,0,0,0,0,1,0,0,0
0,0,0,0,0,0,0,0,-0.12186363800845887,0.15575981555544058,0,0,0,0,0,1,0,0
0,0,0,0,0,0,0,0,-0.12063887782746929,0.15106353970954811,0,0,0,0,0,1,0,0
0,0,0,0,0,0,0,0,-0.11941411764647987,0.14641470099341186,0,0,0,0,0,1,0,0
0,0,0,0,0,0,0,0,-0.11818935746549031,0.14181329940703216,0,0,0,0,0,1,0,0
0,0,0,0,0,0,0,0,-0.11696459728450079,0.13725933495040898,0,0,0,0,0,1,0,0
0.0030656620097151326,0.012262648038391657,-0.016305895474487277,0.0020006276531579453,0.0091139704198231059,-0.011754219319435806,0,0,-0.11573983710351125,0.13275280762354227,0,0,0,0,0,1,0,0
0.036089408297886365,0.054134109620777776,-0.074917996613519527,0.030862225417982513,0.050354155737777809,-0.070553789430763306,0,0,-0.11451507692252172,0.12829371742643203,0,0,0,0,0,1,0,0
0.10081872239396775,0.067212178092789385,-0.064329366110539576,0.09404906157110815,0.068104284188427303,-0.069705501646110904,0,0,-0.11329031674153218,0.12388206435907829,0,0,0,0,0,1,0,0
0.15629094533107118,0.039066470034116618,0.012945326637264776,0.15219062570768052,0.042920702564031507,0.0047885105859018142,0,0,-0.11206555656054262,0.11951784842148105,0,0,0,0,0,1,0,0
0.17544116219546385,-5.2415144773692382e-05,0.073256518763553657,0.1752682254608452,0.0035332458209021136,0.069515130253067423,0,0,-0.1108407963795531,0.11520106961364032,0,0,0,0,0,1,0,0
0.1604745984542893,-0.026993337398532762,0.081927714818638697,0.16308038950176537,-0.025092911489813543,0.083110657033519331,0,0,-0.10961603619856357,0.11093172793555604,0,0,0,0,0,1,0,0
0.12716489793477329,-0.037121071349244264,0.055692264987694529,0.13085924616303876,-0.036745909588471883,0.059046510131699287,0,0,-0.10839127601757403,0.10670982338722827,0,0,0,0,0,1,0,0
0.090099331690725648,-0.035667661761339106,0.021974177676849227,0.09368989766653775,-0.036135111333190868,0.025107692770746749,0,0,-0.1071665158365845,0.102535355968657,0,0,0,0,0,1,0,0
0.057488434962452054,-0.029148687076090682,-0.00305086148935374,0.060440226939818931,-0.029885900043199059,-0.0011166468888574854,0,0,-0.10594175565559495,0.098408325679842215,0,0,0,0,0,1,0,0
0.032046929863623355,-0.021809809870259031,-0.015711452163996026,0.036185508919027089,-0.011800020133762142,-0.027981271934511106,0,0,-0.10471699547460542,0.094328732520783914,0,0,0,0,0,1,0,0
0.013523199918010272,-0.015459939529586065,-0.018870137126708597,0.062741767657700898,0.072198586985633251,-0.14395055412569829,0,0,-0.10349223529361588,0.090296576491482122,0,0,0,0,0,1,0,0
0.00067545204475492773,-0.010448335935362416,-0.01681967177270937,0.16931649060809176,0.12608628596236043,-0.16933016244366558,0,0,-0.10226747511262635,0.086311857591936811,0,0,0,0,0,1,0,0
-0.0077521916664017171,-0.0065724172211529342,-0.012888657689633619,0.2835013185384867,0.089918976856733931,-0.028721316503154092,0,0,-0.10104271493163682,0.082374575822147994,0,0,0,0,0,1,0,0
-0.012760399940664992,-0.0035734577447091498,-0.0089608078467229811,0.33615622479493679,0.014469851601200193,0.1162442960583822,0,0,-0.099817954750647267,0.078484731182115672,0,0,0,0,0,1,0,0
-0.015136856322163416,-0.0012905254146170775,-0.0058080275577303449,0.31816648244162843,-0.045258105192813355,0.16211740635655236,0,0,-0.098593194569657733,0.07464232367183983,0,0,0,0,0,1,0,0
-0.015552907908972456,0.00035746464344399811,-0.0035667455091808065,0.25703247606605767,-0.071645268337372822,0.12402599242871173,0,0,-0.097368434388668199,0.070847353291320497,0,0,0,0,0,1,0,0
-0.014613627731408684,0.0014311072061666515,-0.0020975137095526563,0.18356949336522368,-0.072101941435763761,0.057743829323218761,0,0,-0.096143674207678664,0.067099820040557631,0,0,0,0,0,1,0,0
-0.012856103472527478,0.0020094520492811674,-0.0011901227536411133,0.11697278366187137,-0.059972973114024483,0.0028270824925476518,0,0,-0.094918914026689116,0.063399723919551274,0,0,0,0,0,1,0,0
-0.010725107747490071,0.0021970705843128678,-0.00065516514647830234,0.064514478799193462,-0.044987802117504,-0.027875291726154709,0,0,-0.093694153845699582,0.059747064928301417,0,0,0,0,0,1,0,0
-0.0085531781586946961,0.0021108124913744937,-0.0003514290680204835,0.026387788863060299,-0.03171605684001165,-0.03781831899804812,0,0,-0.092469393664710048,0.056141843066808028,0,0,0,0,0,1,0,0
-0.0065576569939135229,0.001861327417853787,-0.0001842963498307319,0.00012227119593317742,-0.021279298341438071,-0.035417075402441038,0,0,-0.091244633483720514,0.052584058335071147,0,0,0,0,0,1,0,0
-0.0048544530952973706,0.0015391532984937132,-9.474775195560704e-05,-0.017001978149703126,-0.013330600199411669,-0.027944575450638505,0,0,-0.090019873302730979,0.049073710733090754,0,0,0,0,0,1,0,0
-0.0034818303279925229,0.0012086783395505029,-4.7859020936456247e-05,-0.027163713772133384,-0.0072642219296802021,-0.019825000905361954,0,0,-0.088795113121741431,0.045610800260866856,0,0,0,0,0,1,0,0
-0.0024266218746080686,0.0009089394537792235,-2.3796293575093238e-05,-0.032016530875495677,-0.002663456324154679,-0.013046289383197495,0,0,-0.087570352940751897,0.042195326918399445,0,0,0,0,0,1,0,0
0,0,0,-0.031193417147906494,2.1519637637175409e-06,-0.0080959487230368287,0,0,-0.086345592759762363,0.038827290705688536,0,0,0,0,0,1,0,0
0,0,0,-0.029887188277406163,0.0024240971903360851,-0.0048093093070404724,0,0,-0.085120832578772829,0.035506691622734107,0,0,0,0,0,1,0,0
0,0,0,-0.026690947254831773,0.0038108165405539222,-0.0027518599079397622,0,0,-0.083896072397783295,0.032233529669536173,0,0,0,0,0,1,0,0
0,0,0,-0.022545084724713407,0.0043601164353595486,-0.0015257941876618743,0,0,-0.082671312216793746,0.029007804846094734,0,0,0,0,0,1,0,0
0,0,0,-0.018172801844757749,0.0043030070393072408,-0.00082351057197652935,0,0,-0.081446552035804212,0.025829517152409782,0,0,0,0,0,1,0,0
0,0,0,-0.014064957368520802,0.0038670160266688789,-0.00043420673812400172,0,0,-0.080221791854814678,0.022698666588481325,0,0,0,0,0,1,0,0
0,0,0,-0.01050018963620415,0.0032450138412613138,-0.00022429642310612481,0,0,-0.078997031673825144,0.019615253154309356,0,0,0,0,0,1,0,0
0,0,0,-0.0075889584325006566,0.0025791509217201617,-0.00011377945877684146,0,0,-0.077772271492835596,0.016579276849893881,0,0,0,0,0,1,0,0
0.00041283058411728236,0.003265760299894417,-0.0034965473828001132,-0.0053259948786361132,0.0019594908145032842,-5.6789211905131017e-05,0,0,-0.076547511311846061,0.013590737675234903,0,0,0,0,0,1,0,0
0.028694134031084853,0.065909028847059015,-0.09371800077206191,0,0,0,0,0,-0.075322751130856527,0.010649635630332411,0,0,0,0,0,1,0,0
0.13373541676207845,0.13309479827284304,-0.16349319264517262,0,0,0,0,0,-0.074097990949866993,0.0077559707151864127,0,0,0,0,0,1,0,0
0.2640396379339745,0.11300232527892795,-0.056766825780062626,0,0,0,0,0,-0.072873230768877445,0.0049097429297969035,0,0,0,0,0,1,0,0
0.3412349999298363,0.03796832672099261,0.097597812428183051,0,0,0,0,0,-0.071648470587887911,0.0021109522741638923,0,0,0,0,0,1,0,0
0.34239780070765952,-0.03121611124053536,0.16690291279789229,0,0,0,0,0,-0.070423710406898377,-0.0006404012517126328,0,0,0,0,0,1,0,0
0.29004036636586528,-0.067724875241102309,0.14244008171444247,0,0,0,0,0,-0.069198950225908842,-0.0033443176478326676,0,0,0,0,0,1,0,0
0.21688249193749209,-0.07472033331579199,0.076862680142816442,0,0,0,0,0,-0.067974190044919294,-0.0060007969141962075,0,0,0,0,0,1,0,0
0.14600293111877802,-0.065397851295241199,0.015956670847678805,1.5001568968809593e-05,0.00023502458051132311,-0.00018521235566050192,0,0,-0.066749429863929774,-0.0086098390508032533,0,0,0,0,0,1,0,0
0.090831607159574876,-0.03858553096434237,-0.037845012638108869,0.0084324289174704959,0.023999989982200782,-0.033717547203392324,0,0,-0.06552466968294024,-0.011171444057653815,0,0,0,0,0,1,0,0
0.080134382831650766,0.017185173737422964,-0.11125173786454352,0.053775022174812337,0.06312718513071286,-0.08243924816098222,0,0,-0.064299909501950692,-0.013685611934747878,0,0,0,0,0,1,0,0
0.11381580952637464,0.041610453068815938,-0.10080393076355476,0.12028615584641568,0.061964741603875967,-0.044210851879443971,0,0,-0.063075149320961157,-0.016152342682085451,0,0,0,0,0,1,0,0
0.14828529238401733,0.022283913841244073,-0.016927578567347029,0.16621890024520686,0.027046113374258447,0.035776047573449994,0,0,-0.061850389139971623,-0.01857163629966653,0,0,0,0,0,1,0,0
0.15420957333840463,-0.010011960905479338,0.051539060084967094,0.1739086436060403,-0.0099316766009128268,0.081132486752563848,0,0,-0.060625628958982082,-0.020943492787491122,0,0,0,0,0,1,0,0
0.13202979249097291,-0.031697418098633572,0.067380149126658184,0.15163922544912667,-0.031653763375670489,0.076376082252307687,0,0,-0.059400868777992548,-0.023267912145559212,0,0,0,0,0,1,0,0
0.096079886270012543,-0.037908746190727191,0.046525973938487668,0.11593627079835833,-0.037578664685791817,0.04534163843726529,0,0,-0.058176108597003014,-0.025544894373870822,0,0,0,0,0,1,0,0
0.059675498744743143,-0.033749482472611392,0.016470296946294798,0.079640619603631918,-0.033996716951247244,0.013191541724351078,0,0,-0.056951348416013473,-0.02777443947242593,0,0,0,0,0,1,0,0
0.029880411053703398,-0.025600845490957126,-0.0062283292210759062,0.049078983484507996,-0.026911066136337227,-0.0080871675340475867,0,0,-0.055726588235023938,-0.029956547441224553,0,0,0,0,0,1,0,0
0.0084212614031151968,-0.017523410028419714,-0.017486576107614935,0.025813216577195316,-0.019766441049943188,-0.017457518664192088,0,0,-0.054501828054034397,-0.032091218280266696,0,0,0,0,0,1,0,0
-0.0057338454987462522,-0.011100263097723998,-0.019834463367569128,0.0091341730407247385,-0.01382060331906429,-0.018622274687233788,0,0,-0.053277067873044856,-0.034178451989552328,0,0,0,0,0,1,0,0
-0.014375069093248703,-0.0064489968468339964,-0.017331014674796967,-0.0022662551392722582,-0.0091794164807069006,-0.015725585179064305,0,0,-0.052052307692055329,-0.036218248569081471,0,0,0,0,0,1,0,0
-0.019086671550903225,-0.0031634233570599496,-0.013154122245432118,-0.0095746854463176663,-0.005590083078854528,-0.011657783695008049,0,0,-0.050827547511065788,-0.038210608018854127,0,0,0,0,0,1,0,0
-0.021017184735833354,-0.00082936899893642027,-0.0090960698651783092,-0.013717570463348136,-0.0028180928617240605,-0.0079189507874744824,0,0,-0.049602787330076253,-0.040155530338870295,0,0,0,0,0,1,0,0
-0.020973285500131906,0.00081670917079260639,-0.0058758080279697027,-0.015438848113091075,-0.00073213106247008424,-0.0050433382588902899,0,0,-0.048378027149086712,-0.042053015529129954,0,0,0,0,0,1,0,0
-0.015552907908972456,0.00035746464344399811,-0.0035667455091808065,-0.01538749375286359,0.00073680236265364068,-0.0030542742598633388,0,0,-0.047153266968097178,-0.043903063589633133,0,0,0,0,0,1,0,0
-0.014596442880431666,0.00171853055487496,-0.0023154125275366313,-0.014150031619792553,0.0016522849553162106,-0.0017757423808683647,0,0,-0.04592850678710763,-0.045705674520379817,0,0,0,0,0,1,0,0
0.001821888622562798,0.04578705875568273,-0.062330941640770368,-0.012238615957619372,0.0021015165659720048,-0.00099794001308035007,0,0,-0.044703746606118103,-0.047460848321370028,0,0,0,0,0,1,0,0
0.090636471047378014,0.12588895535399311,-0.16402813225557208,-0.010065775507785727,0.0021946424031905379,-0.00054488817143054727,0,0,-0.043478986425128568,-0.049168584992603737,0,0,0,0,0,1,0,0
0.22571216488008661,0.1281882335436072,-0.096044681533704324,-0.007928950405602932,0.0020485115415834853,-0.00029021025759506361,0,0,-0.04225422624413902,-0.050828884534080937,0,0,0,0,0,1,0,0
0.32297284438345519,0.060004254572657977,0.064095539204348226,-0.0060129964037747841,0.0017688566060106818,-0.00015124830558034679,0,0,-0.041029466063149493,-0.052441746945801657,0,0,0,0,0,1,0,0
0.34380055072755467,-0.015187850131150253,0.16009581198604639,-0.0044077853496477101,0.0014386486685248907,-7.7330687847612534e-05,0,0,-0.039804705882159945,-0.054007172227765902,0,0,0,0,0,1,0,0
0.30289418133050838,-0.06071492022512312,0.15485726774647912,-0.0031334586756611498,0.0011143434434593381,-3.8869902738239613e-05,0,0,-0.038579945701170418,-0.055525160379973633,0,0,0,0,0,1,0,0
0.23320217320365688,-0.074199819811768153,0.094135330903508924,0,0,0,0,0,-0.037355185520180884,-0.056995711402424883,0,0,0,0,0,1,0,0
0.16271102053417402,-0.068589780270830861,0.02920031508728135,0,0,0,0,0,-0.036130425339191342,-0.058418825295119624,0,0,0,0,0,1,0,0
0.10088645353041377,-0.054569765152694322,-0.014621500955095512,0,0,0,0,0,-0.034905665158201808,-0.059794502058057898,0,0,0,0,0,1,0,0
0.053636417201916683,-0.040201793785344567,-0.034421277541691456,0,0,0,0,0,-0.033680904977212267,-0.061122741691239657,0,0,0,0,0,1,0,0
0.019676939601025106,-0.028174103437592683,-0.037371630643502622,0,0,0,0,0,-0.032456144796222733,-0.062403544194664921,0,0,0,0,0,1,0,0
-0.0035940516629862809,-0.018770941798960536,-0.031829346923911012,0,0,0,0,0,-0.031231384615233195,-0.063636909568333733,0,0,0,0,0,1,0,0
-0.018574474798302841,-0.011499282970118072,-0.023723060869321452,0,0,0,0,0,-0.030006624434243657,-0.064822837812246015,0,0,0,0,0,1,0,0
-0.027141145651113759,-0.0058810472876756796,-0.016176443002683706,0,0,0,0,0,-0.028781864253254116,-0.065961328926401816,0,0,0,0,0,1,0,0
-0.030795540323696621,-0.0016441508696365468,-0.010332400533315595,0,0,0,0,0,-0.027557104072264586,-0.067052382910801137,0,0,0,0,0,1,0,0
-0.030842674627232565,0.0013528101695285985,-0.0062719602027197455,0,0,0,0,0,-0.026332343891275048,-0.068095999765443962,0,0,0,0,0,1,0,0
-0.028461885694725866,0.0032356601343510902,-0.0036534957824237864,0,0,0,0,0,-0.02510758371028551,-0.069092179490330294,0,0,0,0,0,1,0,0
-0.024686065563348139,0.0041760686642146171,-0.002056529663665129,0,0,0,0,0,-0.023882823529295969,-0.070040922085460117,0,0,0,0,0,1,0,0
-0.02035120292924017,0.004392631557812228,-0.0011244479850070358,0,0,0,0,0,-0.022658063348306435,-0.070942227550833473,0,0,0,0,0,1,0,0
-0.01606387399039267,0.0041192362816932452,-0.00059960774794925792,0,0,0,0,0,-0.021433303167316897,-0.07179609588645032,0,0,0,0,0,1,0,0
-0.012204452899960298,0.0035691155117497982,-0.00031282682192906186,0,0,0,0,0,-0.020208542986327363,-0.072602527092310673,0,0,0,0,0,1,0,0
-0.0089611092036404535,0.0029107796781113618,-0.00016009298833915352,0,0,0,0,0,-0.018983782805337825,-0.073361521168414531,0,0,0,0,0,1,0,0
-0.0063799023835800035,0.0022597650442430835,-8.0537400380030147e-05,0,0,0,0,0,-0.017759022624348288,-0.074073078114761923,0,0,0,0,0,1,0,0
0,0,0,0,0,0,0,0,-0.01653426244335875,-0.074737197931352806,0,0,0,0,0,1,0,0
0,0,0,0,0,0,0,0,-0.015309502262369214,-0.075353880618187208,0,0,0,0,0,1,0,0
0,0,0,0,0,0,0,0,-0.014084742081379676,-0.075923126175265088,0,0,0,0,0,1,0,0
0,0,0,0,0,0,0,0,-0.012859981900390139,-0.076444934602586515,0,0,0,0,0,1,0,0
0,0,0,0,0,0,0,0,-0.011635221719400603,-0.076919305900151433,0,0,0,0,0,1,0,0
0,0,0,5.9383925936572835e-05,0.00071020617337319884,-0.00063626286754440617,0,0,-0.010410461538411065,-0.077346240067959857,0,0,0,0,0,1,0,0
0,0,0,0.01729771030064085,0.048197423577045255,-0.067700409984099999,0,0,-0.0091857013574215274,-0.077725737106011786,0,0,0,0,0,1,0,0
0,0,0,0.10778263012386473,0.12577708827940087,-0.16382264459305479,0,0,-0.0079609411764319914,-0.078057797014307234,0,0,0,0,0,1,0,0
0,0,0,0.24033951080640825,0.1235751877311031,-0.087994947483906544,0,0,-0.0067361809954424538,-0.078342419792846174,0,0,0,0,0,1,0,0
0,0,0,0.33203229410898288,0.054088229895431113,0.071141455050317659,0,0,-0.0055114208144529169,-0.078579605441628633,0,0,0,0,0,1,0,0
0,0,0,0.34751196633526149,-0.019695977203445195,0.16173138313876587,0,0,-0.0042866606334633801,-0.078769353960654598,0,0,0,0,0,1,0,0
0,0,0,0.30314825573475984,-0.063144466917684189,0.15249164044954022,0,0,-0.0030619004524738429,-0.078911665349924082,0,0,0,0,0,1,0,0
0,0,0,0.23187245702970774,-0.075063083229150701,0.090684818152327831,0,0,-0.0018371402714843056,-0.079006539609437071,0,0,0,0,0,1,0,0
0,0,0,0.15934254651434265,-0.067960782689382174,0.026501109545624183,0,0,-0.00061238009049476862,-0.079053976739193565,0,0,0,0,0,1,0,0
0,0,0,0.098232684423970401,-0.05382339795184872,-0.016051642424099961,0,0,0.00061238009049476743,-0.079053976739193565,0,0,0,0,0,1,0,0
0,0,0,0.051692682953321023,-0.039545781047922335,-0.03483292635521805,0,0,0.0018371402714843067,-0.079006539609437071,0,0,0,0,0,1,0,0
0,0,0,0.021548564631970718,-0.012098948328533646,-0.056950795137952773,0,0,0.0030619004524738438,-0.078911665349924082,0,0,0,0,0,1,0,0
0,0,0,0.052399024035563506,0.078257960134259646,-0.16742005604970289,0,0,0.004286660633463381,-0.078769353960654598,0,0,0,0,0,1,0,0
0,0,0,0.16214478722113099,0.12544086486115857,-0.16728629832681413,0,0,0.0055114208144529178,-0.078579605441628633,0,0,0,0,0,1,0,0
0,0,0,0.27249086699518682,0.083919629811912991,-0.014579054034953649,0,0,0.0067361809954424546,-0.078342419792846188,0,0,0,0,0,1,0,0
0,0,0,0.31913854063198516,0.0093070941868908449,0.12463221160763185,0,0,0.0079609411764319914,-0.07805779701430722,0,0,0,0,0,1,0,0
0,0,0,0.29780443115527416,-0.046638808014505678,0.16090320003782943,0,0,0.0091857013574215291,-0.077725737106011786,0,0,0,0,0,1,0,0
0,0,0,0.23707580000228973,-0.06969321119371874,0.11780307384437755,0,0,0.010410461538411065,-0.077346240067959857,0,0,0,0,0,1,0,0
0,0,0,0.16653972902003417,-0.068483962176989766,0.051438390310989929,0,0,0.011635221719400603,-0.076919305900151433,0,0,0,0,0,1,0,0
0,0,0,0.10377353509407673,-0.056113070832580797,-0.0012610877612569348,0,0,0.012859981900390139,-0.076444934602586501,0,0,0,0,0,1,0,0
0,0,0,0.057010744199610025,-0.031874936638345126,-0.041958910543611352,0,0,0.014084742081379676,-0.075923126175265102,0,0,0,0,0,1,0,0
0,0,0,0.061713402327389366,0.049655941657626809,-0.14877641746095532,0,0,0.015309502262369214,-0.075353880618187208,0,0,0,0,0,1,0,0
0,0,0,0.15002324288627361,0.11394980734627691,-0.18736729584774753,0,0,0.01653426244335875,-0.074737197931352806,0,0,0,0,0,1,0,0
0,0,0,0.25883463642553983,0.090425036555098343,-0.058820069763674113,0,0,0.017759022624348284,-0.074073078114761909,0,0,0,0,0,1,0,0
0,0,0,0.31960679576913431,0.01857303233088612,0.093130690513154396,0,0,0.018983782805337825,-0.073361521168414531,0,0,0,0,0,1,0,0
0,0,0,0.30600928272827932,-0.041177190714596412,0.15333824545779984,0,0,0.020208542986327363,-0.072602527092310673,0,0,0,0,0,1,0,0
0,0,0,0.2480922770346832,-0.069325085644037387,0.12530942112033211,0,0,0.021433303167316897,-0.07179609588645032,0,0,0,0,0,1,0,0
0,0,0,0.17623425761585115,-0.071061606726010862,0.062419686591333151,0,0,0.022658063348306435,-0.070942227550833473,0,0,0,0,0,1,0,0
0,0,0,0.11040702345017947,-0.059353854243737382,0.0067779718240288112,0,0,0.023882823529295973,-0.070040922085460131,0,0,0,0,0,1,0,0
0,0,0,0.058580106669844548,-0.044300922309268687,-0.025897270773219069,0,0,0.02510758371028551,-0.069092179490330294,0,0,0,0,0,1,0,0
0,0,0,0.021223277841089499,-0.03087127911019415,-0.037498306131796208,0,0,0.026332343891275048,-0.068095999765443962,0,0,0,0,0,1,0,0
0,0,0,-0.0041604136784935087,-0.02038421784628704,-0.036015161736926309,0,0,0.027557104072264586,-0.067052382910801137,0,0,0,0,0,1,0,0
0,0,0,-0.020420836450792505,-0.012516182757322523,-0.028848995919157273,0,0,0.028781864253254116,-0.06596132892640183,0,0,0,0,0,1,0,0
0,0,0,-0.029842200434266573,-0.0066043003352064811,-0.020685599732857649,0,0,0.030006624434243657,-0.064822837812246029,0,0,0,0,0,1,0,0
0,0,0,-0.034118261389661605,-0.0021671316267622871,-0.013723833456103821,0,0,0.031231384615233192,-0.063636909568333733,0,0,0,0,0,1,0,0
0,0,0,-0.03108513260847881,-0.0003388298708170764,-0.0085594468983769285,0,0,0.032456144796222726,-0.062403544194664942,0,0,0,0,0,1,0,0
0,0,0,-0.030060608417869648,0.002199595691006296,-0.0051136655798657352,0,0,0.033680904977212267,-0.061122741691239678,0,0,0,0,0,1,0,0
0,0,0,-0.027036716558171622,0.0036875948960419756,-0.0029400350325787931,0,0,0.034905665158201801,-0.059794502058057905,0,0,0,0,0,1,0,0
0,0,0,-0.022971878257620641,0.0043174850404106048,-0.0016368154419262469,0,0,0.036130425339191342,-0.058418825295119638,0,0,0,0,0,1,0,0
0.00041283058411733858,0.0032657602998946125,-0.0034965473828004112,-0.018611735293274437,0.0043173983142781921,-0.00088657764603990673,0,0,0.037355185520180877,-0.05699571140242489,0,0,0,0,0,1,0,0
0.028694134031084808,0.065909028847058515,-0.093718000772061077,-0.01447053684570559,0.0039158259742513267,-0.00046892205547070407,0,0,0.038579945701170411,-0.055525160379973633,0,0,0,0,0,1,0,0
0.13373541676207776,0.13309479827284248,-0.16349319264517198,-0.010847742594907211,0.0033095680688873183,-0.00024290127354035563,0,0,0.039804705882159945,-0.054007172227765902,0,0,0,0,0,1,0,0
0.26403963793397367,0.11300232527892809,-0.056766825780063389,-0.0078698934511324502,0.0026460520680785357,-0.00012352287531367326,0,0,0.041029466063149493,-0.052441746945801671,0,0,0,0,0,1,0,0
0.3412349999298358,0.037968326720993095,0.097597812428181996,-0.0055424699129673939,0.0020205315178126425,-6.1790013677186475e-05,0,0,0.042254226244139027,-0.050828884534080951,0,0,0,0,0,1,0,0
0.34239780070765952,-0.03121611124053492,0.16690291279789179,0,0,0,0,0,0.043478986425128568,-0.049168584992603737,0,0,0,0,0,1,0,0
0.29004036636586561,-0.067724875241102087,0.14244008171444264,0,0,0,0,0,0.044703746606118103,-0.047460848321370028,0,0,0,0,0,1,0,0
0.21688249193749251,-0.074720333315791948,0.076862680142816844,0,0,0,0,0,0.04592850678710763,-0.045705674520379831,0,0,0,0,0,1,0,0
0.14600293111877843,-0.065397851295241255,0.015956670847679183,0,0,0,0,0,0.047153266968097178,-0.04390306358963314,0,0,0,0,0,1,0,0
0.087780946718828898,-0.050613154422222743,-0.021724329519281917,5.7200643928364882e-05,0.00065780740517620796,-0.00060357640522092938,0,0,0.048378027149086712,-0.042053015529129961,0,0,0,0,0,1,0,0
0.052477403451235465,-0.01294894590115361,-0.070051288454416966,0.011052147123020866,0.02841980685284403,-0.040277138300362399,0,0,0.049602787330076253,-0.040155530338870295,0,0,0,0,0,1,0,0
0.066772109307220148,0.037525460106739593,-0.11891381281399743,0.060196073503808324,0.065212388640433147,-0.082888925644942948,0,0,0.050827547511065788,-0.038210608018854141,0,0,0,0,0,1,0,0
0.11228050289936264,0.045182185411003085,-0.07408375708405493,0.12636032361404187,0.059462508282746546,-0.036512546897667454,0,0,0.052052307692055315,-0.036218248569081485,0,0,0,0,0,1,0,0
0.14498731138814802,0.017086567613552303,0.014058588894864159,0.16872069297682066,0.022991416114885834,0.042637667069587819,0,0,0.053277067873044863,-0.034178451989552334,0,0,0,0,0,1,0,0
0.1454638376427238,-0.014635757301014005,0.066584921060583488,0.17276560611844985,-0.012900650374713682,0.082673310153327434,0,0,0.054501828054034397,-0.032091218280266696,0,0,0,0,0,1,0,0
0.12055421378436558,-0.032441438217153583,0.067209791203100527,0.14841146952538592,-0.032874631728680867,0.073962595934432537,0,0,0.055726588235023938,-0.029956547441224564,0,0,0,0,0,1,0,0
0.085512437852375403,-0.035660485397064116,0.039837757706710442,0.11217993274980154,-0.037532988649395117,0.041867329392509492,0,0,0.056951348416013473,-0.027774439472425947,0,0,0,0,0,1,0,0
0.052032595694882861,-0.030448875366113622,0.010014073992628592,0.076272145583800965,-0.033367719369798612,0.010492336182694243,0,0,0.058176108597003,-0.025544894373870829,0,0,0,0,0,1,0,0
0.025453315023999508,-0.022624666294497831,-0.0098622914776666654,0.046425214378064954,-0.026164698935491709,-0.0095173090030518468,0,0,0.059400868777992541,-0.02326791214555923,0,0,0,0,0,1,0,0
0.0065561711604385474,-0.015406764618081051,-0.018421844905052668,0.023869482328599898,-0.019110428312521032,-0.017869167477718623,0,0,0.060625628958982082,-0.020943492787491125,0,0,0,0,0,1,0,0
-0.005916348097279072,-0.0098212642305358089,-0.019133617589321372,0.0077782027938318888,-0.013300998659376962,-0.018455779314536409,0,0,0.061850389139971623,-0.018571636299666544,0,0,0,0,0,1,0,0
-0.013600735023773888,-0.0057704226166138675,-0.015991049734862758,-0.003164028851491646,-0.0087777788161256046,-0.01533689639437808,0,0,0.063075149320961157,-0.016152342682085461,0,0,0,0,0,1,0,0
-0.017831470241486107,-0.0028459943330817602,-0.011793045713463334,-0.01011807514600116,-0.0052790420204735051,-0.011254373730193798,0,0,0.064299909501950692,-0.013685611934747884,0,0,0,0,0,1,0,0
-0.019553999641316669,-0.00071085827631434638,-0.0079867312577138055,-0.013987420698705696,-0.0025800396650506974,-0.0075894446075782055,0,0,0.065524669682940226,-0.01117144405765382,0,0,0,0,0,1,0,0
-0.015438848113091081,-0.00073213106247006451,-0.005043338258890263,-0.015503324076468547,-0.00055841191746068455,-0.004806627493629219,0,0,0.066749429863929774,-0.0086098390508032637,0,0,0,0,0,1,0,0
-0.015387493752863579,0.0007368023626536539,-0.003054274259863321,-0.015308005655165902,0.00085203941514714763,-0.0028979851732819227,0,0,0.067974190044919308,-0.0060007969141962153,0,0,0,0,0,1,0,0
-0.014150031619792534,0.0016522849553162178,-0.0017757423808683536,-0.013981553190388005,0.0017165116209551432,-0.0016787053860209036,0,0,0.069198950225908842,-0.0033443176478326758,0,0,0,0,0,1,0,0
-0.012238615957619348,0.0021015165659720074,-0.00099794001308034356,-0.012027265181038792,0.002124914401076029,-0.00094049484179199532,0,0,0.07042371040689839,-0.00064040125171264495,0,0,0,0,0,1,0,0
-0.010065775507785705,0.0021946424031905371,-0.00054488817143054347,-0.0098465783596401076,0.0021889130459513302,-0.00051216371545426283,0,0,0.071648470587887925,0.0021109522741638788,0,0,0,0,0,1,0,0
-0.0079289504056029112,0.0020485115415834827,-0.00029021025759506155,-0.007725265124978415,0.0020249828073192941,-0.00027215396424957322,0,0,0.072873230768877459,0.0049097429297968939,0,0,0,0,0,1,0,0
-0.0060129964037747641,0.0017688566060106779,-0.00015124830558034565,-0.0058377012709751952,0.0017369713346884021,-0.00014155147996585473,0,0,0.074097990949867007,0.0077559707151864015,0,0,0,0,0,1,0,0
-0.0044077853496476945,0.0014386486685248868,-7.7330687847611965e-05,-0.0042655914735653102,0.0014052456468099776,-7.2243256925805913e-05,0,0,0.075322751130856541,0.0106496356303324,0,0,0,0,0,1,0,0
-0.0031334586756611368,0.0011143434434593346,-3.8869902738239321e-05,-0.0030235617771667759,0.0010836624854839809,-3.6254611428768932e-05,0,0,0.076547511311846075,0.013590737675234891,0,0,0,0,0,1,0,0
0,0,0,0,0,0,0,0,0.07777227149283561,0.016579276849893868,0,0,0,0,0,1,0,0
0,0,0,0,0,0,0,0,0.078997031673825144,0.019615253154309349,0,0,0,0,0,1,0,0
0,0,0,0,0,0,0,0,0.080221791854814678,0.022698666588481312,0,0,0,0,0,1,0,0
0,0,0,0,0,0,0,0,0.081446552035804212,0.025829517152409779,0,0,0,0,0,1,0,0
0,0,0,0,0,0,0,0,0.082671312216793746,0.029007804846094717,0,0,0,0,0,1,0,0
0,0,0,0,0,0,0,0,0.083896072397783295,0.03223352966953616,0,0,0,0,0,1,0,0
0,0,0,0,0,0,0,0,0.085120832578772829,0.0355066916227341,0,0,0,0,0,1,0,0
0,0,0,0,0,0,0,0,0.086345592759762363,0.038827290705688515,0,0,0,0,0,1,0,0
0,0,0,0,0,0,0,0,0.087570352940751897,0.042195326918399438,0,0,0,0,0,1,0,0
0,0,0,0,0,0,0,0,0.088795113121741431,0.045610800260866849,0,0,0,0,0,1,0,0
0,0,0,0,0,0,0,0,0.090019873302730979,0.04907371073309074,0,0,0,0,0,1,0,0
0,0,0,0,0,0,0,0,0.091244633483720514,0.052584058335071127,0,0,0,0,0,1,0,0
0,0,0,0,0,0,0,0,0.092469393664710048,0.056141843066808021,0,0,0,0,0,1,0,0
0,0,0,0,0,0,0,0,0.093694153845699582,0.059747064928301383,0,0,0,0,0,1,0,0
0,0,0,0,0,0,0,0,0.094918914026689116,0.06339972391955126,0,0,0,0,0,1,0,0
0,0,0,0,0,0,0,0,0.096143674207678664,0.067099820040557631,0,0,0,0,0,1,0,0
0,0,0,0,0,0,0,0,0.097368434388668185,0.070847353291320483,0,0,0,0,0,1,0,0
0,0,0,0,0,0,0,0,0.098593194569657733,0.07464232367183983,0,0,0,0,0,1,0,0
0,0,0,0,0,0,0,0,0.099817954750647267,0.078484731182115644,0,0,0,0,0,1,0,0
0,0,0,0,0,0,0,0,0.10104271493163682,0.082374575822147966,0,0,0,0,0,1,0,0
0,0,0,0,0,0,0,0,0.10226747511262635,0.086311857591936783,0,0,0,0,0,1,0,0
0,0,0,0,0,0,0,0,0.10349223529361587,0.090296576491482095,0,0,0,0,0,1,0,0
0,0,0,0,0,0,0,0,0.10471699547460542,0.094328732520783901,0,0,0,0,0,1,0,0
0,0,0,0,0,0,0,0,0.10594175565559495,0.098408325679842215,0,0,0,0,0,1,0,0
0,0,0,0,0,0,0,0,0.1071665158365845,0.102535355968657,0,0,0,0,0,1,0,0
0,0,0,0,0,0,0,0,0.10839127601757403,0.10670982338722827,0,0,0,0,0,1,0,0
0,0,0,0,0,0,0,0,0.10961603619856355,0.11093172793555602,0,0,0,0,0,1,0,0
0,0,0,0,0,0,0,0,0.1108407963795531,0.11520106961364028,0,0,0,0,0,1,0,0
0,0,0,0,0,0,0,0,0.11206555656054264,0.11951784842148101,0,0,0,0,0,1,0,0
0,0,0,0,0,0,0,0,0.11329031674153218,0.12388206435907828,0,0,0,0,0,1,0,0
0,0,0,0,0,0,0,0,0.11451507692252172,0.128293717426432,0,0,0,0,0,1,0,0
0,0,0,0,0,0,0,0,0.11573983710351124,0.13275280762354225,0,0,0,0,0,1,0,0
0,0,0,0,0,0,0,0,0.11696459728450077,0.13725933495040896,0,0,0,0,0,1,0,0
0,0,0,0,0,0,0,0,0.11818935746549032,0.14181329940703219,0,0,0,0,0,1,0,0
0,0,0,0,0,0,0,0,0.11941411764647988,0.14641470099341189,0,0,0,0,0,1,0,0
0,0,0,0,0,0,0,0,0.1206388778274694,0.15106353970954808,0,0,0,0,0,1,0,0
0,0,0,0,0,0,0,0,0.12186363800845894,0.15575981555544077,0,0,0,0,0,1,0,0
0,0,0,0,0,0,0,0,0,0,-0.12186363800845887,0.15575981555544058,0,0,0,0,1,0
0,0,0,0,0,0,0,0,0,0,-0.12063887782746929,0.15106353970954811,0,0,0,0,1,0
0,0,0,0,0,0,0,0,0,0,-0.11941411764647987,0.14641470099341186,0,0,0,0,1,0
0,0,0,0,0,0,0,0,0,0,-0.11818935746549031,0.14181329940703216,0,0,0,0,1,0
0,0,0,0,0,0,0,0,0,0,-0.11696459728450079,0.13725933495040898,0,0,0,0,1,0
0,0,0,0,0,0,0,0,0,0,-0.11573983710351125,0.13275280762354227,0,0,0,0,1,0
0,0,0,0,0,0,0,0,0,0,-0.11451507692252172,0.12829371742643203,0,0,0,0,1,0
0,0,0,0,0,0,0,0,0,0,-0.11329031674153218,0.12388206435907829,0,0,0,0,1,0
0,0,0,0,0,0,0,0,0,0,-0.11206555656054262,0.11951784842148105,0,0,0,0,1,0
0,0,0,0,0,0,0,0,0,0,-0.1108407963795531,0.11520106961364032,0,0,0,0,1,0
2.1832820082077123e-06,5.2398768196985308e-05,-3.2686462323473191e-05,1.5001568968809593e-05,0.00023502458051132311,-0.00018521235566050192,0,0,0,0,-0.10961603619856357,0.11093172793555604,0,0,0,0,1,0
0.0062455631776197791,0.019777616724200781,-0.027423271683736938,0.0084324289174704959,0.023999989982200782,-0.033717547203392324,0,0,0,0,-0.10839127601757403,0.10670982338722827,0,0,0,0,1,0
0.047586556620055738,0.060564699638967386,-0.080933718948111563,0.053775022174812337,0.06312718513071286,-0.08243924816098222,0,0,0,0,-0.1071665158365845,0.102535355968657,0,0,0,0,1,0
0.11397918719236563,0.06411267944835676,-0.051482400586239867,0.12028615584641568,0.061964741603875967,-0.044210851879443971,0,0,0,0,-0.10594175565559495,0.098408325679842215,0,0,0,0,1,0
0.16331160113216187,0.031096813780545737,0.028503787980728966,0.16621890024520686,0.027046113374258447,0.035776047573449994,0,0,0,0,-0.10471699547460542,0.094328732520783914,0,0,0,0,1,0
0.17474636021681175,-0.0067953268287311384,0.079058072985438127,0.1739086436060403,-0.0099316766009128268,0.081132486752563848,0,0,0,0,-0.10349223529361588,0.090296576491482122,0,0,0,0,1,0
0.15473678620937423,-0.030269835189003134,0.078529044515107893,0.15163922544912667,-0.031653763375670489,0.076376082252307687,0,0,0,0,-0.10226747511262635,0.086311857591936811,0,0,0,0,1,0
0.11969252427990661,-0.037530094579755563,0.048817488759818728,0.11593627079835833,-0.037578664685791817,0.04534163843726529,0,0,0,0,-0.10104271493163682,0.082374575822147994,0,0,0,0,1,0
0.08307040093054209,-0.034593063319583617,0.016008773362930273,0.079640619603631918,-0.033996716951247244,0.013191541724351078,0,0,0,0,-0.099817954750647267,0.078484731182115672,0,0,0,0,1,0
0.056873759708778615,-0.0062820805581431226,-0.034594448214969896,0.049078983484507996,-0.026911066136337227,-0.0080871675340475867,0,0,0,0,-0.098593194569657733,0.07464232367183983,0,0,0,0,1,0
0.094774834340588851,0.084052912623153078,-0.16243554492178078,0.025813216577195316,-0.019766441049943188,-0.017457518664192088,0,0,0,0,-0.097368434388668199,0.070847353291320497,0,0,0,0,1,0
0.20541055052537432,0.12096296216268844,-0.15278422371292066,0.0091341730407247385,-0.01382060331906429,-0.018622274687233788,0,0,0,0,-0.096143674207678664,0.067099820040557631,0,0,0,0,1,0
0.30715377451503645,0.072395647279895559,0.0016300754783175313,-0.0022662551392722582,-0.0091794164807069006,-0.015725585179064305,0,0,0,0,-0.094918914026689116,0.063399723919551274,0,0,0,0,1,0
0.34170959830432379,-0.0024283692151340756,0.13070637184230649,-0.0095746854463176663,-0.005590083078854528,-0.011657783695008049,0,0,0,0,-0.093694153845699582,0.059747064928301417,0,0,0,0,1,0
0.3101314127682897,-0.055149203314297346,0.15678087963694903,-0.013717570463348136,-0.0028180928617240605,-0.0079189507874744824,0,0,0,0,-0.092469393664710048,0.056141843066808028,0,0,0,0,1,0
0.24266745188720756,-0.074779000744882473,0.10944971284496945,-0.015438848113091075,-0.00073213106247008424,-0.0050433382588902899,0,0,0,0,-0.091244633483720514,0.052584058335071147,0,0,0,0,1,0
0.16833404848289546,-0.071186765287655135,0.043864184504740479,-0.01538749375286359,0.00073680236265364068,-0.0030542742598633388,0,0,0,0,-0.090019873302730979,0.049073710733090754,0,0,0,0,1,0
0.10361680782733852,-0.05745121194025507,-0.0060452617797660674,-0.014150031619792553,0.0016522849553162106,-0.0017757423808683647,0,0,0,0,-0.088795113121741431,0.045610800260866856,0,0,0,0,1,0
0.053862512452173314,-0.042249270978599505,-0.031713815996410266,-0.012238615957619372,0.0021015165659720048,-0.00099794001308035007,0,0,0,0,-0.087570352940751897,0.042195326918399445,0,0,0,0,1,0
0.018335542860538633,-0.029295725582898877,-0.038305610641035111,-0.010065775507785727,0.0021946424031905379,-0.00054488817143054727,0,0,0,0,-0.086345592759762363,0.038827290705688536,0,0,0,0,1,0
-0.005717016790542151,-0.019271248588447004,-0.034281641933308508,-0.007928950405602932,0.0020485115415834853,-0.00029021025759506361,0,0,0,0,-0.085120832578772829,0.035506691622734107,0,0,0,0,1,0
-0.021021445785871406,-0.011689085371189843,-0.026352593371815468,-0.0060129964037747841,0.0017688566060106818,-0.00015124830558034679,0,0,0,0,-0.083896072397783295,0.032233529669536173,0,0,0,0,1,0
-0.029703545621704117,-0.0059406220452513127,-0.018368580583281939,-0.0044077853496477101,0.0014386486685248907,-7.7330687847612534e-05,0,0,0,0,-0.082671312216793746,0.029007804846094734,0,0,0,0,1,0
-0.033381220435249589,-0.0016343574369265422,-0.01193115081701045,-0.0031334586756611498,0.0011143434434593381,-3.8869902738239613e-05,0,0,0,0,-0.081446552035804212,0.025829517152409782,0,0,0,0,1,0
-0.030621135808160248,0.0046065558185074268,-0.011666341576435153,0,0,0,0,0,0,0,-0.080221791854814678,0.022698666588481325,0,0,0,0,1,0
0.0023957118483912687,0.073214448073579283,-0.10466909182992684,0,0,0,0,0,0,0,-0.078997031673825144,0.019615253154309356,0,0,0,0,1,0
0.1144290095650442,0.13866383913003599,-0.16532866455937212,0,0,0,0,0,0,0,-0.077772271492835596,0.016579276849893881,0,0,0,0,1,0
0.24817763566103845,0.11457131165920532,-0.050098268124603107,0,0,0,0,0,0,0,-0.076547511311846061,0.013590737675234903,0,0,0,0,1,0
0.32601393400056766,0.0381762122786167,0.1032787193061665,0,0,0,0,0,0,0,-0.075322751130856527,0.010649635630332411,0,0,0,0,1,0
0.3276635497047809,-0.03025986202509947,0.16754709562181719,0,0,0,0,0,0,0,-0.074097990949866993,0.0077559707151864127,0,0,0,0,1,0
0.27683394942281209,-0.065676573153255841,0.1396009898187765,0,0,0,0,0,0,0,-0.072873230768877445,0.0049097429297969035,0,0,0,0,1,0
0.20604900297088014,-0.072138076726902284,0.073309175290545703,0,0,0,0,0,0,0,-0.071648470587887911,0.0021109522741638923,0,0,0,0,1,0
0.13775326381431313,-0.062895058527307909,0.013330507542923375,0,0,0,0,0,0,0,-0.070423710406898377,-0.0006404012517126328,0,0,0,0,1,0
0.085186665935203562,-0.050105060677984439,-0.022849547151501913,0,0,0,0,0,0,0,-0.069198950225908842,-0.0033443176478326676,0,0,0,0,1,0
0.042166180488788271,-0.036306198784040788,-0.036667896515619372,0,0,0,0,0,0,0,-0.067974190044919294,-0.0060007969141962075,0,0,0,0,1,0
0.011692422188420152,-0.025095183373813019,-0.036272253580868788,0,0,0,0,0,0,0,-0.066749429863929774,-0.0086098390508032533,0,0,0,0,1,0
-0.0088637744625573306,-0.01639110273839204,-0.029475746497761419,0,0,0,0,0,0,0,-0.06552466968294024,-0.011171444057653815,0,0,0,0,1,0
-0.021744270945979204,-0.0096564066334892847,-0.021318975057327012,0,0,0,0,0,0,0,-0.064299909501950692,-0.013685611934747878,0,0,0,0,1,0
-0.028691187909494962,-0.004472755144703423,-0.014227251631341812,0,0,0,0,0,0,0,-0.063075149320961157,-0.016152342682085451,0,0,0,0,1,0
-0.031132346510586432,-0.0006163757918575607,-0.0089399361706457431,5.7200643928364882e-05,0.00065780740517620796,-0.00060357640522092938,0,0,0,0,-0.061850389139971623,-0.01857163629966653,0,0,0,0,1,0
-0.025865660873482434,0.017867020800450259,-0.026923233129111226,0.011052147123020866,0.02841980685284403,-0.040277138300362399,0,0,0,0,-0.060625628958982082,-0.020943492787491122,0,0,0,0,1,0
0.014243681339729489,0.061161482434667486,-0.081491853281364907,0.060196073503808324,0.065212388640433147,-0.082888925644942948,0,0,0,0,-0.059400868777992548,-0.023267912145559212,0,0,0,0,1,0
0.08406441546190381,0.070178649593918757,-0.059943329269912506,0.12636032361404187,0.059462508282746546,-0.036512546897667454,0,0,0,0,-0.058176108597003014,-0.025544894373870822,0,0,0,0,1,0
0.14096211408614498,0.039465761322411579,0.019939879418114877,0.16872069297682066,0.022991416114885834,0.042637667069587819,0,0,0,0,-0.056951348416013473,-0.02777443947242593,0,0,0,0,1,0
0.16041312692607052,0.00047549345986942337,0.075941607640134232,0.17276560611844985,-0.012900650374713682,0.082673310153327434,0,0,0,0,-0.055726588235023938,-0.029956547441224553,0,0,0,0,1,0
0.14652519375308959,-0.025341111525913954,0.08013372207404984,0.14841146952538592,-0.032874631728680867,0.073962595934432537,0,0,0,0,-0.054501828054034397,-0.032091218280266696,0,0,0,0,1,0
0.11532098050984335,-0.034669203681033503,0.05214438939440362,0.11217993274980154,-0.037532988649395117,0.041867329392509492,0,0,0,0,-0.053277067873044856,-0.034178451989552328,0,0,0,0,1,0
0.080828399183379848,-0.033074825749986603,0.018873212614594244,0.076272145583800965,-0.033367719369798612,0.010492336182694243,0,0,0,0,-0.052052307692055329,-0.036218248569081471,0,0,0,0,1,0
0.054610692097892835,-0.028405388279398657,-0.0048562530334726392,0.046425214378064954,-0.026164698935491709,-0.0095173090030518468,0,0,0,0,-0.050827547511065788,-0.038210608018854127,0,0,0,0,1,0
0.029900701028317527,-0.021116677550146706,-0.016383268103084679,0.023871665610608106,-0.019058029544324048,-0.017901853940042095,0,0,0,0,-0.049602787330076253,-0.040155530338870295,0,0,0,0,1,0
0.0120053228694725,-0.014899889934118038,-0.018833274475545444,0.017089427981166801,0.018739266103215472,-0.062184946472760627,0,0,0,0,-0.048378027149086712,-0.042053015529129954,0,0,0,0,1,0
-0.00034759125381091224,-0.010014398972921583,-0.016469237090374712,0.080511936066450449,0.10592103044361956,-0.17118861195600918,0,0,0,0,-0.047153266968097178,-0.043903063589633133,0,0,0,0,1,0
-0.0083925700897160629,-0.0062365784680192913,-0.012475915285001068,0.20467983444033222,0.12604581552067262,-0.12706614042697323,0,0,0,0,-0.04592850678710763,-0.045705674520379817,0,0,0,0,1,0
-0.013104749739792447,-0.0033147113751013728,-0.0086048637371192813,0.30561512576452737,0.067583244149611657,0.033859670010415538,0,0,0,0,-0.044703746606118103,-0.047460848321370028,0,0,0,0,1,0
-0.015256236675022591,-0.0010981328661284187,-0.0055439238492644765,0.33468419833580709,-0.0074061538909655153,0.14750796425536256,0,0,0,0,-0.043478986425128568,-0.049168584992603737,0,0,0,0,1,0
-0.015510507691742764,0.00048958466882334821,-0.003388438030721445,0.29990337900849762,-0.056411133172388744,0.15755877416046465,0,0,0,0,-0.04225422624413902,-0.050828884534080937,0,0,0,0,1,0
-0.014466547200882328,0.0015096818505648452,-0.0019849415274288563,0.23287586902429191,-0.072934654308044675,0.10283104836149236,0,0,0,0,-0.041029466063149493,-0.052441746945801657,0,0,0,0,1,0
-0.012653403554375922,0.0020439029731962274,-0.0011225975396524216,0.16114246744022892,-0.068135810679846698,0.037042456197987503,0,0,0,0,-0.039804705882159945,-0.054007172227765902,0,0,0,0,1,0
-0.010505290059797204,0.0021988375030702729,-0.00061628262403709728,0.099449326648717709,-0.054618473046496446,-0.01009735862585593,0,0,0,0,-0.038579945701170418,-0.055525160379973633,0,0,0,0,1,0
-0.0083430482575240598,0.0020915249776566809,-0.00032978091161427859,0.052144865363366308,-0.040220179798341117,-0.032947365005744966,0,0,0,0,-0.037355185520180884,-0.056995711402424883,0,0,0,0,1,0
-0.0063730297187731925,0.0018311071291682455,-0.00017258088748179081,0.018228265207335441,-0.028076468313426056,-0.03776104456294329,0,0,0,0,-0.036130425339191342,-0.058418825295119624,0,0,0,0,1,0
-0.0047022127163877329,0.0015056482114187385,-8.8560185874903271e-05,-0.0049179359525244057,-0.018634615606806074,-0.032995676774481883,0,0,0,0,-0.034905665158201808,-0.059794502058057898,0,0,0,0,1,0
-0.0033625554943279429,0.0011768746487681491,-4.4659560466917607e-05,-0.019775542795553668,-0.011397954626932499,-0.024990189475375787,0,0,0,0,-0.033680904977212267,-0.061122741691239657,0,0,0,0,1,0
0,0,0,-0.026183975128430615,-0.006636412170660768,-0.017218300061932208,0,0,0,0,-0.032456144796222733,-0.062403544194664921,0,0,0,0,1,0
0,0,0,-0.030493548532768963,-0.0022025452217835401,-0.011097089832155649,0,0,0,0,-0.031231384615233195,-0.063636909568333733,0,0,0,0,1,0
0,0,0,-0.03100808878334143,0.00097347245031895603,-0.0067844314520372137,0,0,0,0,-0.030006624434243657,-0.064822837812246015,0,0,0,0,1,0
0,0,0,-0.028172772062345457,0.007944702833649453,-0.0096249007212979975,0,0,0,0,-0.028781864253254116,-0.065961328926401816,0,0,0,0,1,0
0,0,0,0.0073639673456955494,0.074463064663073703,-0.10219488264982088,0,0,0,0,-0.027557104072264586,-0.067052382910801137,0,0,0,0,1,0
0,0,0,0.11954598404545283,0.13806254915045418,-0.16204009460222324,0,0,0,0,-0.026332343891275048,-0.068095999765443962,0,0,0,0,1,0
0,0,0,0.25254010085835021,0.11383802808785753,-0.04907170499529654,0,0,0,0,-0.02510758371028551,-0.069092179490330294,0,0,0,0,1,0
0,0,0,0.32978729465049078,0.037717869259192259,0.10264832757523826,0,0,0,0,-0.023882823529295969,-0.070040922085460117,0,0,0,0,1,0
0,0,0,0.33103500383291223,-0.030644273889639105,0.16678644809862264,0,0,0,0,-0.022658063348306435,-0.070942227550833473,0,0,0,0,1,0
0,0,0,0.27978751898297088,-0.066138193767126124,0.13933885874905966,0,0,0,0,-0.021433303167316897,-0.07179609588645032,0,0,0,0,1,0
0,0,0,0.21075086086285752,-0.073525229564121358,0.073473260796117532,0,0,0,0,-0.020208542986327363,-0.072602527092310673,0,0,0,0,1,0
0,0,0,0.14283477867810407,-0.064697702768955312,0.01363346566516881,0,0,0,0,-0.018983782805337825,-0.073361521168414531,0,0,0,0,1,0
0,0,0,0.085334233835826584,-0.050116662888140588,-0.022620490946549911,0,0,0,0,-0.017759022624348288,-0.074073078114761923,0,0,0,0,1,0
0,0,0,0.042292010935729013,-0.036333494455372567,-0.036526626512414673,0,0,0,0,-0.01653426244335875,-0.074737197931352806,0,0,0,0,1,0
0,0,0,0.011791177321067606,-0.025120535421961212,-0.036210796296726251,0,0,0,0,-0.015309502262369214,-0.075353880618187208,0,0,0,0,1,0
0,0,0,-0.0087724543204825423,-0.016175619847052285,-0.029649580230100156,0,0,0,0,-0.014084742081379676,-0.075923126175265088,0,0,0,0,1,0
0,0,0,-0.010187095171896523,0.026590901943944957,-0.071354441321615947,0,0,0,0,-0.012859981900390139,-0.076444934602586515,0,0,0,0,1,0
0,0,0,0.06121817952106786,0.11277530495693344,-0.1716031773956202,0,0,0,0,-0.011635221719400603,-0.076919305900151433,0,0,0,0,1,0
0,0,0,0.19000476713774136,0.1285447861164965,-0.11749592866559577,0,0,0,0,-0.010410461538411065,-0.077346240067959857,0,0,0,0,1,0
0,0,0,0.29219762168149166,0.068129783033141753,0.04335373489573334,0,0,0,0,-0.0091857013574215274,-0.077725737106011786,0,0,0,0,1,0
0,0,0,0.32192749106194191,-0.0063854454783514531,0.15129482804540767,0,0,0,0,-0.0079609411764319914,-0.078057797014307234,0,0,0,0,1,0
0,0,0,0.28870500082358069,-0.054347289131239346,0.15657737502969576,0,0,0,0,-0.0067361809954424538,-0.078342419792846174,0,0,0,0,1,0
0,0,0,0.22406060644659226,-0.070352255091712029,0.10009704016027055,0,0,0,0,-0.0055114208144529169,-0.078579605441628633,0,0,0,0,1,0
0,0,0,0.15488552830194885,-0.065691954917950351,0.034669400359750253,0,0,0,0,-0.0042866606334633801,-0.078769353960654598,0,0,0,0,1,0
0,0,0,0.095398496191865079,-0.052683694416858301,-0.01139548436110191,0,0,0,0,-0.0030619004524738429,-0.078911665349924082,0,0,0,0,1,0
0,0,0,0.049735598018404381,-0.038865084925799112,-0.033300057595682248,0,0,0,0,-0.0018371402714843056,-0.079006539609437071,0,0,0,0,1,0
0,0,0,0.016921828452919951,-0.027202682177715994,-0.037558057952637378,0,0,0,0,-0.00061238009049476862,-0.079053976739193565,0,0,0,0,1,0
0,0,0,-0.0015908030945174327,-0.019627752416069275,-0.032545256951773627,0,0,0,0,0.00061238009049476743,-0.079053976739193565,0,0,0,0,1,0
0,0,0,-0.017326877112719442,-0.012162500300007428,-0.024546441384641619,0,0,0,0,0.0018371402714843067,-0.079006539609437071,0,0,0,0,1,0
0,0,0,-0.02647797040401316,-0.0063915506064331842,-0.016879758634197425,0,0,0,0,0.0030619004524738438,-0.078911665349924082,0,0,0,0,1,0
0,0,0,-0.030575704435254498,-0.0020226564770871422,-0.010851365816620608,0,0,0,0,0.004286660633463381,-0.078769353960654598,0,0,0,0,1,0
0,0,0,-0.030940401661836037,0.001094267006097652,-0.0066210197690441275,0,0,0,0,0.0055114208144529178,-0.078579605441628633,0,0,0,0,1,0
0,0,0,-0.028763659351201218,0.0030833921614828695,-0.0038732560904210099,0,0,0,0,0.0067361809954424546,-0.078342419792846188,0,0,0,0,1,0
0,0,0,-0.025094719430146826,0.0041109686152531744,-0.0021880627667214569,0,0,0,0,0.0079609411764319914,-0.07805779701430722,0,0,0,0,1,0
0.00069550910006821811,0.0042724130432719035,-0.0050460572049692339,-0.018790255602118066,0.013505683407325724,-0.012954272637343537,0,0,0,0,0.0091857013574215291,-0.077725737106011786,0,0,0,0,1,0
0.021615373300931377,0.041959253662706392,-0.059669031945233306,0.014380096853683511,0.054513479770734653,-0.071195428756377438,0,0,0,0,0.010410461538411065,-0.077346240067959857,0,0,0,0,1,0
0.080360445710589784,0.068455100771086547,-0.077916443997225193,0.081478408173417921,0.071734468212291916,-0.070041046301523344,0,0,0,0,0.011635221719400603,-0.076919305900151433,0,0,0,0,1,0
0.14286787898779332,0.050193982573626353,-0.011898331539253459,0.14292838726273421,0.045898504531051175,0.004616432146096242,0,0,0,0,0.012859981900390139,-0.076444934602586501,0,0,0,0,1,0
0.17381571516376931,0.011064866820713073,0.0603565353718305,0.1686529364571914,0.0058562676039129987,0.069428401329391543,0,0,0,0,0.014084742081379676,-0.075923126175265102,0,0,0,0,1,0
0.16767717466375232,-0.020754907823005882,0.08429064799774233,0.160653767627158,-0.02418397203603374,0.083086860739944465,0,0,0,0,0.015309502262369214,-0.075353880618187208,0,0,0,0,1,0
0.13810432349349594,-0.035617661978779594,0.065465789333205016,0.13085924616303982,-0.036745909588471751,0.059046510131700224,0,0,0,0,0.01653426244335875,-0.074737197931352806,0,0,0,0,1,0
0.10099754998766362,-0.03690118036850544,0.031629727697182752,0.093689897666538791,-0.036135111333190993,0.025107692770747661,0,0,0,0,0.017759022624348284,-0.074073078114761909,0,0,0,0,1,0
0.066562633094302756,-0.031329983399156609,0.003141129482474303,0.060440226939819784,-0.029885900043199264,-0.0011166468888569063,0,0,0,0,0.018983782805337825,-0.073361521168414531,0,0,0,0,1,0
0.038968403383697926,-0.023241757779275514,-0.013739444811042664,0.034263032194278724,-0.022514013206583087,-0.014943774181829458,0,0,0,0,0.020208542986327363,-0.072602527092310673,0,0,0,0,1,0
0.035720238907770763,0.030974357434195722,-0.086357869018798925,0.015097770363982806,-0.016033775207934503,-0.018855913700750026,0,0,0,0,0.021433303167316897,-0.07179609588645032,0,0,0,0,1,0
0.11179560465110312,0.11395755151681786,-0.1815776615752453,0.001742454749492659,-0.010893637393194348,-0.017152572670244944,0,0,0,0,0.022658063348306435,-0.070942227550833473,0,0,0,0,1,0
0.23471608376845135,0.11594232211966411,-0.10212241896396472,-0.0070777976232841719,-0.0069169270557760251,-0.013302357165833133,0,0,0,0,0.023882823529295973,-0.070040922085460131,0,0,0,0,1,0
0.32046518315590283,0.049695535839254824,0.061064830136779213,-0.012389821827046383,-0.0038392953101286341,-0.0093250104360674182,0,0,0,0,0.02510758371028551,-0.069092179490330294,0,0,0,0,1,0
0.33285313608233524,-0.021601927332953342,0.15507489512522665,-0.014997920405167319,-0.0014892536230932103,-0.0060814557616383144,0,0,0,0,0.026332343891275048,-0.068095999765443962,0,0,0,0,1,0
0.28755146870858422,-0.063218188580392687,0.14834255726755541,-0.015581808532010261,0.00021958204664360821,-0.003752819404747709,0,0,0,0,0.027557104072264586,-0.067052382910801137,0,0,0,0,1,0
0.21686823879008532,-0.073897923019530715,0.088215164010625985,-0.014752602762703746,0.0013475562758591482,-0.0022156804065838129,0,0,0,0,0.028781864253254116,-0.06596132892640183,0,0,0,0,1,0
0.14590178496516704,-0.066078648043001634,0.025085637460933792,-0.013055163367783618,0.0019710832750868329,-0.0012613296465578895,0,0,0,0,0.030006624434243657,-0.064822837812246029,0,0,0,0,1,0
0.086851126525173086,-0.051648500709960361,-0.016837569623559021,-0.010944613076581851,0.0021925706393345758,-0.00069632060013425159,0,0,0,0,0.031231384615233192,-0.063636909568333733,0,0,0,0,1,0
0.042498699026421283,-0.037387213150549312,-0.035257625904452888,-0.0087651569336343292,0.0021284852683268619,-0.00037441393058564401,0,0,0,0,0.032456144796222726,-0.062403544194664942,0,0,0,0,1,0
0.011191811486701573,-0.025707057790588423,-0.037429300348005345,-0.0067452717207271747,0.0018908431669320332,-0.00019676809122113088,0,0,0,0,0.033680904977212267,-0.061122741691239678,0,0,0,0,1,0
-0.0098230463593256493,-0.016730216673497892,-0.031556561996959137,-0.0050100413239320164,0.001572596734198916,-0.00010134979357450091,0,0,0,0,0.034905665158201801,-0.059794502058057905,0,0,0,0,1,0
-0.022976821446835403,-0.0098823215641438145,-0.023378494415075245,-0.0036043019775671395,0.0012408064212685581,-5.1279618387867342e-05,0,0,0,0,0.036130425339191342,-0.058418825295119638,0,0,0,0,1,0
-0.030122978615119606,-0.0046487959055518582,-0.015876328350053485,-0.0025189081358006184,0.00093686903232866145,-2.5535402248417547e-05,0,0,0,0,0.037355185520180877,-0.05699571140242489,0,0,0,0,1,0
-0.030860016287074139,-0.0014704317246270443,-0.010095689768054382,0.00085345979270195571,0.0056939692769743056,-0.0064998628898977279,0,0,0,0,0.038579945701170411,-0.055525160379973633,0,0,0,0,1,0
-0.030763186529534841,0.0014680472220221751,-0.0061156711161382358,0.035735328735373141,0.074905816260047345,-0.10658406718732762,0,0,0,0,0.039804705882159945,-0.054007172227765902,0,0,0,0,1,0
-0.02829340726532123,0.0032998867999900622,-0.0035564587875762665,0.14716137885767874,0.13525599494434523,-0.16018938915616762,0,0,0,0,0.041029466063149493,-0.052441746945801671,0,0,0,0,1,0
-0.024474714786767438,0.0041994664993186574,-0.0019990844923767396,0.27503592115297415,0.10683583601300109,-0.040390835034844273,0,0,0,0,0.042254226244139027,-0.050828884534080951,0,0,0,0,1,0
-0.02013200578109443,0.0043869022005730189,-0.0010917235290307313,0.34463367730365119,0.030024870733519421,0.10940095231801115,0,0,0,0,0.043478986425128568,-0.049168584992603737,0,0,0,0,1,0
-0.015860188709768033,0.0040957075474290418,-0.00058155145460375658,0.3390114584939633,-0.036451479567070955,0.16798920541604684,0,0,0,0,0.044703746606118103,-0.047460848321370028,0,0,0,0,1,0
-0.012029157767160608,0.0035372302404275005,-0.00030312999631456385,0.2831738704950561,-0.069555741652307143,0.13678539091750011,0,0,0,0,0.04592850678710763,-0.045705674520379831,0,0,0,0,1,0
-0.0088189153275579722,0.0028773766563964299,-0.00015500555741734378,0.20943012607641079,-0.074301397189829782,0.070042690876743918,0,0,0,0,0.047153266968097178,-0.04390306358963314,0,0,0,0,1,0
-0.006270005485085565,0.0022290840862677092,-7.792210907055786e-05,0.13953064138404569,-0.064040718487129417,0.011056634056235248,0,0,0,0,0.048378027149086712,-0.042053015529129961,0,0,0,0,1,0
0,0,0,0.082754954621168719,-0.049373544563390506,-0.023930920934431024,0,0,0,0,0.049602787330076253,-0.040155530338870295,0,0,0,0,1,0
0,0,0,0.040413216890751641,-0.03569075735605811,-0.036860781777010222,0,0,0,0,0.050827547511065788,-0.038210608018854141,0,0,0,0,1,0
0,0,0,0.010486512377080013,-0.024613993771800458,-0.036008485224579702,0,0,0,0,0.052052307692055315,-0.036218248569081485,0,0,0,0,1,0
0,0,0,-0.0096455774049553945,-0.016019190973082888,-0.029067209167588946,0,0,0,0,0.053277067873044863,-0.034178451989552334,0,0,0,0,1,0
0,0,0,-0.022197868188002769,-0.0093685969494314222,-0.020932515022475777,0,0,0,0,0.054501828054034397,-0.032091218280266696,0,0,0,0,1,0
0,0,0,-0.028892632897810296,-0.0042546642391599072,-0.013925618560479488,0,0,0,0,0.055726588235023938,-0.029956547441224564,0,0,0,0,1,0
0,0,0,-0.031147521351586618,-0.00046452928333342729,-0.0087278714345703726,0,0,0,0,0.056951348416013473,-0.027774439472425947,0,0,0,0,1,0
0,0,0,-0.030221486897164605,0.0021269531453516465,-0.0052182532287767969,0,0,0,0,0.058176108597003,-0.025544894373870829,0,0,0,0,1,0
0,0,0,-0.02724764351824183,0.0036582928089508564,-0.0030019156070476166,0,0,0,0,0.059400868777992541,-0.02326791214555923,0,0,0,0,1,0
0,0,0,-0.023195305907809379,0.0043197615453740394,-0.0016720328260577408,0,0,0,0,0.060625628958982082,-0.020943492787491125,0,0,0,0,1,0
0,0,0,-0.018822052425302289,0.0043394835455083788,-0.00090598645559765336,0,0,0,0,0.061850389139971623,-0.018571636299666544,0,0,0,0,1,0
0,0,0,-0.01465315239303119,0.0039476745335947378,-0.00047933161077149241,0,0,0,0,0.063075149320961157,-0.016152342682085461,0,0,0,0,1,0
0,0,0,-0.010996836938612741,0.0033437589029071198,-0.0002483551795144483,0,0,0,0,0.064299909501950692,-0.013685611934747884,0,0,0,0,1,0
0,0,0,-0.0079856891228309579,0.0026778842811501923,-0.00012632267718526587,0,0,0,0,0.065524669682940226,-0.01117144405765382,0,0,0,0,1,0
0,0,0,-0.0056286949840583678,0.0020475973473228796,-6.3201709963529298e-05,0,0,0,0,0.066749429863929774,-0.0086098390508032637,0,0,0,0,1,0
0,0,0,0,0,0,0,0,0,0,0.067974190044919308,-0.0060007969141962153,0,0,0,0,1,0
0,0,0,0,0,0,0,0,0,0,0.069198950225908842,-0.0033443176478326758,0,0,0,0,1,0
0,0,0,0,0,0,0,0,0,0,0.07042371040689839,-0.00064040125171264495,0,0,0,0,1,0
0,0,0,0,0,0,0,0,0,0,0.071648470587887925,0.0021109522741638788,0,0,0,0,1,0
0,0,0,0,0,0,0,0,0,0,0.072873230768877459,0.0049097429297968939,0,0,0,0,1,0
0,0,0,0,0,0,0,0,0,0,0.074097990949867007,0.0077559707151864015,0,0,0,0,1,0
0,0,0,0,0,0,0,0,0,0,0.075322751130856541,0.0106496356303324,0,0,0,0,1,0
0,0,0,0,0,0,0,0,0,0,0.076547511311846075,0.013590737675234891,0,0,0,0,1,0
0,0,0,0,0,0,0,0,0,0,0.07777227149283561,0.016579276849893868,0,0,0,0,1,0
0,0,0,0,0,0,0,0,0,0,0.078997031673825144,0.019615253154309349,0,0,0,0,1,0
0,0,0,0,0,0,0,0,0,0,0.080221791854814678,0.022698666588481312,0,0,0,0,1,0
0,0,0,0,0,0,0,0,0,0,0.081446552035804212,0.025829517152409779,0,0,0,0,1,0
0,0,0,0,0,0,0,0,0,0,0.082671312216793746,0.029007804846094717,0,0,0,0,1,0
0,0,0,0,0,0,0,0,0,0,0.083896072397783295,0.03223352966953616,0,0,0,0,1,0
0,0,0,0,0,0,0,0,0,0,0.085120832578772829,0.0355066916227341,0,0,0,0,1,0
0,0,0,0,0,0,0,0,0,0,0.086345592759762363,0.038827290705688515,0,0,0,0,1,0
0,0,0,0,0,0,0,0,0,0,0.087570352940751897,0.042195326918399438,0,0,0,0,1,0
0,0,0,0,0,0,0,0,0,0,0.088795113121741431,0.045610800260866849,0,0,0,0,1,0
0,0,0,0,0,0,0,0,0,0,0.090019873302730979,0.04907371073309074,0,0,0,0,1,0
0,0,0,0,0,0,0,0,0,0,0.091244633483720514,0.052584058335071127,0,0,0,0,1,0
0,0,0,0,0,0,0,0,0,0,0.092469393664710048,0.056141843066808021,0,0,0,0,1,0
0,0,0,0,0,0,0,0,0,0,0.093694153845699582,0.059747064928301383,0,0,0,0,1,0
0,0,0,0,0,0,0,0,0,0,0.094918914026689116,0.06339972391955126,0,0,0,0,1,0
0,0,0,0,0,0,0,0,0,0,0.096143674207678664,0.067099820040557631,0,0,0,0,1,0
0,0,0,0,0,0,0,0,0,0,0.097368434388668185,0.070847353291320483,0,0,0,0,1,0
0,0,0,0,0,0,0,0,0,0,0.098593194569657733,0.07464232367183983,0,0,0,0,1,0
0,0,0,0,0,0,0,0,0,0,0.099817954750647267,0.078484731182115644,0,0,0,0,1,0
0,0,0,0,0,0,0,0,0,0,0.10104271493163682,0.082374575822147966,0,0,0,0,1,0
0,0,0,0,0,0,0,0,0,0,0.10226747511262635,0.086311857591936783,0,0,0,0,1,0
0,0,0,0,0,0,0,0,0,0,0.10349223529361587,0.090296576491482095,0,0,0,0,1,0
0,0,0,0,0,0,0,0,0,0,0.10471699547460542,0.094328732520783901,0,0,0,0,1,0
0,0,0,0,0,0,0,0,0,0,0.10594175565559495,0.098408325679842215,0,0,0,0,1,0
0,0,0,0,0,0,0,0,0,0,0.1071665158365845,0.102535355968657,0,0,0,0,1,0
0,0,0,0,0,0,0,0,0,0,0.10839127601757403,0.10670982338722827,0,0,0,0,1,0
0,0,0,0,0,0,0,0,0,0,0.10961603619856355,0.11093172793555602,0,0,0,0,1,0
0,0,0,0,0,0,0,0,0,0,0.1108407963795531,0.11520106961364028,0,0,0,0,1,0
0,0,0,0,0,0,0,0,0,0,0.11206555656054264,0.11951784842148101,0,0,0,0,1,0
0,0,0,0,0,0,0,0,0,0,0.11329031674153218,0.12388206435907828,0,0,0,0,1,0
0,0,0,0,0,0,0,0,0,0,0.11451507692252172,0.128293717426432,0,0,0,0,1,0
0,0,0,0,0,0,0,0,0,0,0.11573983710351124,0.13275280762354225,0,0,0,0,1,0
0,0,0,0,0,0,0,0,0,0,0.11696459728450077,0.13725933495040896,0,0,0,0,1,0
0,0,0,0,0,0,0,0,0,0,0.11818935746549032,0.14181329940703219,0,0,0,0,1,0
0,0,0,0,0,0,0,0,0,0,0.11941411764647988,0.14641470099341189,0,0,0,0,1,0
0,0,0,0,0,0,0,0,0,0,0.1206388778274694,0.15106353970954808,0,0,0,0,1,0
0,0,0,0,0,0,0,0,0,0,0.12186363800845894,0.15575981555544077,0,0,0,0,1,0
0,0,0,0,0,0,0,0,0,0,0,0,-0.12186363800845887,0.15575981555544058,0,0,0,1
0,0,0,0,0,0,0,0,0,0,0,0,-0.12063887782746929,0.15106353970954811,0,0,0,1
0,0,0,0,0,0,0,0,0,0,0,0,-0.11941411764647987,0.14641470099341186,0,0,0,1
0,0,0,0,0,0,0,0,0,0,0,0,-0.11818935746549031,0.14181329940703216,0,0,0,1
0,0,0,0,0,0,0,0,0,0,0,0,-0.11696459728450079,0.13725933495040898,0,0,0,1
0,0,0,0,0,0,0,0,0,0,0,0,-0.11573983710351125,0.13275280762354227,0,0,0,1
0.0032275952778382118,0.015555550449370056,-0.019745659867145344,0,0,0,0,0,0,0,0,0,-0.11451507692252172,0.12829371742643203,0,0,0,1
0.056890849410766178,0.096627264268635951,-0.13597939791047436,0,0,0,0,0,0,0,0,0,-0.11329031674153218,0.12388206435907829,0,0,0,1
0.18126265171911271,0.13662910677289564,-0.14396664742230966,0,0,0,0,0,0,0,0,0,-0.11206555656054262,0.11951784842148105,0,0,0,1
0.29990186288165493,0.089562623902917748,0.0012678827878280421,0,0,0,0,0,0,0,0,0,-0.1108407963795531,0.11520106961364032,0,0,0,1
0.34999855691905873,0.010777525911520553,0.13472790137568319,0,0,0,0,0,0,0,0,0,-0.10961603619856357,0.11093172793555604,0,0,0,1
0.32856761768481058,-0.048106855236526302,0.16701887115396807,0,0,0,0,0,0,0,0,0,-0.10839127601757403,0.10670982338722827,0,0,0,1
0.26536920726761348,-0.072993097993708372,0.12135953263195604,0,0,0,0,0,0,0,0,0,-0.1071665158365845,0.102535355968657,0,0,0,1
0.19101444380680418,-0.07268342867630867,0.053437474803368926,0,0,0,0,0,0,0,0,0,-0.10594175565559495,0.098408325679842215,0,0,0,1
0.12390554087517336,-0.060499973033154304,-0.00016936423222472109,0,0,0,0,0,0,0,0,0,-0.10471699547460542,0.094328732520783914,0,0,0,1
0.070813104612293676,-0.045742422010773193,-0.029019563364351325,0,0,0,0,0,0,0,0,0,-0.10349223529361588,0.090296576491482122,0,0,0,1
0.031828187553549214,-0.032655251173421822,-0.037642359733516394,0,0,0,0,0,0,0,0,0,-0.10226747511262635,0.086311857591936811,0,0,0,1
0.0045970231389178932,-0.022244242138980456,-0.034617862999275176,0,0,0,0,0,0,0,0,0,-0.10104271493163682,0.082374575822147994,0,0,0,1
-0.013446307411095197,-0.014187258377948753,-0.027018111342835847,0,0,0,0,0,0,0,0,0,-0.099817954750647267,0.078484731182115672,0,0,0,1
-0.024382122668531132,-0.0079516296049030651,-0.019022106809499922,0,0,0,0,0,0,0,0,0,-0.098593194569657733,0.07464232367183983,0,0,0,1
-0.029836712891936429,-0.0031836288500699137,-0.012445721729047374,0.00085345979270195571,0.0056939692769743056,-0.0064998628898977279,0,0,0,0,0,0,-0.097368434388668199,0.070847353291320497,0,0,0,1
-0.031178438653742566,0.00029545567311513717,-0.0076996849458007867,0.035735328735373141,0.074905816260047345,-0.10658406718732762,0,0,0,0,0,0,-0.096143674207678664,0.067099820040557631,0,0,0,1
-0.029635572800489264,0.0026064932565751852,-0.0045553355719240782,0.14716137885767874,0.13525599494434523,-0.16018938915616762,0,0,0,0,0,0,-0.094918914026689116,0.063399723919551274,0,0,0,1
-0.026305349073441398,0.0038997651692604675,-0.002597717469808579,0.27503592115297415,0.10683583601300109,-0.040390835034844273,0,0,0,0,0,0,-0.093694153845699582,0.059747064928301417,0,0,0,1
-0.022108139902499283,0.0043777898328061001,-0.0014361875883377941,0.34463367730365119,0.030024870733519421,0.10940095231801115,0,0,0,0,0,0,-0.092469393664710048,0.056141843066808028,0,0,0,1
-0.017743974851493347,0.0042729244102613986,-0.00077322495332757398,0.3390114584939633,-0.036451479567070955,0.16798920541604684,0,0,0,0,0,0,-0.091244633483720514,0.052584058335071147,0,0,0,1
-0.013681071221818188,0.0038104182062842903,-0.00040680975214496572,0.2831738704950561,-0.069555741652307143,0.13678539091750011,0,0,0,0,0,0,-0.090019873302730979,0.049073710733090754,0,0,0,1
-0.010179009976016798,0.0031785231145791291,-0.0002097423589460628,0.20943012607641079,-0.074301397189829782,0.070042690876743918,0,0,0,0,0,0,-0.088795113121741431,0.045610800260866856,0,0,0,1
-0.0073343034612191153,0.0025140369953956816,-0.00010621556659643418,0.13953064138404569,-0.064040718487129417,0.011056634056235248,0,0,0,0,0,0,-0.087570352940751897,0.042195326918399445,0,0,0,1
-0.005132920285788661,0.0019021616613816401,-5.2933086887302166e-05,0.082754954621168719,-0.049373544563390506,-0.023930920934431024,0,0,0,0,0,0,-0.086345592759762363,0.038827290705688536,0,0,0,1
0,0,0,0.045479506553624482,-0.014314138897844136,-0.064920896570932196,0,0,0,0,0,0,-0.085120832578772829,0.035506691622734107,0,0,0,1
0,0,0,0.077438146092947496,0.079874271586753989,-0.18148027126886113,0,0,0,0,0,0,-0.083896072397783295,0.032233529669536173,0,0,0,1
0,0,0,0.18522220656011856,0.11929727130813395,-0.16310207692424078,0,0,0,0,0,0,-0.082671312216793746,0.029007804846094734,0,0,0,1
0,0,0,0.28628370285074772,0.072618575648717765,-0.0031986777993115393,0,0,0,0,0,0,-0.081446552035804212,0.025829517152409782,0,0,0,1
0,0,0,0.32181675475849864,-0.00077383356303043838,0.1288460304561404,0,0,0,0,0,0,-0.080221791854814678,0.022698666588481325,0,0,0,1
0,0,0,0.2924074666044687,-0.052550778171679149,0.15631050041758787,0,0,0,0,0,0,-0.078997031673825144,0.019615253154309356,0,0,0,1
0,0,0,0.22780265720064849,-0.071740027792364353,0.10952052189061795,0,0,0,0,0,0,-0.077772271492835596,0.016579276849893881,0,0,0,1
0,0,0,0.15654158583902261,-0.068144480285579234,0.044079954840549267,0,0,0,0,0,0,-0.076547511311846061,0.013590737675234903,0,0,0,1
0,0,0,0.094733355994462462,-0.05471482557391591,-0.0058395412042683871,0,0,0,0,0,0,-0.075322751130856527,0.010649635630332411,0,0,0,1
0,0,0,0.047487909632599787,-0.039984339531333735,-0.031561212801423141,0,0,0,0,0,0,-0.074097990949866993,0.0077559707151864127,0,0,0,1
0,0,0,0.013967817888961887,-0.027546040203925828,-0.038205382438230115,0,0,0,0,0,0,-0.072873230768877445,0.0049097429297969035,0,0,0,1
0,0,0,-0.0085789301443651537,-0.017998214425649646,-0.034220599622468761,0,0,0,0,0,0,-0.071648470587887911,0.0021109522741638923,0,0,0,1
0,0,0,-0.022815678412516846,-0.010811459995778767,-0.026317337532652016,0,0,0,0,0,0,-0.070423710406898377,-0.0006404012517126328,0,0,0,1
0,0,0,-0.030778916751769747,-0.0053651557075149042,-0.018349019992753929,0,0,0,0,0,0,-0.069198950225908842,-0.0033443176478326676,0,0,0,1
0,0,0,-0.030134776727330736,-0.0027797790377102876,-0.011889483319368659,0,0,0,0,0,0,-0.067974190044919294,-0.0060007969141962075,0,0,0,1
0,0,0,-0.031134716440982715,0.00057704669008760631,-0.0073195649139285151,0,0,0,0,0,0,-0.066749429863929774,-0.0086098390508032533,0,0,0,1
0.00051358063282246958,0.0040295091284198205,-0.0043467766625066365,-0.029366230494112432,0.0027786634820257997,-0.0043131941161364696,0,0,0,0,0,0,-0.06552466968294024,-0.011171444057653815,0,0,0,1
0.0317619423425037,0.070435784591553474,-0.10035589771379037,-0.025911266840311094,0.0039805353243679998,-0.0024514524001990031,0,0,0,0,0,0,-0.064299909501950692,-0.013685611934747878,0,0,0,1
0.14034027640535529,0.13468330380566801,-0.16287721215917311,-0.021669720824071922,0.004389641223647444,-0.0013514857466125538,0,0,0,0,0,0,-0.063075149320961157,-0.016152342682085451,0,0,0,1
0.26984735648511038,0.11018167043555788,-0.048746782377990558,-0.017318335092329024,0.0042392977597013552,-0.00072584299860612746,0,0,0,0,0,0,-0.061850389139971623,-0.01857163629966653,0,0,0,1
0.34333226909289671,0.03393691451891534,0.10400456230477262,-0.013302928714640698,0.0037521705847858204,-0.00038106444105186275,0,0,0,0,0,0,-0.060625628958982082,-0.020943492787491122,0,0,0,1
0.34096647841942163,-0.034012032609885293,0.16792816006286904,-0.009864494419229387,0.0031117500326926289,-0.00019609754553010796,0,0,0,0,0,0,-0.059400868777992548,-0.023267912145559212,0,0,0,1
0.28669844384204146,-0.068788323185948477,0.13979708736430663,-0.0070861323055596628,0.002449484760819061,-9.9138639324323596e-05,0,0,0,0,0,0,-0.058176108597003014,-0.025544894373870822,0,0,0,1
0.21313513527643979,-0.074587561487721332,0.073408313929870017,-0.004945530010408687,0.0018458084861078848,-4.9331695823510782e-05,0,0,0,0,0,0,-0.056951348416013473,-0.02777443947242593,0,0,0,1
0.14269879382472181,-0.06474086701341579,0.013379839238746888,0,0,0,0,0,0,0,0,0,-0.055726588235023938,-0.029956547441224553,0,0,0,1
0.085186665935203562,-0.050105060677984439,-0.022849547151501913,1.7184850977012747e-05,0.00028742334870826591,-0.00021789881798393108,0,0,0,0,0,0,-0.054501828054034397,-0.032091218280266696,0,0,0,1
0.042166180488788271,-0.036306198784040788,-0.036667896515619372,0.01467799209509018,0.043777606706401503,-0.061140818887129175,0,0,0,0,0,0,-0.053277067873044856,-0.034178451989552328,0,0,0,1
0.011692422188420152,-0.025095183373813019,-0.036272253580868788,0.10136157879486801,0.12369188476968035,-0.16337296710909402,0,0,0,0,0,0,-0.052052307692055329,-0.036218248569081471,0,0,0,1
-0.0088637744625573306,-0.01639110273839204,-0.029475746497761419,0.23426534303878138,0.1260774210522328,-0.095693252465683942,0,0,0,0,0,0,-0.050827547511065788,-0.038210608018854127,0,0,0,1
-0.021744270945979204,-0.0096564066334892847,-0.021318975057327012,0.32953050137736883,0.058142927154804187,0.064279835554179043,0,0,0,0,0,0,-0.049602787330076253,-0.040155530338870295,0,0,0,1
-0.028691187909494962,-0.004472755144703423,-0.014227251631341812,0.34865500382285208,-0.016727003429644005,0.16019055973800211,0,0,0,0,0,0,-0.048378027149086712,-0.042053015529129954,0,0,0,1
-0.031132421913704602,-0.0006200705446478853,-0.0089384518081642942,0.30637601165850092,-0.061923598564673665,0.15490512676741564,0,0,0,0,0,0,-0.047153266968097178,-0.043903063589633133,0,0,0,1
-0.030333095948360572,0.0020279328093121499,-0.0053544946443491188,0.23562879507826495,-0.075108759265547415,0.094159127197084025,0,0,0,0,0,0,-0.04592850678710763,-0.045705674520379817,0,0,0,1
-0.027433352687428497,0.0036074881267489718,-0.0030852058680598217,0.16271102053417399,-0.068589780270830875,0.029200315087281326,0,0,0,0,0,0,-0.044703746606118103,-0.047460848321370028,0,0,0,1
-0.023354950644554423,0.004964157149425507,-0.0023243111336472611,0.10158196263048221,-0.050297352109421434,-0.019667558160066115,0,0,0,0,0,0,-0.043478986425128568,-0.049168584992603737,0,0,0,1
-0.0079863884324991308,0.032771485886890439,-0.041210587732131716,0.075251790502850052,0.0017574598773637887,-0.094090309486927398,0,0,0,0,0,0,-0.04225422624413902,-0.050828884534080937,0,0,0,1
0.04534682296518168,0.069186978467920393,-0.083383281116352292,0.100037385311618,0.040280997333493898,-0.11528807464072616,0,0,0,0,0,0,-0.041029466063149493,-0.052441746945801657,0,0,0,1
0.11519792904602218,0.062839202254177162,-0.036768911295279982,0.13927382732480925,0.031423040774664193,-0.043727678463160655,0,0,0,0,0,0,-0.039804705882159945,-0.054007172227765902,0,0,0,1
0.16060276748123531,0.025702223147405744,0.042507169141441307,0.15524124036546688,-0.00043441614940673608,0.036633474502511254,0,0,0,0,0,0,-0.038579945701170418,-0.055525160379973633,0,0,0,1
0.16703602646223781,-0.010823679112915402,0.082607974111819568,0.14053602901263756,-0.026635955110682591,0.06811420499505845,0,0,0,0,0,0,-0.037355185520180884,-0.056995711402424883,0,0,0,1
0.14841146952538592,-0.032874631728680867,0.073962595934432537,0.10730878316979767,-0.037261812848416426,0.055133388799887988,0,0,0,0,0,0,-0.036130425339191342,-0.058418825295119624,0,0,0,1
0.11217993274980154,-0.037532988649395117,0.041867329392509492,0.0701548753604294,-0.035548370198976678,0.025357767494461506,0,0,0,0,0,0,-0.034905665158201808,-0.059794502058057898,0,0,0,1
0.076272145583800965,-0.033367719369798612,0.010492336182694243,0.038100747399575481,-0.028094323264805193,-0.00051236629995047981,0,0,0,0,0,0,-0.033680904977212267,-0.061122741691239657,0,0,0,1
0.046425214378064954,-0.026164698935491709,-0.0095173090030518468,0.014222953894412142,-0.019775895288433848,-0.01515971160716376,0,0,0,0,0,0,-0.032456144796222733,-0.062403544194664921,0,0,0,1
0.023869482328599898,-0.019110428312521032,-0.017869167477718623,-0.0019286743221120263,-0.012830434585038958,-0.019781907019703161,0,0,0,0,0,0,-0.031231384615233195,-0.063636909568333733,0,0,0,1
0.0077782027938318888,-0.013300998659376962,-0.018455779314536409,-0.012050899463157617,-0.007700300480890738,-0.018354624730138942,0,0,0,0,0,0,-0.030006624434243657,-0.064822837812246015,0,0,0,1
-0.003164028851491646,-0.0087777788161256046,-0.01533689639437808,-0.017827879937920437,-0.0040637500996880448,-0.014440298301990354,0,0,0,0,0,0,-0.028781864253254116,-0.065961328926401816,0,0,0,1
-0.01011807514600116,-0.0052790420204735051,-0.011254373730193798,-0.020528220156721989,-0.0014819143780629581,-0.010236717901880734,0,0,0,0,0,0,-0.027557104072264586,-0.067052382910801137,0,0,0,1
-0.013987420698705696,-0.0025800396650506974,-0.0075894446075782055,-0.019116255911757019,0.011067807987557084,-0.01977452316660127,0,0,0,0,0,0,-0.026332343891275048,-0.068095999765443962,0,0,0,1
-0.015503324076468547,-0.00055841191746068455,-0.004806627493629219,0.03204721026754425,0.088158640530859811,-0.12924372360693215,0,0,0,0,0,0,-0.02510758371028551,-0.069092179490330294,0,0,0,1
-0.015308005655165902,0.00085203941514714763,-0.0028979851732819227,0.15256981761897875,0.1381450835651748,-0.15464724391512114,0,0,0,0,0,0,-0.023882823529295969,-0.070040922085460117,0,0,0,1
-0.013981553190388005,0.0017165116209551432,-0.0016787053860209036,0.27713835461259717,0.098718038558890192,-0.016834431422010143,0,0,0,0,0,0,-0.022658063348306435,-0.070942227550833473,0,0,0,1
-0.012027265181038792,0.002124914401076029,-0.00094049484179199532,0.33716448872318738,0.020484044153216752,0.12478337929499131,0,0,0,0,0,0,-0.021433303167316897,-0.07179609588645032,0,0,0,1
-0.0098465783596401076,0.0021889130459513302,-0.00051216371545426283,0.32397041891989714,-0.041610283672347537,0.16777416256895608,0,0,0,0,0,0,-0.020208542986327363,-0.072602527092310673,0,0,0,1
-0.007725265124978415,0.0020249828073192941,-0.00027215396424957322,0.26548512673063818,-0.069917409396699881,0.12755464675625922,0,0,0,0,0,0,-0.018983782805337825,-0.073361521168414531,0,0,0,1
-0.0058377012709751952,0.0017369713346884021,-0.00014155147996585473,0.192990875143808,-0.071810410250741863,0.059843605872067954,0,0,0,0,0,0,-0.017759022624348288,-0.074073078114761923,0,0,0,1
-0.0042655914735653102,0.0014052456468099776,-7.2243256925805913e-05,0.12616899008080623,-0.060638136041518284,0.0040295686285372161,0,0,0,0,0,0,-0.01653426244335875,-0.074737197931352806,0,0,0,1
-0.0030235617771667759,0.0010836624854839809,-3.6254611428768932e-05,0.072747109147127162,-0.046186174571388267,-0.027208362653286744,0,0,0,0,0,0,-0.015309502262369214,-0.075353880618187208,0,0,0,1
0,0,0,0.035152945796694555,-0.033844542108338503,-0.037443905067462493,0,0,0,0,0,0,-0.014084742081379676,-0.075923126175265088,0,0,0,1
0,0,0,0.0068675429166602875,-0.023170141508370094,-0.035220307311219917,0,0,0,0,0,0,-0.012859981900390139,-0.076444934602586515,0,0,0,1
0,0,0,-0.011991936825771163,-0.014903196933610571,-0.027843225657064007,0,0,0,0,0,0,-0.011635221719400603,-0.076919305900151433,0,0,0,1
0,0,0,-0.023559411794566283,-0.0085050283509487505,-0.019773721286974084,0,0,0,0,0,0,-0.010410461538411065,-0.077346240067959857,0,0,0,1
0,0,0,-0.029497622739695084,-0.0036003253564833313,-0.013020753980949075,0,0,0,0,0,0,-0.0091857013574215274,-0.077725737106011786,0,0,0,1
0,0,0,-0.031193417147906501,2.1519637637188826e-06,-0.008095948723036827,0,0,0,0,0,0,-0.0079609411764319914,-0.078057797014307234,0,0,0,1
0,0,0,-0.029887188277406163,0.0024240971903360864,-0.0048093093070404706,0,0,0,0,0,0,-0.0067361809954424538,-0.078342419792846174,0,0,0,1
0,0,0,-0.026690947254831773,0.0038108165405539235,-0.0027518599079397613,0,0,0,0,0,0,-0.0055114208144529169,-0.078579605441628633,0,0,0,1
0,0,0,-0.022545084724713411,0.0043601164353595494,-0.0015257941876618739,0,0,0,0,0,0,-0.0042866606334633801,-0.078769353960654598,0,0,0,1
0,0,0,-0.018172801844757749,0.0043030070393072408,-0.00082351057197652903,0,0,0,0,0,0,-0.0030619004524738429,-0.078911665349924082,0,0,0,1
0,0,0,-0.0140649573685208,0.0038670160266688794,-0.00043420673812400156,0,0,0,0,0,0,-0.0018371402714843056,-0.079006539609437071,0,0,0,1
0,0,0,-0.01050018963620415,0.0032450138412613138,-0.0002242964231061247,0,0,0,0,0,0,-0.00061238009049476862,-0.079053976739193565,0,0,0,1
0,0,0,-0.0075889584325006566,0.0025791509217201617,-0.00011377945877684141,0,0,0,0,0,0,0.00061238009049476743,-0.079053976739193565,0,0,0,1
0,0,0,-0.0053259948786361123,0.0019594908145032842,-5.6789211905130983e-05,0,0,0,0,0,0,0.0018371402714843067,-0.079006539609437071,0,0,0,1
0,0,0,0,0,0,0,0,0,0,0,0,0.0030619004524738438,-0.078911665349924082,0,0,0,1
0,0,0,0,0,0,0,0,0,0,0,0,0.004286660633463381,-0.078769353960654598,0,0,0,1
0,0,0,0,0,0,0,0,0,0,0,0,0.0055114208144529178,-0.078579605441628633,0,0,0,1
0,0,0,0,0,0,0,0,0,0,0,0,0.0067361809954424546,-0.078342419792846188,0,0,0,1
0,0,0,0,0,0,0,0,0,0,0,0,0.0079609411764319914,-0.07805779701430722,0,0,0,1
0,0,0,0,0,0,0,0,0,0,0,0,0.0091857013574215291,-0.077725737106011786,0,0,0,1
0,0,0,0,0,0,0,0,0,0,0,0,0.010410461538411065,-0.077346240067959857,0,0,0,1
0,0,0,0,0,0,0,0,0,0,0,0,0.011635221719400603,-0.076919305900151433,0,0,0,1
0,0,0,0,0,0,0,0,0,0,0,0,0.012859981900390139,-0.076444934602586501,0,0,0,1
0.0050662896628728415,0.021376618458213974,-0.028060114793921967,0,0,0,0,0,0,0,0,0,0.014084742081379676,-0.075923126175265102,0,0,0,1
0.066951633715867487,0.10448826535855445,-0.1454717860442814,0,0,0,0,0,0,0,0,0,0.015309502262369214,-0.075353880618187208,0,0,0,1
0.19486778396507395,0.13531646228121685,-0.13403486775665185,0,0,0,0,0,0,0,0,0,0.01653426244335875,-0.074737197931352806,0,0,0,1
0.30848157103875046,0.081987172598149194,0.017733837223164239,0,0,0,0,0,0,0,0,0,0.017759022624348284,-0.074073078114761909,0,0,0,1
0.35070938765630888,0.0034808306761294691,0.14277164901661987,0,0,0,0,0,0,0,0,0,0.018983782805337825,-0.073361521168414531,0,0,0,1
0.32355498795605536,-0.052086248888345725,0.16503837185215825,0,0,0,0,0,0,0,0,0,0.020208542986327363,-0.072602527092310673,0,0,0,1
0.2580241440978131,-0.073866980937716015,0.11473877511939476,0,0,0,0,0,0,0,0,0,0.021433303167316897,-0.07179609588645032,0,0,0,1
0.18378922935726444,-0.071802773094530092,0.047081870447596888,0,0,0,0,0,0,0,0,0,0.022658063348306435,-0.070942227550833473,0,0,0,1
0.11792866190227183,-0.059034587119289945,-0.0041675083782106463,0,0,0,0,0,0,0,0,0,0.023882823529295973,-0.070040922085460131,0,0,0,1
0.066309962057902072,-0.044323823076842114,-0.03065522634582548,0,0,0,0,0,0,0,0,0,0.02510758371028551,-0.069092179490330294,0,0,0,1
0.028620970281993077,-0.031493714737520571,-0.037726050827458626,0,0,0,0,0,0,0,0,0,0.026332343891275048,-0.068095999765443962,0,0,0,1
0.0024179067942475866,-0.021341973328556765,-0.033972244442954311,0,0,0,0,0,0,0,0,0,0.027557104072264586,-0.067052382910801137,0,0,0,1
-0.014829989289685888,-0.013489344276928959,-0.026191014855466752,0,0,0,0,0,0,0,0,0,0.028781864253254116,-0.06596132892640183,0,0,0,1
-0.025150221767711374,-0.0074127530548377838,-0.018285818282790398,0,0,0,0,0,0,0,0,0,0.030006624434243657,-0.064822837812246029,0,0,0,1
-0.030134776727330736,-0.0027797790377102876,-0.011889483319368659,0,0,0,0,0,0,0,0,0,0.031231384615233192,-0.063636909568333733,0,0,0,1
-0.031132533158974504,0.00062944545828468024,-0.0073522513762520614,0,0,0,0,0,0,0,0,0,0.032456144796222726,-0.062403544194664942,0,0,0,1
-0.022425158216422991,0.026828693249501837,-0.036782523004847509,0,0,0,0,0,0,0,0,0,0.033680904977212267,-0.061122741691239678,0,0,0,1
0.043290663080681517,0.10650448862604525,-0.14305420329354746,0,0,0,0,0,0,0,0,0,0.034905665158201801,-0.059794502058057905,0,0,0,1
0.17266991207889024,0.13695742144308959,-0.13075033033007188,0,0,0,0,0,0,0,0,0,0.036130425339191342,-0.058418825295119638,0,0,0,1
0.28886114502763005,0.085530094113869526,0.015879613442877364,0,0,0,0,0,0,0,0,0,0.037355185520180877,-0.05699571140242489,0,0,0,1
0.33525914666594037,0.0080217105767642176,0.13903354391622019,0,0,0,0,0,0,0,0,0,0.038579945701170411,-0.055525160379973633,0,0,0,1
0.31254946645389448,-0.047912992979318218,0.16262359496731876,0,0,0,0,0,0,0,0,0,0.039804705882159945,-0.054007172227765902,0,0,0,1
0.25071071546783913,-0.070698271797716428,0.11418413945369602,0,0,0,0,0,0,0,0,0,0.041029466063149493,-0.052441746945801671,0,0,0,1
0.1791224209077934,-0.069648435201980677,0.047589169364286407,0,0,0,0,0,0,0,0,0,0.042254226244139027,-0.050828884534080951,0,0,0,1
0.11837010314020556,-0.058988682415512958,-0.0033932039385755168,0,0,0,0,0,0,0,0,0,0.043478986425128568,-0.049168584992603737,0,0,0,1
0.066732220082480503,-0.044387316688049461,-0.030066940820998284,0,0,0,0,0,0,0,0,0,0.044703746606118103,-0.047460848321370028,0,0,0,1
0.028965370570545875,-0.031572871508588951,-0.037408299353446334,0,0,0,0,0,0,0,0,0,0.04592850678710763,-0.045705674520379831,0,0,0,1
0.0071526130783986282,-0.0055719740896992727,-0.055427517211798283,0.0020006276531577085,0.0091139704198223183,-0.01175421931943469,0,0,0,0,0,0,0.047153266968097178,-0.04390306358963314,0,0,0,1
0.027053817637212339,0.044011928805217308,-0.10459939606767955,0.030862225417981119,0.050354155737776671,-0.07055378943076189,0,0,0,0,0,0,0.048378027149086712,-0.042053015529129961,0,0,0,1
0.082485880609539278,0.058416651367543648,-0.076556711670236782,0.094049061571106207,0.068104284188427455,-0.069705501646112264,0,0,0,0,0,0,0.049602787330076253,-0.040155530338870295,0,0,0,1
0.1299851271781334,0.032296112351692177,0.0089277785619190225,0.15219062570767927,0.042920702564032576,0.0047885105858994619,0,0,0,0,0,0,0.050827547511065788,-0.038210608018854141,0,0,0,1
0.14421040956415404,-0.0029568102234506033,0.069069193986703525,0.17526822546084506,0.0035332458209031614,0.069515130253066229,0,0,0,0,0,0,0.052052307692055315,-0.036218248569081485,0,0,0,1
0.12837151600655541,-0.025969270108689588,0.076042678928406812,0.16308038950176607,-0.025092911489812963,0.083110657033519567,0,0,0,0,0,0,0.053277067873044863,-0.034178451989552334,0,0,0,1
0.09755069485052606,-0.033423323968930496,0.049800825587276325,0.13085924616303982,-0.036745909588471751,0.059046510131700224,0,0,0,0,0,0,0.054501828054034397,-0.032091218280266696,0,0,0,1
0.064890993519341564,-0.030778910615275171,0.017573061643067316,0.093689897666538791,-0.036135111333190993,0.025107692770747661,0,0,0,0,0,0,0.055726588235023938,-0.029956547441224564,0,0,0,1
0.037281784586204479,-0.024176095641916206,-0.0055903500730614215,0.060440226939819784,-0.029885900043199264,-0.0011166468888569063,0,0,0,0,0,0,0.056951348416013473,-0.027774439472425947,0,0,0,1
0.016580086664702329,-0.017368977657090987,-0.016769011696633553,0.034263032194278724,-0.022514013206583087,-0.014943774181829458,0,0,0,0,0,0,0.058176108597003,-0.025544894373870829,0,0,0,1
0.00212077803136047,-0.011788671463650485,-0.019031940633771543,0.015097770363982806,-0.016033775207934503,-0.018855913700750026,0,0,0,0,0,0,0.059400868777992541,-0.02326791214555923,0,0,0,1
-0.0074529919105783809,-0.0075630570245448156,-0.016569748098584778,0.001742454749492659,-0.010893637393194348,-0.017152572670244944,0,0,0,0,0,0,0.060625628958982082,-0.020943492787491125,0,0,0,1
-0.011104552818364134,-0.005242380282568986,-0.012505306812267317,-0.0070777976232841719,-0.0069169270557760251,-0.013302357165833133,0,0,0,0,0,0,0.061850389139971623,-0.018571636299666544,0,0,0,1
-0.013104749739792447,-0.0033147113751013728,-0.0086048637371192813,-0.012389821827046383,-0.0038392953101286341,-0.0093250104360674182,0,0,0,0,0,0,0.063075149320961157,-0.016152342682085461,0,0,0,1
-0.015256236675022591,-0.0010981328661284187,-0.0055439238492644765,-0.014997920405167319,-0.0014892536230932103,-0.0060814557616383144,0,0,0,0,0,0,0.064299909501950692,-0.013685611934747884,0,0,0,1
-0.015510507691742764,0.00048958466882334821,-0.003388438030721445,-0.015581808532010261,0.00021958204664360821,-0.003752819404747709,0,0,0,0,0,0,0.065524669682940226,-0.01117144405765382,0,0,0,1
-0.014466547200882328,0.0015096818505648452,-0.0019849415274288563,-0.014752602762703746,0.0013475562758591482,-0.0022156804065838129,0,0,0,0,0,0,0.066749429863929774,-0.0086098390508032637,0,0,0,1
-0.012653403554375922,0.0020439029731962274,-0.0011225975396524216,-0.013055163367783618,0.0019710832750868329,-0.0012613296465578895,0,0,0,0,0,0,0.067974190044919308,-0.0060007969141962153,0,0,0,1
-0.010505290059797204,0.0021988375030702729,-0.00061628262403709728,-0.010944613076581851,0.0021925706393345758,-0.00069632060013425159,0,0,0,0,0,0,0.069198950225908842,-0.0033443176478326758,0,0,0,1
-0.0083430482575240598,0.0020915249776566809,-0.00032978091161427859,-0.0087651569336343292,0.0021284852683268619,-0.00037441393058564401,0,0,0,0,0,0,0.07042371040689839,-0.00064040125171264495,0,0,0,1
-0.0063730297187731925,0.0018311071291682455,-0.00017258088748179081,-0.0067452717207271747,0.0018908431669320332,-0.00019676809122113088,0,0,0,0,0,0,0.071648470587887925,0.0021109522741638788,0,0,0,1
-0.0047022127163877329,0.0015056482114187385,-8.8560185874903271e-05,-0.0050100413239320164,0.001572596734198916,-0.00010134979357450091,0,0,0,0,0,0,0.072873230768877459,0.0049097429297968939,0,0,0,1
-0.0033625554943279429,0.0011768746487681491,-4.4659560466917607e-05,-0.0036043019775671395,0.0012408064212685581,-5.1279618387867342e-05,0,0,0,0,0,0,0.074097990949867007,0.0077559707151864015,0,0,0,1
0,0,0,-0.0025189081358006184,0.00093686903232866145,-2.5535402248417547e-05,0,0,0,0,0,0,0.075322751130856541,0.0106496356303324,0,0,0,1
0,0,0,0,0,0,0,0,0,0,0,0,0.076547511311846075,0.013590737675234891,0,0,0,1
0,0,0,0,0,0,0,0,0,0,0,0,0.07777227149283561,0.016579276849893868,0,0,0,1
0,0,0,0,0,0,0,0,0,0,0,0,0.078997031673825144,0.019615253154309349,0,0,0,1
0,0,0,0,0,0,0,0,0,0,0,0,0.080221791854814678,0.022698666588481312,0,0,0,1
0,0,0,0,0,0,0,0,0,0,0,0,0.081446552035804212,0.025829517152409779,0,0,0,1
0,0,0,0,0,0,0,0,0,0,0,0,0.082671312216793746,0.029007804846094717,0,0,0,1
0,0,0,0,0,0,0,0,0,0,0,0,0.083896072397783295,0.03223352966953616,0,0,0,1
0,0,0,0,0,0,0,0,0,0,0,0,0.085120832578772829,0.0355066916227341,0,0,0,1
0,0,0,0,0,0,0,0,0,0,0,0,0.086345592759762363,0.038827290705688515,0,0,0,1
0,0,0,0,0,0,0,0,0,0,0,0,0.087570352940751897,0.042195326918399438,0,0,0,1
0,0,0,0,0,0,0,0,0,0,0,0,0.088795113121741431,0.045610800260866849,0,0,0,1
0,0,0,0,0,0,0,0,0,0,0,0,0.090019873302730979,0.04907371073309074,0,0,0,1
0,0,0,0,0,0,0,0,0,0,0,0,0.091244633483720514,0.052584058335071127,0,0,0,1
0,0,0,0,0,0,0,0,0,0,0,0,0.092469393664710048,0.056141843066808021,0,0,0,1
0,0,0,0,0,0,0,0,0,0,0,0,0.093694153845699582,0.059747064928301383,0,0,0,1
0,0,0,0,0,0,0,0,0,0,0,0,0.094918914026689116,0.06339972391955126,0,0,0,1
0,0,0,0,0,0,0,0,0,0,0,0,0.096143674207678664,0.067099820040557631,0,0,0,1
0,0,0,0,0,0,0,0,0,0,0,0,0.097368434388668185,0.070847353291320483,0,0,0,1
0,0,0,0,0,0,0,0,0,0,0,0,0.098593194569657733,0.07464232367183983,0,0,0,1
0,0,0,0,0,0,0,0,0,0,0,0,0.099817954750647267,0.078484731182115644,0,0,0,1
0,0,0,0,0,0,0,0,0,0,0,0,0.10104271493163682,0.082374575822147966,0,0,0,1
0,0,0,0,0,0,0,0,0,0,0,0,0.10226747511262635,0.086311857591936783,0,0,0,1
0,0,0,0,0,0,0,0,0,0,0,0,0.10349223529361587,0.090296576491482095,0,0,0,1
0,0,0,0,0,0,0,0,0,0,0,0,0.10471699547460542,0.094328732520783901,0,0,0,1
0,0,0,0,0,0,0,0,0,0,0,0,0.10594175565559495,0.098408325679842215,0,0,0,1
0,0,0,0,0,0,0,0,0,0,0,0,0.1071665158365845,0.102535355968657,0,0,0,1
0,0,0,0,0,0,0,0,0,0,0,0,0.10839127601757403,0.10670982338722827,0,0,0,1
0,0,0,0,0,0,0,0,0,0,0,0,0.10961603619856355,0.11093172793555602,0,0,0,1
0,0,0,0,0,0,0,0,0,0,0,0,0.1108407963795531,0.11520106961364028,0,0,0,1
0,0,0,0,0,0,0,0,0,0,0,0,0.11206555656054264,0.11951784842148101,0,0,0,1
0,0,0,0,0,0,0,0,0,0,0,0,0.11329031674153218,0.12388206435907828,0,0,0,1
0,0,0,0,0,0,0,0,0,0,0,0,0.11451507692252172,0.128293717426432,0,0,0,1
0,0,0,0,0,0,0,0,0,0,0,0,0.11573983710351124,0.13275280762354225,0,0,0,1
0,0,0,0,0,0,0,0,0,0,0,0,0.11696459728450077,0.13725933495040896,0,0,0,1
0,0,0,0,0,0,0,0,0,0,0,0,0.11818935746549032,0.14181329940703219,0,0,0,1
0,0,0,0,0,0,0,0,0,0,0,0,0.11941411764647988,0.14641470099341189,0,0,0,1
0,0,0,0,0,0,0,0,0,0,0,0,0.1206388778274694,0.15106353970954808,0,0,0,1
0,0,0,0,0,0,0,0,0,0,0,0,0.12186363800845894,0.15575981555544077,0,0,0,1
