cond_cond.A_b01,cond_cond.A_b02,cond_cond.A_b03,cond_cond.B_b01,cond_cond.B_b02,cond_cond.B_b03,base_poly1_block_1,base_poly2_block_1,base_poly1_block_2,base_poly2_block_2,base_poly1_block_3,base_poly2_block_3,base_poly1_block_4,base_poly2_block_4,constant_1,constant_2,constant_3,constant_4
0,0,0,0,0,0,-0.12186363800845887,0.15575981555544058,0,0,0,0,0,0,1,0,0,0
0,0,0,0,0,0,-0.12063887782746929,0.15106353970954811,0,0,0,0,0,0,1,0,0,0
0,0,0,0,0,0,-0.11941411764647987,0.14641470099341186,0,0,0,0,0,0,1,0,0,0
0,0,0,0,0,0,-0.11818935746549031,0.14181329940703216,0,0,0,0,0,0,1,0,0,0
0,0,0,0,0,0,-0.11696459728450079,0.13725933495040898,0,0,0,0,0,0,1,0,0,0
0.00069550910006820868,0.0042724130432718653,-0.0050460572049691819,0,0,0,-0.11573983710351125,0.13275280762354227,0,0,0,0,0,0,1,0,0,0
0.021615373300931297,0.041959253662706315,-0.059669031945233202,0,0,0,-0.11451507692252172,0.12829371742643203,0,0,0,0,0,0,1,0,0,0
0.080360445710589659,0.068455100771086547,-0.077916443997225263,0,0,0,-0.11329031674153218,0.12388206435907829,0,0,0,0,0,0,1,0,0,0
0.14286787898779324,0.050193982573626415,-0.011898331539253609,0,0,0,-0.11206555656054262,0.11951784842148105,0,0,0,0,0,0,1,0,0,0
0.17381571516376929,0.011064866820713141,0.060356535371830417,0,0,0,-0.1108407963795531,0.11520106961364032,0,0,0,0,0,0,1,0,0,0
0.16767717466375234,-0.02075490782300584,0.08429064799774233,0,0,0,-0.10961603619856357,0.11093172793555604,0,0,0,0,0,0,1,0,0,0
0.138104323493496,-0.03561766197877958,0.065465789333205071,0,0,0,-0.10839127601757403,0.10670982338722827,0,0,0,0,0,0,1,0,0,0
0.10099754998766369,-0.036901180368505447,0.031629727697182808,0,0,0,-0.1071665158365845,0.102535355968657,0,0,0,0,0,0,1,0,0,0
0.066562633094302812,-0.031329983399156623,0.003141129482474342,0,0,0,-0.10594175565559495,0.098408325679842215,0,0,0,0,0,0,1,0,0,0
0.04090964711091926,-0.014837993532825939,-0.024857401262933638,0,0,0,-0.10471699547460542,0.094328732520783914,0,0,0,0,0,0,1,0,0,0
0.049284754025111073,0.033131089594926062,-0.089211248465459039,0,0,0,-0.10349223529361588,0.090296576491482122,0,0,0,0,0,0,1,0,0,0
0.098062036098343144,0.056284747425843176,-0.087460518628301245,0,0,0,-0.10226747511262635,0.086311857591936811,0,0,0,0,0,0,1,0,0,0
0.1465671986697204,0.035287836952593847,-0.0093389608941604318,5.7200643928370899e-05,0.00065780740517627702,-0.00060357640522099433,-0.10104271493163682,0.082374575822147994,0,0,0,0,0,0,1,0,0,0
0.16370111450776384,-0.00085944823527201212,0.059438505339525313,0.011052147123021354,0.028419806852844877,-0.040277138300363655,-0.099817954750647267,0.078484731182115672,0,0,0,0,0,0,1,0,0,0
0.14842155924883974,-0.026998861619320101,0.076454169019979271,0.060196073503809552,0.065212388640433563,-0.082888925644943073,-0.098593194569657733,0.07464232367183983,0,0,0,0,0,0,1,0,0,0
0.11526245913686491,-0.036819631251179735,0.05489742694971575,0.12636032361404306,0.059462508282746074,-0.036512546897665983,-0.097368434388668199,0.070847353291320497,0,0,0,0,0,0,1,0,0,0
0.078685679426917385,-0.03496995112357091,0.022638038629046769,0.16872069297682113,0.022991416114885057,0.042637667069589151,-0.096143674207678664,0.067099820040557631,0,0,0,0,0,0,1,0,0,0
0.046999465390645118,-0.028003765396818859,-0.002532118973546417,0.17276560611844963,-0.012900650374714258,0.082673310153327753,-0.094918914026689116,0.063399723919551274,0,0,0,0,0,0,1,0,0,0
0.022881474295482193,-0.020339115964694929,-0.015729701381287983,0.14841146952538531,-0.03287463172868111,0.073962595934432093,-0.093694153845699582,0.059747064928301417,0,0,0,0,0,0,1,0,0,0
0.0059037864370836551,-0.013875207310561679,-0.019280613249984653,0.11217993274980083,-0.037532988649395117,0.041867329392508826,-0.092469393664710048,0.056141843066808028,0,0,0,0,0,0,1,0,0,0
-0.005386703117937439,-0.0089461964058776249,-0.017376737747445057,0.076272145583800313,-0.033367719369798488,0.010492336182693721,-0.091244633483720514,0.052584058335071147,0,0,0,0,0,0,1,0,0,0
-0.01240901860740376,-0.0052778395948948394,-0.013418261023567621,0.04642521437806444,-0.026164698935491566,-0.0095173090030521244,-0.090019873302730979,0.049073710733090754,0,0,0,0,0,0,1,0,0,0
-0.016248778775895204,-0.0025333749625355267,-0.0093838539466356233,0.02386948232859952,-0.019110428312520907,-0.017869167477718707,-0.088795113121741431,0.045610800260866856,0,0,0,0,0,0,1,0,0,0
-0.017709903133815472,-0.0004950554376428511,-0.0061108472889045071,0.0077782027938316269,-0.013300998659376862,-0.018455779314536382,-0.087570352940751897,0.042195326918399445,0,0,0,0,0,0,1,0,0,0
-0.01558180853201026,0.00021958204664363599,-0.0037528194047476717,-0.0031640288514918199,-0.0087777788161255282,-0.015336896394378005,-0.086345592759762363,0.038827290705688536,0,0,0,0,0,0,1,0,0,0
-0.014752602762703721,0.0013475562758591653,-0.002215680406583789,-0.010118075146001266,-0.0052790420204734453,-0.01125437373019372,-0.085120832578772829,0.035506691622734107,0,0,0,0,0,0,1,0,0,0
-0.013055163367783579,0.0019710832750868411,-0.0012613296465578752,-0.013987420698705748,-0.0025800396650506518,-0.0075894446075781422,-0.083896072397783295,0.032233529669536173,0,0,0,0,0,0,1,0,0,0
-0.010944613076581802,0.0021925706393345775,-0.00069632060013424162,-0.015503324076468561,-0.00055841191746064508,-0.0048066274936291653,-0.082671312216793746,0.029007804846094734,0,0,0,0,0,0,1,0,0,0
-0.0087651569336342806,0.0021284852683268584,-0.00037441393058563842,-0.015308005655165883,0.00085203941514717387,-0.0028979851732818872,-0.081446552035804212,0.025829517152409782,0,0,0,0,0,0,1,0,0,0
-0.0067452717207271314,0.0018908431669320267,-0.00019676809122112787,-0.013981553190387967,0.0017165116209551577,-0.0016787053860208814,-0.080221791854814678,0.022698666588481325,0,0,0,0,0,0,1,0,0,0
-0.0030094136707740954,0.010686567154021836,-0.011855569113010047,-0.012027265181038744,0.0021249144010760342,-0.0009404948417919822,-0.078997031673825144,0.019615253154309356,0,0,0,0,0,0,1,0,0,0
0.027257923440415107,0.051594962159046152,-0.070605069049150926,-0.009846578359640059,0.0021889130459513289,-0.00051216371545425535,-0.077772271492835596,0.016579276849893881,0,0,0,0,0,0,1,0,0,0
0.091530153435307168,0.069041153220756019,-0.069731037048359645,-0.0077252651249783682,0.0020249828073192889,-0.0002721539642495691,-0.076547511311846061,0.013590737675234903,0,0,0,0,0,0,1,0,0,0
0.1521906257076803,0.042920702564031729,0.004788510585901351,-0.0058377012709751553,0.0017369713346883948,-0.0001415514799658525,-0.075322751130856527,0.010649635630332411,0,0,0,0,0,0,1,0,0,0
0.1752682254608452,0.0035332458209023174,0.069515130253067214,-0.0042655914735652781,0.00140524564680997,-7.2243256925804761e-05,-0.074097990949866993,0.0077559707151864127,0,0,0,0,0,0,1,0,0,0
0.16308038950176551,-0.025092911489813435,0.083110657033519386,-0.0030235617771667508,0.001083662485483974,-3.6254611428768342e-05,-0.072873230768877445,0.0049097429297969035,0,0,0,0,0,0,1,0,0,0
0.13085924616303923,-0.036745909588471834,0.059046510131699717,0,0,0,-0.071648470587887911,0.0021109522741638923,0,0,0,0,0,0,1,0,0,0
0.093689897666538208,-0.036135111333190931,0.025107692770747148,0,0,0,-0.070423710406898377,-0.0006404012517126328,0,0,0,0,0,0,1,0,0,0
0.060440226939819305,-0.029885900043199153,-0.001116646888857238,0,0,0,-0.069198950225908842,-0.0033443176478326676,0,0,0,0,0,0,1,0,0,0
0.034263032194278363,-0.022514013206582972,-0.014943774181829602,0,0,0,-0.067974190044919294,-0.0060007969141962075,0,0,0,0,0,0,1,0,0,0
0.015097770363982545,-0.016033775207934413,-0.018855913700750043,0,0,0,-0.066749429863929774,-0.0086098390508032533,0,0,0,0,0,0,1,0,0,0
0.001742454749492482,-0.010893637393194275,-0.017152572670244896,0,0,0,-0.06552466968294024,-0.011171444057653815,0,0,0,0,0,0,1,0,0,0
-0.0070777976232842855,-0.0069169270557759687,-0.013302357165833069,0,0,0,-0.064299909501950692,-0.013685611934747878,0,0,0,0,0,0,1,0,0,0
-0.012389821827046447,-0.0038392953101285912,-0.0093250104360673592,0,0,0,-0.063075149320961157,-0.016152342682085451,0,0,0,0,0,0,1,0,0,0
-0.014997920405167346,-0.0014892536230931778,-0.0060814557616382693,0,0,0,-0.061850389139971623,-0.01857163629966653,0,0,0,0,0,0,1,0,0,0
-0.01558180853201026,0.00021958204664363111,-0.0037528194047476782,0,0,0,-0.060625628958982082,-0.020943492787491122,0,0,0,0,0,0,1,0,0,0
-0.014752602762703727,0.0013475562758591625,-0.0022156804065837929,0,0,0,-0.059400868777992548,-0.023267912145559212,0,0,0,0,0,0,1,0,0,0
-0.013055163367783586,0.0019710832750868398,-0.0012613296465578776,1.5001568968801797e-05,0.00023502458051124502,-0.00018521235566042462,-0.058176108597003014,-0.025544894373870822,0,0,0,0,0,0,1,0,0,0
-0.010944613076581818,0.0021925706393345771,-0.00069632060013424455,0.0084324289174700136,0.023999989982199963,-0.03371754720339111,-0.056951348416013473,-0.02777443947242593,0,0,0,0,0,0,1,0,0,0
-0.0087651569336342963,0.0021284852683268597,-0.00037441393058564005,0.05377502217481115,0.063127185130712471,-0.082439248160982137,-0.055726588235023938,-0.029956547441224553,0,0,0,0,0,0,1,0,0,0
-0.0067452717207271444,0.0018908431669320289,-0.00019676809122112877,0.12028615584641456,0.061964741603876432,-0.044210851879445394,-0.054501828054034397,-0.032091218280266696,0,0,0,0,0,0,1,0,0,0
-0.0050100413239319913,0.0015725967341989108,-0.00010134979357449977,0.16621890024520641,0.027046113374259197,0.035776047573448724,-0.053277067873044856,-0.034178451989552328,0,0,0,0,0,0,1,0,0,0
-0.0023773343528864298,0.007682386450817087,-0.0080427201660995904,0.1739086436060405,-0.0099316766009122787,0.081132486752563571,-0.052052307692055329,-0.036218248569081471,0,0,0,0,0,0,1,0,0,0
0.023509715856986121,0.047209977563189599,-0.065451143881963145,0.15163922544912725,-0.03165376337567026,0.076376082252308131,-0.050827547511065788,-0.038210608018854127,0,0,0,0,0,0,1,0,0,0
0.08721359014800914,0.068524822584468251,-0.074261145776196066,0.11593627079835903,-0.037578664685791824,0.045341638437265935,-0.049602787330076253,-0.040155530338870295,0,0,0,0,0,0,1,0,0,0
0.14771123717397755,0.046641921338883813,-0.0035206277980682006,0.079640619603632529,-0.033996716951247355,0.013191541724351578,-0.048378027149086712,-0.042053015529129954,0,0,0,0,0,0,1,0,0,0
0.17473033145821404,0.0072442800906159181,0.065212771122618834,0.049078983484508482,-0.026911066136337366,-0.0080871675340473213,-0.047153266968097178,-0.043903063589633133,0,0,0,0,0,0,1,0,0,0
0.16548722818304371,-0.023013943746714213,0.08390821412044841,0.025813216577195677,-0.019766441049943309,-0.017457518664192012,-0.04592850678710763,-0.045705674520379817,0,0,0,0,0,0,1,0,0,0
0.13451214438658049,-0.036194789637039877,0.062280336037931136,0.00913417304072499,-0.013820603319064385,-0.018622274687233816,-0.044703746606118103,-0.047460848321370028,0,0,0,0,0,0,1,0,0,0
0.10357010931788398,-0.016770700618915817,0.00090651034888144784,-0.0022662551392721563,-0.0091794164807069475,-0.015725585179064347,-0.043478986425128568,-0.049168584992603737,0,0,0,0,0,0,1,0,0,0
0.11105187055540928,0.029950626649013306,-0.079986436291480834,-0.0095746854463176038,-0.0055900830788545635,-0.011657783695008094,-0.04225422624413902,-0.050828884534080937,0,0,0,0,0,0,1,0,0,0
0.15052925961038097,0.040884270644166533,-0.065558189768760572,-0.013717570463348105,-0.0028180928617240878,-0.0079189507874745206,-0.041029466063149493,-0.052441746945801657,0,0,0,0,0,0,1,0,0,0
0.18004201832172823,0.014475337815057773,0.009717341947964234,-0.015438848113091068,-0.00073213106247010397,-0.0050433382588903168,-0.039804705882159945,-0.054007172227765902,0,0,0,0,0,0,1,0,0,0
0.1776009286062363,-0.018145931574517767,0.061592782656408558,-0.015387493752863598,0.00073680236265362767,-0.0030542742598633566,-0.038579945701170418,-0.055525160379973633,0,0,0,0,0,0,1,0,0,0
0.14836827642156217,-0.037540166511176039,0.064813290338104901,-0.014150031619792572,0.0016522849553162033,-0.0017757423808683758,-0.037355185520180884,-0.056995711402424883,0,0,0,0,0,0,1,0,0,0
0.10770022343842081,-0.041642428874529895,0.039120392386385615,-0.0118829860174305,0.0047094694606900286,-0.0038909109906593489,-0.036130425339191342,-0.058418825295119624,0,0,0,0,0,0,1,0,0,0
0.068231608443772115,-0.036287438546560094,0.0096445073955206927,0.0075762114002772864,0.039683864397404005,-0.053985750643127821,-0.034905665158201808,-0.059794502058057898,0,0,0,0,0,0,1,0,0,0
0.036210839924172837,-0.027582825389885331,-0.010481198962101278,0.065610392852664928,0.069930921173992702,-0.080894477257824726,-0.033680904977212267,-0.061122741691239657,0,0,0,0,0,0,1,0,0,0
0.012940230586935436,-0.019176415754685143,-0.019303414042839692,0.13166631791615577,0.055308673602192972,-0.020405527187978185,-0.032456144796222733,-0.062403544194664921,0,0,0,0,0,0,1,0,0,0
-0.0027074191453576547,-0.012424818224354619,-0.020085743779519463,0.16810652160336714,0.016415559274633042,0.054882814670745336,-0.031231384615233195,-0.063636909568333733,0,0,0,0,0,0,1,0,0,0
-0.012491323349631571,-0.0074063061247820116,-0.016843628733050141,0.16649873591354894,-0.017201117422361342,0.084190732741826119,-0.030006624434243657,-0.064822837812246015,0,0,0,0,0,0,1,0,0,0
-0.017978607269844231,-0.0037647607493289412,-0.012464088197055226,0.14162889684048047,-0.034850243512421046,0.068477485780010783,-0.028781864253254116,-0.065961328926401816,0,0,0,0,0,0,1,0,0,0
-0.020359374688856614,-0.0011433793865993178,-0.0084675338761329762,0.1047597598316202,-0.036529537261220511,0.034391774345087008,-0.027557104072264586,-0.067052382910801137,0,0,0,0,0,0,1,0,0,0
-0.020525660862690275,0.00069390657321377689,-0.0053974548397968053,0.08078293265799999,-0.0036103250725972647,-0.034812803635379176,-0.026332343891275048,-0.068095999765443962,0,0,0,0,0,0,1,0,0,0
-0.019185182358020879,0.0018892383810020941,-0.0032726218910649344,0.10153680427560623,0.040528908573191226,-0.094910733805512251,-0.02510758371028551,-0.069092179490330294,0,0,0,0,0,0,1,0,0,0
-0.016925866224921277,0.0025486678080878611,-0.0019051510861942816,0.14653581581920908,0.041624000711911656,-0.054977120670970027,-0.023882823529295969,-0.070040922085460117,0,0,0,0,0,0,1,0,0,0
-0.012447449605728718,0.0020745520982426192,-0.0010585896505847646,0.17393957731539691,0.010690689750287802,0.024618881731111285,-0.022658063348306435,-0.070942227550833473,0,0,0,0,0,0,1,0,0,0
-0.010285427421454395,0.00219798915462169,-0.00057955981357648027,0.16792398202288752,-0.020905427751461751,0.068137301343094064,-0.021433303167316897,-0.07179609588645032,0,0,0,0,0,0,1,0,0,0
-0.0081349235847896911,0.0020707247401097551,-0.00030939749035418986,0.13729795581432694,-0.037555135468913509,0.063499510986038787,-0.020208542986327363,-0.072602527092310673,0,0,0,0,0,0,1,0,0,0
-0.004964488871504729,0.0082418389352878329,-0.0081530190640607039,0.097722547485189659,-0.039657029684445289,0.034909208308105899,-0.018983782805337825,-0.073361521168414531,0,0,0,0,0,0,1,0,0,0
0.021475300138794361,0.047745239540447702,-0.065508370780206632,0.060690457995507652,-0.033596982293820694,0.0061326726271156177,-0.017759022624348288,-0.074073078114761923,0,0,0,0,0,0,1,0,0,0
0.08396714644009079,0.069670244185251959,-0.074302813273837531,0.031309387087247419,-0.025098559061910924,-0.012123204560324879,-0.01653426244335875,-0.074737197931352806,0,0,0,0,0,0,1,0,0,0
0.14771123717397786,0.046641921338883549,-0.0035206277980676104,0.010243011610238537,-0.017279098348342417,-0.01936792982342005,-0.015309502262369214,-0.075353880618187208,0,0,0,0,0,0,1,0,0,0
0.17473033145821407,0.0072442800906156544,0.06521277112261914,-0.0038202004856380083,-0.011139513218613504,-0.019290408416363283,-0.014084742081379676,-0.075923126175265088,0,0,0,0,0,0,1,0,0,0
0.16548722818304354,-0.023013943746714362,0.083908214120448354,-0.012574495908608438,-0.006607015430214731,-0.015789058919784223,-0.012859981900390139,-0.076444934602586515,0,0,0,0,0,0,1,0,0,0
0.13450996110457203,-0.036247188405236913,0.062313022500254389,-0.017443331159026628,-0.0033046857392642669,-0.011493562668031691,-0.011635221719400603,-0.076919305900151433,0,0,0,0,0,0,1,0,0,0
0.097324546140263743,-0.036548317343117524,0.028329782032619766,-0.019484199312232154,-0.00090801713564602339,-0.0077133576834107426,-0.010410461538411065,-0.077346240067959857,0,0,0,0,0,0,1,0,0,0
0.063465313935352166,-0.030614072989954715,0.0009472826566311876,-0.019494517398071665,0.00078043118150213748,-0.0048696462551586651,-0.0091857013574215274,-0.077725737106011786,0,0,0,0,0,0,1,0,0,0
0.036550072418013876,-0.02322840880418978,-0.014075789182522308,-0.016893905431286878,0.0083171915446216237,-0.010920951579804453,-0.0079609411764319914,-0.078057797014307234,0,0,0,0,0,0,1,0,0,0
0.016730417189565638,-0.016621475965487045,-0.018786446032766427,0.012047070802399121,0.047989620151816403,-0.067104313865735954,-0.0067361809954424538,-0.078342419792846174,0,0,0,0,0,0,1,0,0,0
0.0028545683894247078,-0.011350604745785899,-0.017465290329030103,0.075186324966970905,0.070649736985544262,-0.075201640617987717,-0.0055114208144529169,-0.078579605441628633,0,0,0,0,0,0,1,0,0,0
-0.0063685097878113644,-0.0072703313221725643,-0.013715754177002527,0.13786465881433782,0.048830834384834876,-0.0040327915135218622,-0.0042866606334633801,-0.078769353960654598,0,0,0,0,0,0,1,0,0,0
-0.011992300841484942,-0.0041123342947743035,-0.009697096373432329,0.16700506633323572,0.0092692628979349403,0.064940617158369573,-0.0030619004524738429,-0.078911665349924082,0,0,0,0,0,0,1,0,0,0
-0.014838792486769189,-0.0016943752269766076,-0.0063642659674089264,0.15964952691206841,-0.021276972412025971,0.083766662640482506,-0.0018371402714843056,-0.079006539609437071,0,0,0,0,0,0,1,0,0,0
-0.015596630121732303,7.5873626471596967e-05,-0.0039468655410529853,0.13025937119997558,-0.034606918177915669,0.062055566887668126,-0.00061238009049476862,-0.079053976739193565,0,0,0,0,0,0,1,0,0,0
-0.014882970037785463,0.0012589369807160795,-0.0023396551653402068,0.1027334132805672,-0.01146466487543327,-0.0054240197822005808,0.00061238009049476743,-0.079053976739193565,0,0,0,0,0,0,1,0,0,0
-0.013250185705657695,0.0019286818941736555,-0.0013363878232506535,0.11724033611016377,0.032513112140757909,-0.081491965504350977,0.0018371402714843067,-0.079006539609437071,0,0,0,0,0,0,1,0,0,0
-0.011163526825917329,0.0021852191934715296,-0.00073986698820352177,0.15683622826442886,0.038736332799686468,-0.058286641061967154,0.0030619004524738438,-0.078911665349924082,0,0,0,0,0,0,1,0,0,0
-0.0089788179178589209,0.0021444391419345298,-0.00039881102274191821,0.18294931743477222,0.010424637408771864,0.016989601540682783,0.004286660633463381,-0.078769353960654598,0,0,0,0,0,0,1,0,0,0
-0.0069357995010909251,0.0019195750393522447,-0.00021004166092382845,0.17676321199546513,-0.021282281346698389,0.063667196423533579,0.0055114208144529178,-0.078579605441628633,0,0,0,0,0,0,1,0,0,0
-0.0051689686520847294,0.0016059263803802027,-0.00010839256537155949,0.14527071566131622,-0.03892409469784279,0.062660328075305721,0.0067361809954424546,-0.078342419792846188,0,0,0,0,0,0,1,0,0,0
-0.0037300014836519359,0.0012732305741271128,-5.4935948208565588e-05,0.10394396995687442,-0.041690998980566177,0.035644542063833801,0.0079609411764319914,-0.07805779701430722,0,0,0,0,0,0,1,0,0,0
-0.0026140121499880105,0.00096529262905296941,-2.7397684638883979e-05,0.064801827116863608,-0.03569109217822404,0.0068272757569428025,0.0091857013574215291,-0.077725737106011786,0,0,0,0,0,0,1,0,0,0
0,0,0,0.033482353362776364,-0.026835192509865841,-0.012034033075100233,0.010410461538411065,-0.077346240067959857,0,0,0,0,0,0,1,0,0,0
0,0,0,0.010930246539410333,-0.018507504069227292,-0.019797173829532205,0.011635221719400603,-0.076919305900151433,0,0,0,0,0,0,1,0,0,0
0,0,0,-0.0041160126649326372,-0.011891921424890773,-0.019958662510484493,0.012859981900390139,-0.076444934602586501,0,0,0,0,0,0,1,0,0,0
0,0,0,-0.013429781965189388,-0.0069941972872354765,-0.016465452167267931,0.014084742081379676,-0.075923126175265102,0,0,0,0,0,0,1,0,0,0
0,0,0,-0.018553503364176476,-0.0034456439369200758,-0.012056594717750073,0.015309502262369214,-0.075353880618187208,0,0,0,0,0,0,1,0,0,0
0,0,0,-0.02065336996443902,-0.00089851782237187279,-0.0081289924483983981,0.01653426244335875,-0.074737197931352806,0,0,0,0,0,0,1,0,0,0
0,0,0,-0.020607816765175788,0.00087379531791007404,-0.0051517308242619098,0.017759022624348284,-0.074073078114761909,0,0,0,0,0,0,1,0,0,0
0.00015795069263346785,0.0014215562337012474,-0.0014538056849269503,-0.019117495236515545,0.0020100329367807243,-0.0031092102080719441,0.018983782805337825,-0.073361521168414531,0,0,0,0,0,0,1,0,0,0
0.014119955434439255,0.032946562597338351,-0.046915035242090758,-0.016764043769780607,0.0026175775843691636,-0.0018031400655072736,0.020208542986327363,-0.072602527092310673,0,0,0,0,0,0,1,0,0,0
0.066800933147084893,0.066800894173258504,-0.082272945158944302,-0.012238615957619426,0.0021015165659719988,-0.00099794001308036481,0.021433303167316897,-0.07179609588645032,0,0,0,0,0,0,1,0,0,0
0.13216804216517786,0.056641853439376798,-0.028492503495595792,-0.010065775507785785,0.0021946424031905388,-0.0005448881714305554,0.022658063348306435,-0.070942227550833473,0,0,0,0,0,0,1,0,0,0
0.17081796213988126,0.018960003912808648,0.049044416946177609,-0.0048632883958880518,0.01431115957997464,-0.016596105732081597,0.023882823529295973,-0.070040922085460131,0,0,0,0,0,0,1,0,0,0
0.17133428383021218,-0.015696571744063678,0.083698557418304606,0.030076411894110741,0.055902966226787983,-0.075069244919099373,0.02510758371028551,-0.069092179490330294,0,0,0,0,0,0,1,0,0,0
0.1450695470015623,-0.033938079673527126,0.071319601584296913,0.096410937044319051,0.068650826761314468,-0.064406696798388063,0.026332343891275048,-0.068095999765443962,0,0,0,0,0,0,1,0,0,0
0.1087882060289382,-0.03479226392660674,0.035519992201984464,0.15315748665540946,0.04018081347757653,0.012906456734525408,0.027557104072264586,-0.067052382910801137,0,0,0,0,0,0,1,0,0,0
0.090609995197807269,0.0047784869062395992,-0.045525357897934091,0.17544116219546388,-5.241514477320258e-05,0.073256518763553199,0.028781864253254116,-0.06596132892640183,0,0,0,0,0,0,1,0,0,0
0.1173852784216757,0.042460829021666986,-0.09143200599116226,0.16047459845428969,-0.026993337398532515,0.081927714818638919,0.030006624434243657,-0.064822837812246029,0,0,0,0,0,0,1,0,0,0
0.1596700026035536,0.035072125782975749,-0.038457601624713081,0.12716489793477381,-0.037121071349244229,0.055692264987695014,0.031231384615233192,-0.063636909568333733,0,0,0,0,0,0,1,0,0,0
0.17898784480285984,0.0021824535968921598,0.036706677116202131,0.090099407093844314,-0.035663967008548875,0.021972693314368224,0.032456144796222726,-0.062403544194664942,0,0,0,0,0,0,1,0,0,0
0.16561004422221523,-0.026701786227465441,0.069289864957036637,0.061955870037329948,-0.013309599084954132,-0.024619599974113428,0.033680904977212267,-0.061122741691239678,0,0,0,0,0,0,1,0,0,0
0.13099813960555923,-0.039826146405678151,0.057621595671076588,0.073723963890779995,0.035744184437658796,-0.094118099577300551,0.034905665158201801,-0.059794502058057905,0,0,0,0,0,0,1,0,0,0
0.090468756542807505,-0.039536058776050181,0.027726220203368658,0.1209997666683954,0.050412360320083796,-0.077092731668196302,0.036130425339191342,-0.058418825295119638,0,0,0,0,0,0,1,0,0,0
0.054180051209565754,-0.032420939546068436,0.00088554641239884779,0.1606761770895373,0.024669441105793978,0.0040521727146916563,0.037355185520180877,-0.05699571140242489,0,0,0,0,0,0,1,0,0,0
0.02612346211425173,-0.023721687131510974,-0.014770407247645867,0.17197762087317331,0.0057675744023672109,0.041978566937148597,0.038579945701170411,-0.055525160379973633,0,0,0,0,0,0,1,0,0,0
0.0063686102360973346,-0.016062349408263434,-0.020051017295663782,0.18660422240760161,0.025262731065864474,-0.0069773687883647149,0.039804705882159945,-0.054007172227765902,0,0,0,0,0,0,1,0,0,0
-0.006594863670437932,-0.010155862061110639,-0.018904890965078233,0.21577861643365126,0.027201763721499399,-0.011755734776667127,0.041029466063149493,-0.052441746945801671,0,0,0,0,0,0,1,0,0,0
-0.014469692593965452,-0.0058238617286114035,-0.01501729571659691,0.23100572057228441,0.00031974992002506105,0.036245131996804444,0.042254226244139027,-0.050828884534080951,0,0,0,0,0,0,1,0,0,0
-0.018637508236659273,-0.0026802701939541286,-0.010718251481964229,0.21525944183118206,-0.030473377440849245,0.069482196368518073,0.043478986425128568,-0.049168584992603737,0,0,0,0,0,0,1,0,0,0
-0.020123001219103966,-0.0004193695930241742,-0.0070905724061822934,0.17508781581708938,-0.045217078103491876,0.059923724637358136,0.044703746606118103,-0.047460848321370028,0,0,0,0,0,0,1,0,0,0
-0.019708419762274453,0.0011427010095348502,-0.0044271427221947105,0.14236110803547533,-0.01259360806914521,-0.02065441477117011,0.04592850678710763,-0.045705674520379831,0,0,0,0,0,0,1,0,0,0
-0.018032539546226932,0.0021195390354531041,-0.0026397057399698406,0.15119655268535515,0.024827026139077016,-0.078486384502522155,0.047153266968097178,-0.04390306358963314,0,0,0,0,0,0,1,0,0,0
-0.013626470718360704,0.0018313299641783923,-0.0014987623457012956,0.17733977933419459,0.020759177666617883,-0.037770743550701986,0.048378027149086712,-0.042053015529129961,0,0,0,0,0,0,1,0,0,0
-0.011440452586835945,0.003583041674464698,-0.0022884347867540879,0.18445580514624313,-0.0079153250206464333,0.029877265766433431,0.049602787330076253,-0.040155530338870295,0,0,0,0,0,0,1,0,0,0
0.0047094883773232676,0.035117325983249736,-0.047367197767497961,0.16289945045566787,-0.033104805326516801,0.059804545298817909,0.050827547511065788,-0.038210608018854141,0,0,0,0,0,0,1,0,0,0
0.059475677134060566,0.068775250454467793,-0.082512134096782097,0.12334417602031893,-0.043466118362740183,0.048596014365339418,0.052052307692055315,-0.036218248569081485,0,0,0,0,0,0,1,0,0,0
0.12667126355165226,0.058313875968780945,-0.028616416571427272,0.081843441897093527,-0.04191424128385144,0.020534493937878089,0.053277067873044863,-0.034178451989552334,0,0,0,0,0,0,1,0,0,0
0.1668267688182784,0.020298847011770847,0.048981398184648924,0.043972632240809828,-0.033300940327348025,-0.0042631266117863272,0.054501828054034397,-0.032091218280266696,0,0,0,0,0,0,1,0,0,0
0.16852141642941018,-0.014672999644138335,0.083667031559494079,0.015579204036975866,-0.023582775430300757,-0.018182014633870917,0.055726588235023938,-0.029956547441224564,0,0,0,0,0,0,1,0,0,0
0.1450695470015618,-0.033938079673527258,0.07131960158429651,-0.0036780637441017165,-0.015257397924353997,-0.022182792715641005,0.056951348416013473,-0.027774439472425947,0,0,0,0,0,0,1,0,0,0
0.10843257608874882,-0.037400216821324501,0.038412963179562665,-0.015620692581080132,-0.0089599373848635727,-0.020176307753389498,0.058176108597003,-0.025544894373870829,0,0,0,0,0,0,1,0,0,0
0.07296800828974434,-0.032710735087973133,0.0079155045737619445,-0.02219724036632563,-0.0044552261921321111,-0.015747166535761196,0.059400868777992541,-0.02326791214555923,0,0,0,0,0,0,1,0,0,0
0.043846010566526601,-0.025417885857951721,-0.010829223353413835,-0.024981359265183092,-0.0013047915883938159,-0.011124027132896928,0.060625628958982082,-0.020943492787491125,0,0,0,0,0,0,1,0,0,0
0.026458123358501229,-0.00262860322206971,-0.03977206122707487,-0.022800433522134705,-3.2516057393507276e-05,-0.0072879019960166913,0.061850389139971623,-0.018571636299666544,0,0,0,0,0,0,1,0,0,0
0.048150571877001599,0.044759537298701357,-0.096660115655694545,-0.02195471730706541,0.0016018442051459491,-0.0045322444430595122,0.063075149320961157,-0.016152342682085461,0,0,0,0,0,0,1,0,0,0
0.10345441638338987,0.05748597448802481,-0.073162332229015359,-0.019818040007204402,0.002571788084999276,-0.0026944557431474621,0.064299909501950692,-0.013685611934747884,0,0,0,0,0,0,1,0,0,0
0.14936989240674298,0.030138179395108974,0.010017438740948272,-0.016989026212688673,0.0030082046129465486,-0.0015434219061682139,0.065524669682940226,-0.01117144405765382,0,0,0,0,0,0,1,0,0,0
0.16102857481981295,-0.005847810477270351,0.069166832564603514,-0.011598403279469441,0.0021614854407632817,-0.00083462910182693288,0.066749429863929774,-0.0086098390508032637,0,0,0,0,0,0,1,0,0,0
0.14213685399569753,-0.02910861311796982,0.075811298219076173,-0.0094104670571164891,0.0021707633859107383,-0.00045216252540627511,0.067974190044919308,-0.0060007969141962153,0,0,0,0,0,0,1,0,0,0
0.10822163734788559,-0.036418217777821782,0.049526288235474329,-0.0073252560130252871,0.0019743562812091333,-0.00023918893783803205,0.069198950225908842,-0.0033443176478326758,0,0,0,0,0,0,1,0,0,0
0.07275109687052482,-0.033375638849214448,0.017352105133744238,-0.0054967786135263702,0.001672022529404594,-0.0001239130758326475,0.07042371040689839,-0.00064040125171264495,0,0,0,0,0,0,1,0,0,0
0.042796944088880073,-0.026260523975912813,-0.005742358660071667,-0.0039911933216030988,0.0013388430989627635,-6.3018761529525622e-05,0.071648470587887925,0.0021109522741638788,0,0,0,0,0,0,1,0,0,0
0.020272632529914444,-0.01893576190201119,-0.016864555009447602,-0.0028128674008017496,0.0010235720999257133,-3.152585881059065e-05,0.072873230768877459,0.0049097429297968939,0,0,0,0,0,0,1,0,0,0
0.0044813283438714293,-0.012899656387840045,-0.019088441009116788,0,0,0,0.074097990949867007,0.0077559707151864015,0,0,0,0,0,0,1,0,0,0
-0.0060132072083040593,-0.0083097275308956602,-0.016601688412154682,0,0,0,0.075322751130856541,0.0106496356303324,0,0,0,0,0,0,1,0,0,0
-0.012519302263698202,-0.0048646145344622121,-0.012543394451618154,0,0,0,0.076547511311846075,0.013590737675234891,0,0,0,0,0,0,1,0,0,0
-0.016021461995202671,-0.0022613122132288557,-0.0086386739198166442,0,0,0,0.07777227149283561,0.016579276849893868,0,0,0,0,0,0,1,0,0,0
-0.015256236675022568,-0.001098132866128461,-0.0055439238492645346,0,0,0,0.078997031673825144,0.019615253154309349,0,0,0,0,0,0,1,0,0,0
-0.015510507691742776,0.00048958466882331947,-0.0033884380307214841,0,0,0,0.080221791854814678,0.022698666588481312,0,0,0,0,0,0,1,0,0,0
-0.014466547200882363,0.0015096818505648286,-0.001984941527428881,0,0,0,0.081446552035804212,0.025829517152409779,0,0,0,0,0,0,1,0,0,0
-0.012653403554375969,0.0020439029731962204,-0.0011225975396524362,0,0,0,0.082671312216793746,0.029007804846094717,0,0,0,0,0,0,1,0,0,0
-0.010505290059797254,0.0021988375030702733,-0.00061628262403710563,0,0,0,0.083896072397783295,0.03223352966953616,0,0,0,0,0,0,1,0,0,0
-0.0083430482575241084,0.0020915249776566856,-0.0003297809116142832,0,0,0,0.085120832578772829,0.0355066916227341,0,0,0,0,0,0,1,0,0,0
-0.0063730297187732342,0.0018311071291682525,-0.00017258088748179333,0,0,0,0.086345592759762363,0.038827290705688515,0,0,0,0,0,0,1,0,0,0
-0.0047022127163877667,0.0015056482114187461,-8.8560185874904585e-05,0,0,0,0.087570352940751897,0.042195326918399438,0,0,0,0,0,0,1,0,0,0
-0.0033625554943279693,0.0011768746487681562,-4.4659560466918292e-05,0,0,0,0.088795113121741431,0.045610800260866849,0,0,0,0,0,0,1,0,0,0
0,0,0,0,0,0,0.090019873302730979,0.04907371073309074,0,0,0,0,0,0,1,0,0,0
0,0,0,0,0,0,0.091244633483720514,0.052584058335071127,0,0,0,0,0,0,1,0,0,0
0,0,0,0,0,0,0.092469393664710048,0.056141843066808021,0,0,0,0,0,0,1,0,0,0
0,0,0,0,0,0,0.093694153845699582,0.059747064928301383,0,0,0,0,0,0,1,0,0,0
0,0,0,0,0,0,0.094918914026689116,0.06339972391955126,0,0,0,0,0,0,1,0,0,0
0,0,0,0,0,0,0.096143674207678664,0.067099820040557631,0,0,0,0,0,0,1,0,0,0
0,0,0,0,0,0,0.097368434388668185,0.070847353291320483,0,0,0,0,0,0,1,0,0,0
0,0,0,0,0,0,0.098593194569657733,0.07464232367183983,0,0,0,0,0,0,1,0,0,0
0,0,0,0,0,0,0.099817954750647267,0.078484731182115644,0,0,0,0,0,0,1,0,0,0
0,0,0,0,0,0,0.10104271493163682,0.082374575822147966,0,0,0,0,0,0,1,0,0,0
0,0,0,0,0,0,0.10226747511262635,0.086311857591936783,0,0,0,0,0,0,1,0,0,0
0,0,0,0,0,0,0.10349223529361587,0.090296576491482095,0,0,0,0,0,0,1,0,0,0
0,0,0,0,0,0,0.10471699547460542,0.094328732520783901,0,0,0,0,0,0,1,0,0,0
0,0,0,0,0,0,0.10594175565559495,0.098408325679842215,0,0,0,0,0,0,1,0,0,0
0,0,0,0,0,0,0.1071665158365845,0.102535355968657,0,0,0,0,0,0,1,0,0,0
0,0,0,0,0,0,0.10839127601757403,0.10670982338722827,0,0,0,0,0,0,1,0,0,0
0,0,0,0,0,0,0.10961603619856355,0.11093172793555602,0,0,0,0,0,0,1,0,0,0
0,0,0,0,0,0,0.1108407963795531,0.11520106961364028,0,0,0,0,0,0,1,0,0,0
0,0,0,0,0,0,0.11206555656054264,0.11951784842148101,0,0,0,0,0,0,1,0,0,0
0,0,0,0,0,0,0.11329031674153218,0.12388206435907828,0,0,0,0,0,0,1,0,0,0
0,0,0,0,0,0,0.11451507692252172,0.128293717426432,0,0,0,0,0,0,1,0,0,0
0,0,0,0,0,0,0.11573983710351124,0.13275280762354225,0,0,0,0,0,0,1,0,0,0
0,0,0,0,0,0,0.11696459728450077,0.13725933495040896,0,0,0,0,0,0,1,0,0,0
0,0,0,0,0,0,0.11818935746549032,0.14181329940703219,0,0,0,0,0,0,1,0,0,0
0,0,0,0,0,0,0.11941411764647988,0.14641470099341189,0,0,0,0,0,0,1,0,0,0
0,0,0,0,0,0,0.1206388778274694,0.15106353970954808,0,0,0,0,0,0,1,0,0,0
0,0,0,0,0,0,0.12186363800845894,0.15575981555544077,0,0,0,0,0,0,1,0,0,0
0,0,0,0,0,0,0,0,-0.12186363800845887,0.15575981555544058,0,0,0,0,0,1,0,0
0,0,0,0,0,0,0,0,-0.12063887782746929,0.15106353970954811,0,0,0,0,0,1,0,0
0,0,0,0,0,0,0,0,-0.11941411764647987,0.14641470099341186,0,0,0,0,0,1,0,0
0,0,0,0,0,0,0,0,-0.11818935746549031,0.14181329940703216,0,0,0,0,0,1,0,0
0,0,0,0,0,0,0,0,-0.11696459728450079,0.13725933495040898,0,0,0,0,0,1,0,0
0,0,0,0,0,0,0,0,-0.11573983710351125,0.13275280762354227,0,0,0,0,0,1,0,0
0,0,0,0,0,0,0,0,-0.11451507692252172,0.12829371742643203,0,0,0,0,0,1,0,0
0,0,0,0,0,0,0,0,-0.11329031674153218,0.12388206435907829,0,0,0,0,0,1,0,0
0,0,0,0,0,0,0,0,-0.11206555656054262,0.11951784842148105,0,0,0,0,0,1,0,0
0,0,0,0,0,0,0,0,-0.1108407963795531,0.11520106961364032,0,0,0,0,0,1,0,0
0,0,0,0,0,0,0,0,-0.10961603619856357,0.11093172793555604,0,0,0,0,0,1,0,0
0,0,0,0,0,0,0,0,-0.10839127601757403,0.10670982338722827,0,0,0,0,0,1,0,0
0,0,0,0,0,0,0,0,-0.1071665158365845,0.102535355968657,0,0,0,0,0,1,0,0
0,0,0,0.0020006276531579453,0.0091139704198231059,-0.011754219319435806,0,0,-0.10594175565559495,0.098408325679842215,0,0,0,0,0,1,0,0
0,0,0,0.030862225417982513,0.050354155737777809,-0.070553789430763306,0,0,-0.10471699547460542,0.094328732520783914,0,0,0,0,0,1,0,0
0,0,0,0.09404906157110815,0.068104284188427303,-0.069705501646110904,0,0,-0.10349223529361588,0.090296576491482122,0,0,0,0,0,1,0,0
0,0,0,0.15219062570768052,0.042920702564031507,0.0047885105859018142,0,0,-0.10226747511262635,0.086311857591936811,0,0,0,0,0,1,0,0
0,0,0,0.1752682254608452,0.0035332458209021136,0.069515130253067423,0,0,-0.10104271493163682,0.082374575822147994,0,0,0,0,0,1,0,0
0,0,0,0.16308038950176537,-0.025092911489813543,0.083110657033519331,0,0,-0.099817954750647267,0.078484731182115672,0,0,0,0,0,1,0,0
0.0030656620097151326,0.012262648038391657,-0.016305895474487277,0.13085924616303876,-0.036745909588471883,0.059046510131699287,0,0,-0.098593194569657733,0.07464232367183983,0,0,0,0,0,1,0,0
0.036089408297886365,0.054134109620777776,-0.074917996613519527,0.09368989766653775,-0.036135111333190868,0.025107692770746749,0,0,-0.097368434388668199,0.070847353291320497,0,0,0,0,0,1,0,0
0.10081872239396775,0.067212178092789385,-0.064329366110539576,0.060440226939818931,-0.029885900043199059,-0.0011166468888574854,0,0,-0.096143674207678664,0.067099820040557631,0,0,0,0,0,1,0,0
0.15629094533107118,0.039066470034116618,0.012945326637264776,0.034263032194278079,-0.022514013206582882,-0.014943774181829699,0,0,-0.094918914026689116,0.063399723919551274,0,0,0,0,0,1,0,0
0.17544116219546385,-5.2415144773692382e-05,0.073256518763553657,0.015097770363982344,-0.016033775207934337,-0.018855913700750043,0,0,-0.093694153845699582,0.059747064928301417,0,0,0,0,0,1,0,0
0.1604745984542893,-0.026993337398532762,0.081927714818638697,0.0017424547494923454,-0.010893637393194218,-0.017152572670244854,0,0,-0.092469393664710048,0.056141843066808028,0,0,0,0,0,1,0,0
0.12716489793477329,-0.037121071349244264,0.055692264987694529,-0.0070777976232843714,-0.0069169270557759253,-0.013302357165833015,0,0,-0.091244633483720514,0.052584058335071147,0,0,0,0,0,1,0,0
0.090099331690725648,-0.035667661761339106,0.021974177676849227,-0.012389821827046494,-0.0038392953101285569,-0.0093250104360673124,0,0,-0.090019873302730979,0.049073710733090754,0,0,0,0,0,1,0,0
0.057488434962452054,-0.029148687076090682,-0.00305086148935374,-0.014997920405167365,-0.0014892536230931524,-0.0060814557616382346,0,0,-0.088795113121741431,0.045610800260866856,0,0,0,0,0,1,0,0
0.032742438963691535,-0.017537396826987319,-0.020757509368965015,-0.015581808532010256,0.00021958204664364875,-0.0037528194047476548,0,0,-0.087570352940751897,0.042195326918399445,0,0,0,0,0,1,0,0
0.035138573218941198,0.026499314133119824,-0.078539169071941195,-0.014752602762703709,0.0013475562758591731,-0.0022156804065837782,0,0,-0.086345592759762363,0.038827290705688536,0,0,0,0,0,1,0,0
0.081035897755343936,0.058006764835724062,-0.094736115769934875,-0.01305516336778356,0.0019710832750868446,-0.0012613296465578685,0,0,-0.085120832578772829,0.035506691622734107,0,0,0,0,0,1,0,0
0.13511568732139101,0.043621565352473801,-0.024786989228888029,-0.010944613076581788,0.0021925706393345779,-0.00069632060013423923,0,0,-0.083896072397783295,0.032233529669536173,0,0,0,0,0,1,0,0
0.16105531522310418,0.0074914090760043687,0.051395727525106905,-0.0087651569336342685,0.0021284852683268575,-0.00037441393058563712,0,0,-0.082671312216793746,0.029007804846094734,0,0,0,0,0,1,0,0
0.15254031834158913,-0.022045433237622682,0.078482620440011974,-0.0067452717207271209,0.001890843166932025,-0.00019676809122112714,0,0,-0.081446552035804212,0.025829517152409782,0,0,0,0,0,1,0,0
0.12290704552471277,-0.032652244440617477,0.059006072846445566,-0.0050100413239319713,0.0015725967341989064,-0.00010134979357449891,0,0,-0.080221791854814678,0.022698666588481325,0,0,0,0,0,1,0,0
0.10402590916431841,0.0020191488318746509,-0.023908648484066791,-0.0036043019775671039,0.001240806421268549,-5.1279618387866319e-05,0,0,-0.078997031673825144,0.019615253154309356,0,0,0,0,0,1,0,0
0.12724587288004352,0.038561878282533699,-0.0786532602713962,-0.0025189081358005919,0.00093686903232865354,-2.5535402248417025e-05,0,0,-0.077772271492835596,0.016579276849893881,0,0,0,0,0,1,0,0
0.16586322603020212,0.031784923627846275,-0.0340126259723742,0,0,0,0,0,-0.076547511311846061,0.013590737675234903,0,0,0,0,0,1,0,0
0.1823836574014493,-0.00013534304536888878,0.035951257255876418,0.00015795069263349593,0.0014215562337014161,-0.0014538056849271548,0,0,-0.075322751130856527,0.010649635630332411,0,0,0,0,0,1,0,0
0.16708751212253228,-0.028273670210551147,0.066290289312543771,0.014119955434439757,0.032946562597338996,-0.046915035242091688,0,0,-0.074097990949866993,0.0077559707151864127,0,0,0,0,0,1,0,0
0.1311510167072234,-0.040943955825365384,0.054255266547993661,0.06680093314708585,0.066800894173258657,-0.082272945158944066,0,0,-0.072873230768877445,0.0049097429297969035,0,0,0,0,0,1,0,0
0.089653617906618008,-0.040371360383020881,0.024870866815829874,0.13216804216517863,0.056641853439376354,-0.028492503495594623,0,0,-0.071648470587887911,0.0021109522741638923,0,0,0,0,0,1,0,0
0.052645333407444241,-0.033027142601170345,-0.0012159496421298059,0.17081796213988151,0.018960003912808082,0.049044416946178448,0,0,-0.070423710406898377,-0.0006404012517126328,0,0,0,0,0,1,0,0
0.025743943745621497,-0.024757201729950468,-0.016170891342553142,0.17256125145489276,-0.0092549917145150207,0.075707116870592256,0,0,-0.069198950225908842,-0.0033443176478326676,0,0,0,0,0,1,0,0
0.0051712739655444574,-0.016673347361214005,-0.020934227915005515,0.1710981709943494,0.012335028857334444,0.0058939931045808441,0,0,-0.067974190044919294,-0.0060007969141962075,0,0,0,0,0,1,0,0
-0.0082218772105986347,-0.010418591718216392,-0.019434257423167942,0.19564616623675923,0.03112460576314368,-0.035848182596632569,0,0,-0.066749429863929774,-0.0086098390508032533,0,0,0,0,0,1,0,0
-0.016223181994358002,-0.0058298801348590588,-0.015321936009692214,0.2206792454637227,0.013931186250909992,0.0043948767756952795,0,0,-0.06552466968294024,-0.011171444057653815,0,0,0,0,0,1,0,0
-0.019080530013275893,0.0039196441866894945,-0.01887922504533994,0.21857626662162255,-0.018177300520126803,0.054385032131687237,0,0,-0.064299909501950692,-0.013685611934747878,0,0,0,0,0,1,0,0
0.0044420808607471222,0.046096508483128143,-0.072607894641318255,0.18747791646666676,-0.041481634959921521,0.065704891378134178,0,0,-0.063075149320961157,-0.016152342682085451,0,0,0,0,0,1,0,0
0.066300681575598777,0.069934647121326993,-0.078736713189507507,0.14098349895441659,-0.049041645414453439,0.044059554257863995,0,0,-0.061850389139971623,-0.01857163629966653,0,0,0,0,0,1,0,0
0.12873645293431296,0.049013981560056714,-0.0061853668659075005,0.093302395773268071,-0.044934642704762523,0.013390044345091745,0,0,-0.060625628958982082,-0.020943492787491122,0,0,0,0,0,1,0,0
0.15839187801120527,0.010069808240243948,0.06368461724965209,0.052834556700430593,-0.035589975883211736,-0.0099086074523032416,0,0,-0.059400868777992548,-0.023267912145559212,0,0,0,0,0,1,0,0
0.15388882490357383,-0.020852458305951317,0.083073585018621332,0.022316269773129296,-0.025577122913842978,-0.02134491972946188,0,0,-0.058176108597003014,-0.025544894373870822,0,0,0,0,0,1,0,0
0.12545512398764402,-0.031468472124608203,0.05896788899726875,0.00117968286415303,-0.017012283586112592,-0.023365234285353056,0,0,-0.056951348416013473,-0.02777443947242593,0,0,0,0,0,1,0,0
0.10764127703530109,0.0029152609323051175,-0.025350269376915903,-0.012362700268119378,-0.010388811810054249,-0.020213889416106662,0,0,-0.055726588235023938,-0.029956547441224553,0,0,0,0,0,1,0,0
0.13150787858009336,0.038940359171859174,-0.079780897419431354,-0.020175391756879279,-0.0054941731596019564,-0.015302197699361026,0,0,-0.054501828054034397,-0.032091218280266696,0,0,0,0,0,1,0,0
0.17023819341634108,0.031650251290955354,-0.034393086826449766,-0.023806048850498383,-0.0019674699912882575,-0.010583202000031695,0,0,-0.053277067873044856,-0.034178451989552328,0,0,0,0,0,1,0,0
0.18643185674177859,-0.00062099325945311689,0.036142173467015919,-0.024464677703164558,0.00053893918935607509,-0.0068782393360954219,0,0,-0.052052307692055329,-0.036218248569081471,0,0,0,0,0,1,0,0
0.17248676297863469,-0.029666065611606531,0.066764312315534285,-0.016875061469713928,0.021853723896950509,-0.031625303758361228,0,0,-0.050827547511065788,-0.038210608018854127,0,0,0,0,0,1,0,0
0.13526038705266902,-0.042120574834593569,0.054761731603008304,0.027037970627776919,0.06352830806170949,-0.083405825435231645,0,0,-0.049602787330076253,-0.040155530338870295,0,0,0,0,0,1,0,0
0.092710258346206845,-0.04129967896117117,0.025298254376875842,0.096602269312725697,0.067413325276087566,-0.052886267576107503,0,0,-0.048378027149086712,-0.042053015529129954,0,0,0,0,0,1,0,0
0.054891993048208965,-0.033724507152419397,-0.00089993130242342373,0.14923136205083426,0.03433543213588984,0.027730110809828165,0,0,-0.047153266968097178,-0.043903063589633133,0,0,0,0,0,1,0,0
0.025744100650063387,-0.024607606440770959,-0.015968673701622239,0.16576754229895285,-0.0046508876867966103,0.078659261962696209,0,0,-0.04592850678710763,-0.045705674520379817,0,0,0,0,0,1,0,0
0.0052925221673797204,-0.016579570590117911,-0.02080422893864543,0.14780098670828332,-0.028350260149650894,0.078319002854184055,0,0,-0.044703746606118103,-0.047460848321370028,0,0,0,0,0,1,0,0
-0.0080313013670822095,-0.010372044470422994,-0.019355173161729466,0.11452355562782192,-0.035924168199375377,0.048709096194447174,0,0,-0.043478986425128568,-0.049168584992603737,0,0,0,0,0,1,0,0
-0.016005150921479201,-0.0058195581832755474,-0.015275875798437373,0.082406061456605326,-0.021057184707064851,-0.0003520580597655697,0,0,-0.04225422624413902,-0.050828884534080937,0,0,0,0,0,1,0,0
-0.020092331628916767,-0.0025360645982977171,-0.01086189597113482,0.085282866193804152,0.02744070323347364,-0.081479727719206335,0,0,-0.041029466063149493,-0.052441746945801657,0,0,0,0,0,1,0,0
-0.021393184765701501,-0.00020446599569795134,-0.0071681627453262352,0.1286419230186891,0.046776825357388009,-0.081293124988038937,0,0,-0.039804705882159945,-0.054007172227765902,0,0,0,0,0,1,0,0
-0.020750656240376864,0.0013766634563578907,-0.0044680561209492764,0.16683371189137156,0.024712969915588225,-0.0058040293190040589,0,0,-0.038579945701170418,-0.055525160379973633,0,0,0,0,0,1,0,0
-0.01883082720549973,0.0025743950282189577,-0.0028460438611416241,0.17411336567174984,-0.0096439404630273284,0.057152757018706951,0,0,-0.037355185520180884,-0.056995711402424883,0,0,0,0,0,1,0,0
-0.0078080539508781945,0.026796612575432137,-0.035243707233732498,0.15147480910230413,-0.032902537289796308,0.069862437644325301,0,0,-0.036130425339191342,-0.058418825295119624,0,0,0,0,0,1,0,0
0.042176618895342896,0.065288670571476137,-0.083273877262809159,0.11374132274700767,-0.040184025775195878,0.047434772772485305,0,0,-0.034905665158201808,-0.059794502058057898,0,0,0,0,0,1,0,0
0.1108756887892992,0.064135504989786707,-0.044663014404850251,0.074742639480120096,-0.036579681568505572,0.016685115402423921,0,0,-0.033680904977212267,-0.061122741691239657,0,0,0,0,0,1,0,0
0.15889364423218158,0.029020469655467583,0.035536858635611956,0.042033254088083082,-0.028532679269215724,-0.0062685474322101472,0,0,-0.032456144796222733,-0.062403544194664921,0,0,0,0,0,1,0,0
0.17041249264567163,0.00085431634831408497,0.069254354357296502,0.01773507578869004,-0.020226434691224152,-0.017589205565551446,0,0,-0.031231384615233195,-0.063636909568333733,0,0,0,0,0,1,0,0
0.1785102575455047,0.020039235461068949,0.0057592740600162706,0.0010757503122815061,-0.013385387431343453,-0.019928726777293376,0,0,-0.030006624434243657,-0.064822837812246015,0,0,0,0,0,1,0,0
0.20717246496866279,0.031549191602561345,-0.02439538906765756,-0.0096099753766995168,-0.0082503467807407242,-0.017399231586285858,0,0,-0.028781864253254116,-0.065961328926401816,0,0,0,0,0,1,0,0
0.23183124531131116,0.008923985612785337,0.01798005231025054,-0.015531485311002482,-0.0018937395863247693,-0.016091026157567297,0,0,-0.027557104072264586,-0.067052382910801137,0,0,0,0,0,1,0,0
0.22434720894535307,-0.023377820315434068,0.061427962719018646,-0.0013098695287865622,0.035716023155244449,-0.06256324883477038,0,0,-0.026332343891275048,-0.068095999765443962,0,0,0,0,0,1,0,0
0.18889360607896136,-0.044859352539756155,0.065653138369327471,0.053849163082113273,0.068064015227378746,-0.086495056858450922,0,0,-0.02510758371028551,-0.069092179490330294,0,0,0,0,0,1,0,0
0.13999341920376457,-0.05056651290753604,0.040424235444466432,0.11887996270304045,0.055042703240409274,-0.023862691889218534,0,0,-0.023882823529295969,-0.070040922085460117,0,0,0,0,0,1,0,0
0.091423642527266535,-0.045314527813897887,0.0093821075916833557,0.1579006792216065,0.016408017812273908,0.052862631649041522,0,0,-0.022658063348306435,-0.070942227550833473,0,0,0,0,0,1,0,0
0.050865541493502114,-0.035475983122053793,-0.012774430583864954,0.1567760911166822,-0.016306008816540072,0.083039479890923265,0,0,-0.021433303167316897,-0.07179609588645032,0,0,0,0,0,1,0,0
0.020545461730930584,-0.025332106068307148,-0.02286272496930394,0.13090378909298958,-0.032653172928108355,0.067822320633531802,0,0,-0.020208542986327363,-0.072602527092310673,0,0,0,0,0,1,0,0
-0.00034107774910826908,-0.016765906270404588,-0.023899251959640318,0.096149381028996297,-0.035076532175022337,0.034643921682286874,0,0,-0.018983782805337825,-0.073361521168414531,0,0,0,0,0,1,0,0
-0.013645039003370931,-0.010156835030540707,-0.020206846930108283,0.063173128541063953,-0.030168804507588867,0.0052800383151542108,0,0,-0.017759022624348288,-0.074073078114761923,0,0,0,0,0,1,0,0
-0.021227829243076729,-0.0052646421004598149,-0.015078099546701498,0.036486277676497765,-0.023144326768748689,-0.012116555912525126,0,0,-0.01653426244335875,-0.074737197931352806,0,0,0,0,0,1,0,0
-0.024628437784665756,-0.0017377787441566293,-0.010322950449147768,0.016693661877172247,-0.016629829231283359,-0.018512432794241737,0,0,-0.015309502262369214,-0.075353880618187208,0,0,0,0,0,1,0,0
-0.025063695912953047,0.0007053887800973276,-0.0066263439330688616,0.0027922624639671219,-0.011391786910817322,-0.018042581632053859,0,0,-0.014084742081379676,-0.075923126175265088,0,0,0,0,0,1,0,0
-0.023510758937613192,0.0022680935882270939,-0.0040430296623427727,-0.0044859941553731008,-0.0053968244820285886,-0.017428979787813246,0,0,-0.012859981900390139,-0.076444934602586515,0,0,0,0,0,1,0,0
-0.020765599166478532,0.00311641288186983,-0.0023669287121641596,0.0065284731970059696,0.032808718253982301,-0.063903947420091506,0,0,-0.011635221719400603,-0.076919305900151433,0,0,0,0,0,1,0,0
-0.017462948717431329,0.0034097319436117235,-0.0013386603344055022,0.059081957993658799,0.065758368597359201,-0.08756238808463139,0,0,-0.010410461538411065,-0.077346240067959857,0,0,0,0,0,1,0,0
-0.014078071752243,0.0033069140827939139,-0.00073519050287249119,0.12209762673163958,0.053310554072159254,-0.024613942437973609,0,0,-0.0091857013574215274,-0.077725737106011786,0,0,0,0,0,1,0,0
-0.0087651569336343292,0.0021284852683268619,-0.00037441393058564401,0.15739847966219855,0.016043050479687813,0.052354249801321653,0,0,-0.0079609411764319914,-0.078057797014307234,0,0,0,0,0,1,0,0
-0.0067452717207271747,0.0018908431669320332,-0.00019676809122113088,0.15600572387084902,-0.016484130901642836,0.082730840298863101,0,0,-0.0067361809954424538,-0.078342419792846174,0,0,0,0,0,1,0,0
-0.0050100413239320164,0.001572596734198916,-0.00010134979357450091,0.13003049356101026,-0.032688758071657935,0.067642856678183177,0,0,-0.0055114208144529169,-0.078579605441628633,0,0,0,0,0,1,0,0
-0.0036043019775671395,0.0012408064212685581,-5.1279618387867342e-05,0.095292092130574532,-0.035016581280486098,0.0345431882249011,0,0,-0.0042866606334633801,-0.078769353960654598,0,0,0,0,0,1,0,0
-0.0025189081358006184,0.00093686903232866145,-2.5535402248417547e-05,0.062405529521952219,-0.030055775644233531,0.0052251457271469143,0,0,-0.0030619004524738429,-0.078911665349924082,0,0,0,0,0,1,0,0
0,0,0,0.036539461258337021,-0.018739044494565912,-0.017191778441371399,0,0,-0.0018371402714843056,-0.079006539609437071,0,0,0,0,0,1,0,0
0,0,0,0.03779967218449308,0.025459589190835283,-0.078196624480068117,0,0,-0.00061238009049476862,-0.079053976739193565,0,0,0,0,0,1,0,0
0,0,0,0.082766462648363237,0.057177946506415715,-0.095966755194514544,0,0,0.00061238009049476743,-0.079053976739193565,0,0,0,0,0,1,0,0
0,0,0,0.13802625489223125,0.04218920519687936,-0.026434340349487224,0,0,0.0018371402714843067,-0.079006539609437071,0,0,0,0,0,1,0,0
0,0,0,0.16270220145271133,0.0063843630804808933,0.049893450423437687,0,0,0.0030619004524738438,-0.078911665349924082,0,0,0,0,0,1,0,0
0,0,0,0.15321978939914169,-0.022878948858056025,0.077332526913339986,0,0,0.004286660633463381,-0.078769353960654598,0,0,0,0,0,1,0,0
0,0,0,0.12252263590520375,-0.035846924902801856,0.061106125777627342,0,0,0.0055114208144529178,-0.078579605441628633,0,0,0,0,0,1,0,0
0,0,0,0.085881722696847004,-0.035835040494924891,0.029023832139910225,0,0,0.0067361809954424546,-0.078342419792846188,0,0,0,0,0,1,0,0
0,0,0,0.052936162375942099,-0.029498653434978202,0.0016423671367730265,0,0,0.0079609411764319914,-0.07805779701430722,0,0,0,0,0,1,0,0
0,0,0,0.02731061617829196,-0.021790478511885508,-0.01393781104532511,0,0,0.0091857013574215291,-0.077725737106011786,0,0,0,0,0,1,0,0
0,0,0,0.0090120615500124748,-0.015052302756940725,-0.019109621560102336,0,0,0.010410461538411065,-0.077346240067959857,0,0,0,0,0,1,0,0
0,0,0,-0.0033100982037814553,-0.0097927817131780778,-0.01802689238235132,0,0,0.011635221719400603,-0.076919305900151433,0,0,0,0,0,1,0,0
0,0,0,-0.0048746424738661505,0.013816773642167806,-0.041674656239631729,0,0,0.012859981900390139,-0.076444934602586501,0,0,0,0,0,1,0,0
0,0,0,0.032028252345371995,0.05751084868175603,-0.091073362623183135,0,0,0.014084742081379676,-0.075923126175265102,0,0,0,0,0,1,0,0
0,0,0,0.09650748953863876,0.063230301418775545,-0.058170414458589836,0,0,0.015309502262369214,-0.075353880618187208,0,0,0,0,0,1,0,0
0,0,0,0.14771481410598805,0.031023092117837402,0.024354704798745991,0,0,0.01653426244335875,-0.074737197931352806,0,0,0,0,0,1,0,0
0,0,0,0.159742141977191,-0.0056301666191115067,0.076588418843738168,0,0,0.017759022624348284,-0.074073078114761909,0,0,0,0,0,1,0,0
0,0,0,0.1412960246601998,-0.028387700542623042,0.077113572430418567,0,0,0.018983782805337825,-0.073361521168414531,0,0,0,0,0,1,0,0
0,0,0,0.10831096638111011,-0.035355197337867565,0.048031561560359988,0,0,0.020208542986327363,-0.072602527092310673,0,0,0,0,0,1,0,0
0,0,0,0.073876417003642877,-0.032434495422210843,0.015584073813695329,0,0,0.021433303167316897,-0.07179609588645032,0,0,0,0,0,1,0,0
0,0,0,0.044678312178475579,-0.025711258029040375,-0.0067584984982482898,0,0,0.022658063348306435,-0.070942227550833473,0,0,0,0,0,1,0,0
0,0,0,0.022491979640601685,-0.018796265274520184,-0.017079662735233998,0,0,0.023882823529295973,-0.070040922085460131,0,0,0,0,0,1,0,0
0,0,0,0.006683809611451463,-0.013047579770935281,-0.018808199466837101,0,0,0.02510758371028551,-0.069092179490330294,0,0,0,0,0,1,0,0
0,0,0,-0.0040397792523622494,-0.0085973271328032702,-0.016133153272112913,0,0,0.026332343891275048,-0.068095999765443962,0,0,0,0,0,1,0,0
0,0,0,-0.0089997893519852459,-0.0059091998912635078,-0.012065277174313355,0,0,0.027557104072264586,-0.067052382910801137,0,0,0,0,0,1,0,0
0,0,0,-0.013423575187765659,-0.0030629544259515905,-0.0082574922152091855,0,0,0.028781864253254116,-0.06596132892640183,0,0,0,0,0,1,0,0
5.7200643928364882e-05,0.00065780740517620796,-0.00060357640522092938,-0.015356692210605557,-0.00091201980716644146,-0.0052890622744252748,0,0,0.030006624434243657,-0.064822837812246029,0,0,0,0,0,1,0,0
0.011052147123020866,0.02841980685284403,-0.040277138300362399,-0.015455180874368969,0.00061600780687497234,-0.0032176859428563877,0,0,0.031231384615233192,-0.063636909568333733,0,0,0,0,0,1,0,0
0.060196073503808324,0.065212388640433147,-0.082888925644942948,-0.014311854074933298,0.0015833751790348878,-0.0018777534015554094,0,0,0.032456144796222726,-0.062403544194664942,0,0,0,0,0,1,0,0
0.12636032361404187,0.059462508282746546,-0.036512546897667454,-0.012447449605728743,0.0020745520982426162,-0.0010585896505847716,0,0,0.033680904977212267,-0.061122741691239678,0,0,0,0,0,1,0,0
0.16872069297682066,0.022991416114885834,0.042637667069587819,-0.01028542742145442,0.0021979891546216905,-0.00057955981357648428,0,0,0.034905665158201801,-0.059794502058057905,0,0,0,0,0,1,0,0
0.17276560611844985,-0.012900650374713682,0.082673310153327434,-0.0081349235847897137,0.0020707247401097577,-0.00030939749035419203,0,0,0.036130425339191342,-0.058418825295119638,0,0,0,0,0,1,0,0
0.14841146952538592,-0.032874631728680867,0.073962595934432537,-0.0054959473961172772,0.0060726719490110164,-0.0052076357213179476,0,0,0.037355185520180877,-0.05699571140242489,0,0,0,0,0,1,0,0
0.11217993274980154,-0.037532988649395117,0.041867329392509492,0.017062049446938649,0.043431384672292857,-0.059751794245724847,0,0,0.038579945701170411,-0.055525160379973633,0,0,0,0,0,1,0,0
0.076272145583800965,-0.033367719369798612,0.010492336182694243,0.077114002002670948,0.069600522371870283,-0.077958111494866977,0,0,0.039804705882159945,-0.054007172227765902,0,0,0,0,0,1,0,0
0.046425214378064954,-0.026164698935491709,-0.0095173090030518468,0.14286787898779332,0.050193982573626353,-0.011898331539253459,0,0,0.041029466063149493,-0.052441746945801671,0,0,0,0,0,1,0,0
0.023869482328599898,-0.019110428312521032,-0.017869167477718623,0.17381571516376931,0.011064866820713073,0.0603565353718305,0,0,0.042254226244139027,-0.050828884534080951,0,0,0,0,0,1,0,0
0.0077782027938318888,-0.013300998659376962,-0.018455779314536409,0.16767717466375232,-0.020754907823005882,0.08429064799774233,0,0,0.043478986425128568,-0.049168584992603737,0,0,0,0,0,1,0,0
-0.003164028851491646,-0.0087777788161256046,-0.01533689639437808,0.13810432349349594,-0.035617661978779594,0.065465789333205016,0,0,0.044703746606118103,-0.047460848321370028,0,0,0,0,0,1,0,0
-0.01011807514600116,-0.0052790420204735051,-0.011254373730193798,0.10099754998766362,-0.03690118036850544,0.031629727697182752,0,0,0.04592850678710763,-0.045705674520379831,0,0,0,0,0,1,0,0
-0.013987420698705696,-0.0025800396650506974,-0.0075894446075782055,0.066562633094302756,-0.031329983399156609,0.003141129482474303,0,0,0.047153266968097178,-0.04390306358963314,0,0,0,0,0,1,0,0
-0.015503324076468547,-0.00055841191746068455,-0.004806627493629219,0.038909019457761353,-0.023951963952648796,-0.013103181943498188,0,0,0.048378027149086712,-0.042053015529129961,0,0,0,0,0,1,0,0
-0.015308005655165902,0.00085203941514714763,-0.0028979851732819227,0.018422528607128917,-0.017223066142851459,-0.018657459034696067,0,0,0.049602787330076253,-0.040155530338870295,0,0,0,0,0,1,0,0
-0.013981553190388005,0.0017165116209551432,-0.0016787053860209036,0.0040129745272355797,-0.011819536762584196,-0.017755016982189814,0,0,0.050827547511065788,-0.038210608018854141,0,0,0,0,0,1,0,0
-0.012027265181038792,0.002124914401076029,-0.00094049484179199532,-0.0056234270379597988,-0.0076328656114380078,-0.014127471480061479,0,0,0.052052307692055315,-0.036218248569081485,0,0,0,0,0,1,0,0
-0.0098465783596401076,0.0021889130459513302,-0.00051216371545426283,-0.011567110953081343,-0.004392694056174447,-0.010076624913541755,0,0,0.053277067873044863,-0.034178451989552334,0,0,0,0,0,1,0,0
-0.0057246374718207052,0.011138953227141615,-0.012026373283684264,-0.014658830252925897,-0.0019059501295067235,-0.0066564880135401485,0,0,0.054501828054034397,-0.032091218280266696,0,0,0,0,0,1,0,0
0.025024524147005921,0.052091127072465077,-0.070695340910727739,-0.015596787026174196,-7.3721662707878084e-05,-0.0041490831819838416,0,0,0.055726588235023938,-0.029956547441224564,0,0,0,0,0,1,0,0
0.089783470097540896,0.069509529835237435,-0.069777744903038064,-0.0150042182396207,0.0011651602096200066,-0.0024696541417002643,0,0,0.056951348416013473,-0.027774439472425947,0,0,0,0,0,1,0,0
0.14916706393051249,0.044004365049516561,0.0047522559744706929,-0.013440761549174078,0.0018821346463802678,-0.0014154720846891076,0,0,0.058176108597003,-0.025544894373870829,0,0,0,0,0,1,0,0
0.1783338874705602,0.015795893859294821,0.053209234778578959,-0.011381557898796081,0.0021748972418880195,-0.00078592719945835203,0,0,0.059400868777992541,-0.02326791214555923,0,0,0,0,0,1,0,0
0.19916979779965244,0.029041198130964813,0.0081926604200000391,-0.0091939839268988278,0.0021585678973727114,-0.00042469954923461082,0,0,0.060625628958982082,-0.020943492787491125,0,0,0,0,0,1,0,0
0.23167796855700756,0.030466268504317634,-0.0052828559788393528,-0.0071291578674298759,0.0019474409873166346,-0.00022416507720017311,0,0,0.061850389139971623,-0.018571636299666544,0,0,0,0,0,1,0,0
0.24998084299760998,0.0029313587009256251,0.038053019408012437,-0.0053312209841194433,0.001639087460881116,-0.00011590385773456621,0,0,0.063075149320961157,-0.016152342682085461,0,0,0,0,0,1,0,0
0.23588138913528364,-0.029938315187972957,0.072139871874696754,-0.0038589569488487381,0.0013059203475930536,-5.884351056827635e-05,0,0,0.064299909501950692,-0.013685611934747884,0,0,0,0,0,1,0,0
0.194737630648568,-0.049507350605115852,0.066983940636809236,-0.0027119827286481157,0.00099419818545031869,-2.9391527266247269e-05,0,0,0.065524669682940226,-0.01117144405765382,0,0,0,0,0,1,0,0
0.14226266829875608,-0.053154846557178767,0.036836351286944499,0,0,0,0,0,0.066749429863929774,-0.0086098390508032637,0,0,0,0,0,1,0,0
0.091841786440218315,-0.046561299154533456,0.0048216050066042827,0,0,0,0,0,0.067974190044919308,-0.0060007969141962153,0,0,0,0,0,1,0,0
0.050410637339167882,-0.036065614131866708,-0.016353218655186873,0,0,0,0,0,0.069198950225908842,-0.0033443176478326758,0,0,0,0,0,1,0,0
0.01965710803657697,-0.025649105180387669,-0.025036462600063446,0,0,0,0,0,0.07042371040689839,-0.00064040125171264495,0,0,0,0,0,1,0,0
-0.0014747204871570479,-0.016949193152679273,-0.024951592888346912,0,0,0,0,0,0.071648470587887925,0.0021109522741638788,0,0,0,0,0,1,0,0
-0.014906356487255334,-0.010228753888718807,-0.020572491177457082,0,0,0,0,0,0.072873230768877459,0.0049097429297968939,0,0,0,0,0,1,0,0
-0.022504794429105461,-0.0052248609452937855,-0.015104338096217432,0,0,0,0,0,0.074097990949867007,0.0077559707151864015,0,0,0,0,0,1,0,0
-0.02581556330844861,-0.0016023744696223169,-0.01022213749328087,0,0,0,0,0,0.075322751130856541,0.0106496356303324,0,0,0,0,0,1,0,0
-0.026081469398745269,0.00090204522471749806,-0.0065043481578645965,0,0,0,0,0,0.076547511311846075,0.013590737675234891,0,0,0,0,0,1,0,0
-0.024318064842606783,0.0024859499117708601,-0.0039411594397664503,0,0,0,0,0,0.07777227149283561,0.016579276849893868,0,0,0,0,0,1,0,0
-0.021358899452135857,0.0033219503730986845,-0.0022942818007737871,0,0,0,0,0,0.078997031673825144,0.019615253154309349,0,0,0,0,0,1,0,0
-0.017866144796459496,0.0035820487834800833,-0.0012914725472156143,0,0,0,0,0,0.080221791854814678,0.022698666588481312,0,0,0,0,0,1,0,0
-0.01432940972505721,0.0034378770055814262,-0.00070644476486616961,0,0,0,0,0,0.081446552035804212,0.025829517152409779,0,0,0,0,0,1,0,0
-0.011072086294495315,0.0030476815237031551,-0.00037696447026890105,0,0,0,0,0,0.082671312216793746,0.029007804846094717,0,0,0,0,0,1,0,0
-0.0065576569939135229,0.001861327417853787,-0.0001842963498307319,0,0,0,0,0,0.083896072397783295,0.03223352966953616,0,0,0,0,0,1,0,0
-0.0048544530952973706,0.0015391532984937132,-9.474775195560704e-05,0,0,0,0,0,0.085120832578772829,0.0355066916227341,0,0,0,0,0,1,0,0
-0.0034818303279925229,0.0012086783395505029,-4.7859020936456247e-05,0,0,0,0,0,0.086345592759762363,0.038827290705688515,0,0,0,0,0,1,0,0
-0.0024266218746080686,0.0009089394537792235,-2.3796293575093238e-05,0,0,0,0,0,0.087570352940751897,0.042195326918399438,0,0,0,0,0,1,0,0
0,0,0,0,0,0,0,0,0.088795113121741431,0.045610800260866849,0,0,0,0,0,1,0,0
0,0,0,0,0,0,0,0,0.090019873302730979,0.04907371073309074,0,0,0,0,0,1,0,0
0,0,0,0,0,0,0,0,0.091244633483720514,0.052584058335071127,0,0,0,0,0,1,0,0
0,0,0,0,0,0,0,0,0.092469393664710048,0.056141843066808021,0,0,0,0,0,1,0,0
0,0,0,0,0,0,0,0,0.093694153845699582,0.059747064928301383,0,0,0,0,0,1,0,0
0,0,0,0,0,0,0,0,0.094918914026689116,0.06339972391955126,0,0,0,0,0,1,0,0
0,0,0,0,0,0,0,0,0.096143674207678664,0.067099820040557631,0,0,0,0,0,1,0,0
0,0,0,0,0,0,0,0,0.097368434388668185,0.070847353291320483,0,0,0,0,0,1,0,0
0,0,0,0,0,0,0,0,0.098593194569657733,0.07464232367183983,0,0,0,0,0,1,0,0
0,0,0,0,0,0,0,0,0.099817954750647267,0.078484731182115644,0,0,0,0,0,1,0,0
0,0,0,0,0,0,0,0,0.10104271493163682,0.082374575822147966,0,0,0,0,0,1,0,0
0,0,0,0,0,0,0,0,0.10226747511262635,0.086311857591936783,0,0,0,0,0,1,0,0
0,0,0,0,0,0,0,0,0.10349223529361587,0.090296576491482095,0,0,0,0,0,1,0,0
0,0,0,0,0,0,0,0,0.10471699547460542,0.094328732520783901,0,0,0,0,0,1,0,0
0,0,0,0,0,0,0,0,0.10594175565559495,0.098408325679842215,0,0,0,0,0,1,0,0
0,0,0,0,0,0,0,0,0.1071665158365845,0.102535355968657,0,0,0,0,0,1,0,0
0,0,0,0,0,0,0,0,0.10839127601757403,0.10670982338722827,0,0,0,0,0,1,0,0
0,0,0,0,0,0,0,0,0.10961603619856355,0.11093172793555602,0,0,0,0,0,1,0,0
0,0,0,0,0,0,0,0,0.1108407963795531,0.11520106961364028,0,0,0,0,0,1,0,0
0,0,0,0,0,0,0,0,0.11206555656054264,0.11951784842148101,0,0,0,0,0,1,0,0
0,0,0,0,0,0,0,0,0.11329031674153218,0.12388206435907828,0,0,0,0,0,1,0,0
0,0,0,0,0,0,0,0,0.11451507692252172,0.128293717426432,0,0,0,0,0,1,0,0
0,0,0,0,0,0,0,0,0.11573983710351124,0.13275280762354225,0,0,0,0,0,1,0,0
0,0,0,0,0,0,0,0,0.11696459728450077,0.13725933495040896,0,0,0,0,0,1,0,0
0,0,0,0,0,0,0,0,0.11818935746549032,0.14181329940703219,0,0,0,0,0,1,0,0
0,0,0,0,0,0,0,0,0.11941411764647988,0.14641470099341189,0,0,0,0,0,1,0,0
0,0,0,0,0,0,0,0,0.1206388778274694,0.15106353970954808,0,0,0,0,0,1,0,0
0,0,0,0,0,0,0,0,0.12186363800845894,0.15575981555544077,0,0,0,0,0,1,0,0
0,0,0,0,0,0,0,0,0,0,-0.12186363800845887,0.15575981555544058,0,0,0,0,1,0
0,0,0,0,0,0,0,0,0,0,-0.12063887782746929,0.15106353970954811,0,0,0,0,1,0
0,0,0,0,0,0,0,0,0,0,-0.11941411764647987,0.14641470099341186,0,0,0,0,1,0
0,0,0,0,0,0,0,0,0,0,-0.11818935746549031,0.14181329940703216,0,0,0,0,1,0
0,0,0,0,0,0,0,0,0,0,-0.11696459728450079,0.13725933495040898,0,0,0,0,1,0
0,0,0,0,0,0,0,0,0,0,-0.11573983710351125,0.13275280762354227,0,0,0,0,1,0
0,0,0,0,0,0,0,0,0,0,-0.11451507692252172,0.12829371742643203,0,0,0,0,1,0
0,0,0,7.540311817014259e-08,3.6947527903245756e-06,-1.4843624814481712e-06,0,0,0,0,-0.11329031674153218,0.12388206435907829,0,0,0,0,1,0
0,0,0,0.0044674350748781354,0.015839087991138111,-0.021568738484762106,0,0,0,0,-0.11206555656054262,0.11951784842148105,0,0,0,0,1,0
0,0,0,0.041677034027157979,0.057553994307918514,-0.078406647413305094,0,0,0,0,-0.1108407963795531,0.11520106961364032,0,0,0,0,1,0
0,0,0,0.1074765667503866,0.065872299849669455,-0.058222594541486171,0,0,0,0,-0.10961603619856357,0.11093172793555604,0,0,0,0,1,0
0,0,0,0.16000064964166497,0.035114082288365163,0.020873328849884201,0,0,0,0,-0.10839127601757403,0.10670982338722827,0,0,0,0,1,0
0.0012269676246808331,0.0064415800295490279,-0.0079914405477124178,0.17526237746469717,-0.0034990963676178205,0.076435963111543589,0,0,0,0,-0.1071665158365845,0.102535355968657,0,0,0,0,1,0
0.026028623992787617,0.046273108530861702,-0.065425608479715666,0.1576875883211093,-0.028717805497344557,0.080390086471662375,0,0,0,0,-0.10594175565559495,0.098408325679842215,0,0,0,0,1,0
0.087213590148010403,0.068524822584468181,-0.074261145776195234,0.1234389060054287,-0.037380010713553416,0.052274887322550138,0,0,0,0,-0.10471699547460542,0.094328732520783914,0,0,0,0,1,0
0.14772623874294716,0.046876945919394453,-0.0037058401537271675,0.086557978839591862,-0.035151797011784891,0.018938548656102117,0,0,0,0,-0.10349223529361588,0.090296576491482122,0,0,0,0,1,0
0.1831627603756846,0.031244270072816015,0.031495223919227308,0.054610692097892835,-0.028405388279398657,-0.0048562530334726392,0,0,0,0,-0.10226747511262635,0.086311857591936811,0,0,0,0,1,0
0.21926225035785563,0.040113241383998258,0.0014689659594660509,0.029900701028317527,-0.021116677550146706,-0.016383268103084679,0,0,0,0,-0.10104271493163682,0.082374575822147994,0,0,0,0,1,0
0.25479611695098731,0.025717553198638998,0.018102170620810043,0.0120053228694725,-0.014899889934118038,-0.018833274475545444,0,0,0,0,-0.099817954750647267,0.078484731182115672,0,0,0,0,1,0
0.26354344638547023,-0.009502203968859025,0.064105829606069392,-0.00034759125381091224,-0.010014398972921583,-0.016469237090374712,0,0,0,0,-0.098593194569657733,0.07464232367183983,0,0,0,0,1,0
0.23737395754139212,-0.040545749590867458,0.082079769409194814,-0.0083925700897160629,-0.0062365784680192913,-0.012475915285001068,0,0,0,0,-0.097368434388668199,0.070847353291320497,0,0,0,0,1,0
0.19125495987685542,-0.04261952414146853,0.045994397595298012,-0.013104749739792447,-0.0033147113751013728,-0.0086048637371192813,0,0,0,0,-0.096143674207678664,0.067099820040557631,0,0,0,0,1,0
0.16875609628581015,-6.6031030501019494e-05,-0.048362804209020671,-0.015256236675022591,-0.0010981328661284187,-0.0055439238492644765,0,0,0,0,-0.094918914026689116,0.063399723919551274,0,0,0,0,1,0
0.18331391038702424,0.021864856395756298,-0.068603114715218572,-0.015510507691742764,0.00048958466882334821,-0.003388438030721445,0,0,0,0,-0.093694153845699582,0.059747064928301417,0,0,0,0,1,0
0.19900141902776772,0.0048850725756068615,-0.0088575950737852915,-0.014466547200882328,0.0015096818505648452,-0.0019849415274288563,0,0,0,0,-0.092469393664710048,0.056141843066808028,0,0,0,0,1,0
0.18926207793117417,-0.023931190489491154,0.046101903725929295,-0.012653403554375922,0.0020439029731962274,-0.0011225975396524216,0,0,0,0,-0.091244633483720514,0.052584058335071147,0,0,0,0,1,0
0.15476997900824482,-0.042508315944573632,0.056941174163996022,-0.010505290059797204,0.0021988375030702729,-0.00061628262403709728,0,0,0,0,-0.090019873302730979,0.049073710733090754,0,0,0,0,1,0
0.10930201267376873,-0.046224614203479557,0.036019814267577263,-0.0083430482575240598,0.0020915249776566809,-0.00032978091161427859,0,0,0,0,-0.088795113121741431,0.045610800260866856,0,0,0,0,1,0
0.065643859488630746,-0.039946409091280562,0.0079440523541775155,-0.0063730297187731925,0.0018311071291682455,-0.00017258088748179081,0,0,0,0,-0.087570352940751897,0.042195326918399445,0,0,0,0,1,0
0.036766241971066024,-0.010260481319440304,-0.039729471783815806,-0.0047022127163877329,0.0015056482114187385,-8.8560185874903271e-05,0,0,0,0,-0.086345592759762363,0.038827290705688536,0,0,0,0,1,0
0.053031111544670724,0.040207977899709806,-0.10242837635920139,-0.0033625554943279429,0.0011768746487681491,-4.4659560466917607e-05,0,0,0,0,-0.085120832578772829,0.035506691622734107,0,0,0,0,1,0
0.10313607543965343,0.051533981423358861,-0.073805622995553724,0,0,0,0,0,0,0,-0.083896072397783295,0.032233529669536173,0,0,0,0,1,0
0.14290122205603334,0.024220337839851773,0.0096983321662274056,0,0,0,0,0,0,0,-0.082671312216793746,0.029007804846094734,0,0,0,0,1,0
0.14958658394070598,-0.0096603011035318737,0.065063082717352602,0,0,0,0,0,0,0,-0.081446552035804212,0.025829517152409782,0,0,0,0,1,0
0.1281806092772716,-0.030375419956394641,0.068968412548745792,0,0,0,0,0,0,0,-0.080221791854814678,0.022698666588481325,0,0,0,0,1,0
0.094012705402152286,-0.035806815823736196,0.042691853259854438,0,0,0,0,0,0,0,-0.078997031673825144,0.019615253154309356,0,0,0,0,1,0
0.061504496617794849,-0.032466742070128937,0.012290779548169118,0,0,0,0,0,0,0,-0.077772271492835596,0.016579276849893881,0,0,0,0,1,0
0.032786056964849382,-0.024788943141665555,-0.0087091778184481931,0,0,0,0,0,0,0,-0.076547511311846061,0.013590737675234903,0,0,0,0,1,0
0.012189268416721709,-0.014703604347942463,-0.0210857225114582,0,0,0,0,0,0,0,-0.075322751130856527,0.010649635630332411,0,0,0,0,1,0
0.017459645720874238,0.025332792459998955,-0.072845383574445824,0,0,0,0,0,0,0,-0.074097990949866993,0.0077559707151864127,0,0,0,0,1,0
0.063658368575860727,0.060401696805530203,-0.097059457813096217,0,0,0,0,0,0,0,-0.072873230768877445,0.0049097429297969035,0,0,0,0,1,0
0.12212186797403304,0.049491944522771773,-0.032503852406540072,0,0,0,0,0,0,0,-0.071648470587887911,0.0021109522741638923,0,0,0,0,1,0
0.15423627866995218,0.013453109478649352,0.046607905391429345,0,0,0,0,0,0,0,-0.070423710406898377,-0.0006404012517126328,0,0,0,0,1,0
0.15079367205061162,-0.018018802333437198,0.078892681349202617,0,0,0,0,0,0,0,-0.069198950225908842,-0.0033443176478326676,0,0,0,0,1,0
0.1244426031915708,-0.02905288320849532,0.060189946338609607,0,0,0,0,0,0,0,-0.067974190044919294,-0.0060007969141962075,0,0,0,0,1,0
0.11200607841368861,0.0063552841753439296,-0.026551434596480662,0,0,0,0,0,0,0,-0.066749429863929774,-0.0086098390508032533,0,0,0,0,1,0
0.1376437816398377,0.038499520943886437,-0.073510698982825348,0,0,0,0,0,0,0,-0.06552466968294024,-0.011171444057653815,0,0,0,0,1,0
0.17392318233813345,0.027708491661006019,-0.024499699513400416,0,0,0,0,0,0,0,-0.064299909501950692,-0.013685611934747878,0,0,0,0,1,0
0.18585628378414421,-0.0047029160100105823,0.041582564108170419,0.0012269676246808331,0.0064415800295490279,-0.0079914405477124178,0,0,0,0,-0.063075149320961157,-0.016152342682085451,0,0,0,0,1,0
0.16670460250614222,-0.031255375281863035,0.066110284142914838,0.026028623992787617,0.046273108530861702,-0.065425608479715666,0,0,0,0,-0.061850389139971623,-0.01857163629966653,0,0,0,0,1,0
0.12870937554394152,-0.042150308345940024,0.050847018222480063,0.087213590148010403,0.068524822584468181,-0.074261145776195234,0,0,0,0,-0.060625628958982082,-0.020943492787491122,0,0,0,0,1,0
0.086637592568687208,-0.040436262507953909,0.02112497525114853,0.14771123717397835,0.046641921338883126,-0.0035206277980666658,0,0,0,0,-0.059400868777992548,-0.023267912145559212,0,0,0,0,1,0
0.052105247829692482,-0.033454024434206829,-0.0038169916019277724,0.17473033145821412,0.007244280090615232,0.065212771122619625,0,0,0,0,-0.058176108597003014,-0.025544894373870822,0,0,0,0,1,0
0.023327331869469455,-0.024181226876671149,-0.017462845499075737,0.1685528901927584,-0.010751295708322941,0.067602318645960988,0,0,0,0,-0.056951348416013473,-0.02777443947242593,0,0,0,0,1,0
0.0033067013163125044,-0.016156926269270979,-0.021263354591968573,0.17059936940245798,0.017886921215540807,-0.01260497411326551,0,0,0,0,-0.055726588235023938,-0.029956547441224553,0,0,0,0,1,0
-0.0096134961911249449,-0.0099882067984058444,-0.019253779327891119,0.19814326853423109,0.030663860749671909,-0.035999584077920178,0,0,0,0,-0.054501828054034397,-0.032091218280266696,0,0,0,0,1,0
-0.017221830317429101,-0.0054713801706747656,-0.014962100581888448,0.219756259266423,0.0084523970441619852,0.013892609293895729,0,0,0,0,-0.053277067873044856,-0.034178451989552328,0,0,0,0,1,0
-0.020977578010197732,-0.0022219306702637438,-0.01052878743894807,0.21199123461347746,-0.023280823948963393,0.059180729581031245,0,0,0,0,-0.052052307692055329,-0.036218248569081471,0,0,0,0,1,0
-0.021984086265951115,6.8406151702378763e-05,-0.0068956769513782122,0.17720501564385477,-0.04361481336401974,0.06314126878587227,0,0,0,0,-0.050827547511065788,-0.038210608018854127,0,0,0,0,1,0
-0.018027903629985395,0.013860948905088348,-0.020578891732303786,0.13001946632419786,-0.048471676095030107,0.03822697465866446,0,0,0,0,-0.049602787330076253,-0.040155530338870295,0,0,0,0,1,0
0.017093996736662585,0.05663811292936053,-0.077450669516749338,0.083730821902914199,-0.042937993083511629,0.0082584234998467464,0,0,0,0,-0.048378027149086712,-0.042053015529129954,0,0,0,0,1,0
0.084565093443991921,0.070117884839095354,-0.065776364054039277,0.04549613412096707,-0.033261021370864959,-0.012747957862786026,0,0,0,0,-0.047153266968097178,-0.043903063589633133,0,0,0,0,1,0
0.14490938743227508,0.041241367276004637,0.012159399437806417,0.017208137376854147,-0.023504185097235616,-0.022075718131404919,0,0,0,0,-0.04592850678710763,-0.045705674520379817,0,0,0,0,1,0
0.166247178268565,0.0021061527525990205,0.072831819214319041,-0.0020734302037220304,-0.015384065903114452,-0.022817002667761561,0,0,0,0,-0.044703746606118103,-0.047460848321370028,0,0,0,0,1,0
0.15334544058685939,-0.025045896411216122,0.081703549741438522,-0.014207517993030522,-0.0091893989546463269,-0.019159326938049562,0,0,0,0,-0.043478986425128568,-0.049168584992603737,0,0,0,0,1,0
0.12183367695065381,-0.035481983888363149,0.055576361129959964,-0.021002377372059393,-0.0046437353269792739,-0.014225045512884265,0,0,0,0,-0.04225422624413902,-0.050828884534080937,0,0,0,0,1,0
0.086240374741876888,-0.034361741413746046,0.021915334166280949,-0.023923926766582299,-0.0013882385512376193,-0.0097006748349264989,0,0,0,0,-0.041029466063149493,-0.052441746945801657,0,0,0,0,1,0
0.054776452233803924,-0.028154488890640358,-0.0030802530166199873,-0.024115674240022315,0.0008539137273174506,-0.0062068385804722606,0,0,0,0,-0.039804705882159945,-0.054007172227765902,0,0,0,0,1,0
0.032046929863623355,-0.021809809870259031,-0.015711452163996026,-0.022488707410063358,0.0022770396827962399,-0.0037767871701046337,0,0,0,0,-0.038579945701170418,-0.055525160379973633,0,0,0,0,1,0
0.013523199918010272,-0.015459939529586065,-0.018870137126708597,-0.019782596383493372,0.0030370335865468456,-0.0022059062749242141,0,0,0,0,-0.037355185520180884,-0.056995711402424883,0,0,0,0,1,0
0.00067545204475492773,-0.010448335935362416,-0.01681967177270937,-0.016586104956179383,0.0032826826234082719,-0.001245058701849678,0,0,0,0,-0.036130425339191342,-0.058418825295119624,0,0,0,0,1,0
-0.0077521916664017171,-0.0065724172211529342,-0.012888657689633619,-0.013339119897478057,0.0031623632133658303,-0.00068256283111718587,0,0,0,0,-0.034905665158201808,-0.059794502058057898,0,0,0,0,1,0
-0.012760399940664992,-0.0035734577447091498,-0.0089608078467229811,-0.0085531781586946961,0.0021108124913744937,-0.0003514290680204835,0,0,0,0,-0.033680904977212267,-0.061122741691239657,0,0,0,0,1,0
-0.015136856322163416,-0.0012905254146170775,-0.0058080275577303449,-0.0065576569939135229,0.001861327417853787,-0.0001842963498307319,0,0,0,0,-0.032456144796222733,-0.062403544194664921,0,0,0,0,1,0
-0.015552907908972456,0.00035746464344399811,-0.0035667455091808065,-0.0048544530952973706,0.0015391532984937132,-9.474775195560704e-05,0,0,0,0,-0.031231384615233195,-0.063636909568333733,0,0,0,0,1,0
-0.014613627731408684,0.0014311072061666515,-0.0020975137095526563,-0.0034818303279925229,0.0012086783395505029,-4.7859020936456247e-05,0,0,0,0,-0.030006624434243657,-0.064822837812246015,0,0,0,0,1,0
-0.012856103472527478,0.0020094520492811674,-0.0011901227536411133,-0.0024266218746080686,0.0009089394537792235,-2.3796293575093238e-05,0,0,0,0,-0.028781864253254116,-0.065961328926401816,0,0,0,0,1,0
-0.010725107747490071,0.0021970705843128678,-0.00065516514647830234,0,0,0,0,0,0,0,-0.027557104072264586,-0.067052382910801137,0,0,0,0,1,0
-0.0085531781586946961,0.0021108124913744937,-0.0003514290680204835,1.5001568968809593e-05,0.00023502458051132311,-0.00018521235566050192,0,0,0,0,-0.026332343891275048,-0.068095999765443962,0,0,0,0,1,0
-0.0065576569939135229,0.001861327417853787,-0.0001842963498307319,0.0084324289174704959,0.023999989982200782,-0.033717547203392324,0,0,0,0,-0.02510758371028551,-0.069092179490330294,0,0,0,0,1,0
-0.0048544530952973706,0.0015391532984937132,-9.474775195560704e-05,0.053775022174812337,0.06312718513071286,-0.08243924816098222,0,0,0,0,-0.023882823529295969,-0.070040922085460117,0,0,0,0,1,0
-0.0034818303279925229,0.0012086783395505029,-4.7859020936456247e-05,0.12028615584641568,0.061964741603875967,-0.044210851879443971,0,0,0,0,-0.022658063348306435,-0.070942227550833473,0,0,0,0,1,0
-0.0024266218746080686,0.0009089394537792235,-2.3796293575093238e-05,0.16621890024520686,0.027046113374258447,0.035776047573449994,0,0,0,0,-0.021433303167316897,-0.07179609588645032,0,0,0,0,1,0
0,0,0,0.17426427354622928,-0.0073237237061944231,0.078239515774984364,0,0,0,0,-0.020208542986327363,-0.072602527092310673,0,0,0,0,1,0
0,0,0,0.1692812123571906,0.0058354586185439955,0.022935219780608994,0,0,0,0,-0.018983782805337825,-0.073361521168414531,0,0,0,0,1,0
0,0,0,0.18947561405662777,0.030303744946617521,-0.035262628562963749,0,0,0,0,-0.017759022624348288,-0.074073078114761923,0,0,0,0,1,0
0,0,0,0.21731993392356369,0.019543100044934286,-0.0070627371580448597,0,0,0,0,-0.01653426244335875,-0.074737197931352806,0,0,0,0,1,0
0,0,0,0.22159329043752315,-0.011934155530229971,0.046872977824546587,0,0,0,0,-0.015309502262369214,-0.075353880618187208,0,0,0,0,1,0
0,0,0,0.19544541116640499,-0.038081901915764424,0.066772083980372293,0,0,0,0,-0.014084742081379676,-0.075923126175265088,0,0,0,0,1,0
0,0,0,0.15076306988120441,-0.048670846831485509,0.049855211092776311,0,0,0,0,-0.012859981900390139,-0.076444934602586515,0,0,0,0,1,0
0,0,0,0.10245130561738754,-0.046131736566592363,0.019084553215582511,0,0,0,0,-0.011635221719400603,-0.076919305900151433,0,0,0,0,1,0
0,0,0,0.068588529006130591,-0.013620225022095901,-0.039910996233416172,0,0,0,0,-0.010410461538411065,-0.077346240067959857,0,0,0,0,1,0
0,0,0,0.08139818248326007,0.035625612201746634,-0.10238000710902627,0,0,0,0,-0.0091857013574215274,-0.077725737106011786,0,0,0,0,1,0
0,0,0,0.12502279993849008,0.043394102970571738,-0.067718763911638669,0,0,0,0,-0.0079609411764319914,-0.078057797014307234,0,0,0,0,1,0
0,0,0,0.15605029083091876,0.01548218937231508,0.014702987975108668,0,0,0,0,-0.0067361809954424538,-0.078342419792846174,0,0,0,0,1,0
0,0,0,0.15527261783087451,-0.01367621612762554,0.061927764583882425,0,0,0,0,-0.0055114208144529169,-0.078579605441628633,0,0,0,0,1,0
0,0,0,0.14592908268851287,0.0032564714442836797,0.011474194819135558,0,0,0,0,-0.0042866606334633801,-0.078769353960654598,0,0,0,0,1,0
0,0,0,0.16495245328423097,0.030374346314757932,-0.042765637818797032,0,0,0,0,-0.0030619004524738429,-0.078911665349924082,0,0,0,0,1,0
0,0,0,0.19380929592966817,0.021362348662495569,-0.011712610971217898,0,0,0,0,-0.0018371402714843056,-0.079006539609437071,0,0,0,0,1,0
0,0,0,0.20046446674293145,-0.0090991590506386485,0.044115833961693551,0,0,0,0,-0.00061238009049476862,-0.079053976739193565,0,0,0,0,1,0
7.540311817014259e-08,3.6947527903245756e-06,-1.4843624814481712e-06,0.17741115509839639,-0.034811923283061055,0.065195990946823351,0,0,0,0,0.00061238009049476743,-0.079053976739193565,0,0,0,0,1,0
0.0044674350748781354,0.015839087991138111,-0.021568738484762106,0.13603120792607373,-0.045395017947262827,0.048981712088211171,0,0,0,0,0.0018371402714843067,-0.079006539609437071,0,0,0,0,1,0
0.041677034027157979,0.057553994307918514,-0.078406647413305094,0.093025836991302166,-0.044195997761192957,0.018817603045836837,0,0,0,0,0.0030619004524738438,-0.078911665349924082,0,0,0,0,1,0
0.1074765667503866,0.065872299849669455,-0.058222594541486171,0.052830844075634487,-0.035645858723088023,-0.0064326379678610896,0,0,0,0,0.004286660633463381,-0.078769353960654598,0,0,0,0,1,0
0.16000064964166497,0.035114082288365163,0.020873328849884201,0.022126381694920635,-0.025829550399561849,-0.020064672023876615,0,0,0,0,0.0055114208144529178,-0.078579605441628633,0,0,0,0,1,0
0.17526237746469717,-0.0034990963676178205,0.076435963111543589,0.00074545077047061953,-0.017231795534341173,-0.023570930793725069,0,0,0,0,0.0067361809954424546,-0.078342419792846188,0,0,0,0,1,0
0.1576875883211093,-0.028717805497344557,0.080390086471662375,-0.012981476815090116,-0.010540351902017185,-0.021104585457152675,0,0,0,0,0.0079609411764319914,-0.07805779701430722,0,0,0,0,1,0
0.1234389060054287,-0.037380010713553416,0.052274887322550138,-0.018991655715354605,-0.0063524924214307752,-0.016311751191102116,0,0,0,0,0.0091857013574215291,-0.077725737106011786,0,0,0,0,1,0
0.086557978839591862,-0.035151797011784891,0.018938548656102117,-0.023352129668677321,-0.0025789871742601723,-0.01146102496147316,0,0,0,0,0.010410461538411065,-0.077346240067959857,0,0,0,0,1,0
0.054610692097892835,-0.028405388279398657,-0.0048562530334726392,-0.024523160772396347,7.0601368140393601e-05,-0.0075030092558328824,0,0,0,0,0.011635221719400603,-0.076919305900151433,0,0,0,0,1,0
0.029900701028317527,-0.021116677550146706,-0.016383268103084679,-0.023510637993895089,0.0018192486175612143,-0.004649873813172732,0,0,0,0,0.012859981900390139,-0.076444934602586501,0,0,0,0,1,0
0.0120053228694725,-0.014899889934118038,-0.018833274475545444,-0.021128823694591375,0.0028349964795912307,-0.0027571438628528721,0,0,0,0,0.014084742081379676,-0.075923126175265102,0,0,0,0,1,0
-0.00034759125381091224,-0.010014398972921583,-0.016469237090374712,-0.018034256068008354,0.0032699786327032906,-0.0015760930335488885,0,0,0,0,0.015309502262369214,-0.075353880618187208,0,0,0,0,1,0
-0.0083925700897160629,-0.0062365784680192913,-0.012475915285001068,-0.014731861955130529,0.0032758288842226193,-0.0008734990045651612,0,0,0,0,0.01653426244335875,-0.074737197931352806,0,0,0,0,1,0
-0.013104749739792447,-0.0033147113751013728,-0.0086048637371192813,-0.0094104670571164405,0.0021707633859107357,-0.00045216252540626882,0,0,0,0,0.017759022624348284,-0.074073078114761909,0,0,0,0,1,0
-0.015256236675022591,-0.0010981328661284187,-0.0055439238492644765,-0.0073252560130252428,0.0019743562812091272,-0.00023918893783802863,0,0,0,0,0.018983782805337825,-0.073361521168414531,0,0,0,0,1,0
-0.015510507691742764,0.00048958466882334821,-0.003388438030721445,-0.0054967786135263329,0.0016720225294045866,-0.00012391307583264568,0,0,0,0,0.020208542986327363,-0.072602527092310673,0,0,0,0,1,0
-0.014466547200882328,0.0015096818505648452,-0.0019849415274288563,-0.0039911933216030693,0.0013388430989627559,-6.3018761529524674e-05,0,0,0,0,0.021433303167316897,-0.07179609588645032,0,0,0,0,1,0
-0.012653403554375922,0.0020439029731962274,-0.0011225975396524216,-0.0028128674008017266,0.0010235720999257065,-3.1525858810590162e-05,0,0,0,0,0.022658063348306435,-0.070942227550833473,0,0,0,0,1,0
-0.010505290059797204,0.0021988375030702729,-0.00061628262403709728,0,0,0,0,0,0,0,0.023882823529295973,-0.070040922085460131,0,0,0,0,1,0
-0.0083430482575240598,0.0020915249776566809,-0.00032978091161427859,0,0,0,0,0,0,0,0.02510758371028551,-0.069092179490330294,0,0,0,0,1,0
-0.0063730297187731925,0.0018311071291682455,-0.00017258088748179081,0,0,0,0,0,0,0,0.026332343891275048,-0.068095999765443962,0,0,0,0,1,0
-0.0047022127163877329,0.0015056482114187385,-8.8560185874903271e-05,0,0,0,0,0,0,0,0.027557104072264586,-0.067052382910801137,0,0,0,0,1,0
-0.0033625554943279429,0.0011768746487681491,-4.4659560466917607e-05,0,0,0,0,0,0,0,0.028781864253254116,-0.06596132892640183,0,0,0,0,1,0
0,0,0,0.0020006276531577085,0.0091139704198223183,-0.01175421931943469,0,0,0,0,0.030006624434243657,-0.064822837812246029,0,0,0,0,1,0
0,0,0,0.030862225417981119,0.050354155737776671,-0.07055378943076189,0,0,0,0,0.031231384615233192,-0.063636909568333733,0,0,0,0,1,0
0,0,0,0.094049061571106207,0.068104284188427455,-0.069705501646112264,0,0,0,0,0.032456144796222726,-0.062403544194664942,0,0,0,0,1,0
0,0,0,0.15219062570767927,0.042920702564032576,0.0047885105858994619,0,0,0,0,0.033680904977212267,-0.061122741691239678,0,0,0,0,1,0
0,0,0,0.17526822546084506,0.0035332458209031614,0.069515130253066229,0,0,0,0,0.034905665158201801,-0.059794502058057905,0,0,0,0,1,0
0.0020006276531577085,0.0091139704198223183,-0.01175421931943469,0.16308038950176607,-0.025092911489812963,0.083110657033519567,0,0,0,0,0.036130425339191342,-0.058418825295119638,0,0,0,0,1,0
0.030862225417981119,0.050354155737776671,-0.07055378943076189,0.13085924616303982,-0.036745909588471751,0.059046510131700224,0,0,0,0,0.037355185520180877,-0.05699571140242489,0,0,0,0,1,0
0.094049061571106207,0.068104284188427455,-0.069705501646112264,0.093689897666538791,-0.036135111333190993,0.025107692770747661,0,0,0,0,0.038579945701170411,-0.055525160379973633,0,0,0,0,1,0
0.15219062570767927,0.042920702564032576,0.0047885105858994619,0.060440226939819784,-0.029885900043199264,-0.0011166468888569063,0,0,0,0,0.039804705882159945,-0.054007172227765902,0,0,0,0,1,0
0.17526822546084506,0.0035332458209031614,0.069515130253066229,0.034263032194278724,-0.022514013206583087,-0.014943774181829458,0,0,0,0,0.041029466063149493,-0.052441746945801671,0,0,0,0,1,0
0.16308038950176607,-0.025092911489812963,0.083110657033519567,0.017098398017140515,-0.0069198047881121856,-0.030610133020184716,0,0,0,0,0.042254226244139027,-0.050828884534080951,0,0,0,0,1,0
0.13085924616303982,-0.036745909588471751,0.059046510131700224,0.032604680167473775,0.039460518344582321,-0.087706362101006824,0,0,0,0,0.043478986425128568,-0.049168584992603737,0,0,0,0,1,0
0.093689897666538791,-0.036135111333190993,0.025107692770747661,0.086971263947822036,0.061187357132651422,-0.08300785881194539,0,0,0,0,0.044703746606118103,-0.047460848321370028,0,0,0,0,1,0
0.060440226939819784,-0.029885900043199264,-0.0011166468888569063,0.1398008038806329,0.039081407253903945,-0.0045364998501679563,0,0,0,0,0.04592850678710763,-0.045705674520379831,0,0,0,0,1,0
0.034320232838207086,-0.021856205801406882,-0.015547350587050387,0.16027030505567774,0.0020439921978099513,0.063433674491427922,0,0,0,0,0.047153266968097178,-0.04390306358963314,0,0,0,0,1,0
0.026149917487003672,0.012386031644909527,-0.059133052001112428,0.14749858096975579,-0.024873329443169355,0.079357837628771855,0,0,0,0,0.048378027149086712,-0.042053015529129961,0,0,0,0,1,0
0.061938528253300984,0.054318751247238804,-0.10004149831518788,0.11610664340033607,-0.035398353312612596,0.056830829725116411,0,0,0,0,0.049602787330076253,-0.040155530338870295,0,0,0,0,1,0
0.11928252599075771,0.052545581226970527,-0.04981490406350058,0.080634734298755159,-0.034164028058104152,0.023846363124189768,0,0,0,0,0.050827547511065788,-0.038210608018854141,0,0,0,0,1,0
0.15633087114977429,0.0191521208047572,0.033312656633520399,0.049495613863237933,-0.027693329403864687,-0.0018129674889911579,0,0,0,0,0.052052307692055315,-0.036218248569081485,0,0,0,0,1,0
0.15776768571328251,-0.014389903997806892,0.076591854391689126,0.025497875260644395,-0.020385527938256227,-0.015318188112415101,0,0,0,0,0.053277067873044863,-0.034178451989552334,0,0,0,0,1,0
0.13282966099337565,-0.032655049682037265,0.070209776529684825,0.0083525740463738004,-0.014139237288212146,-0.019054166154452604,0,0,0,0,0.054501828054034397,-0.032091218280266696,0,0,0,0,1,0
0.097427329987097799,-0.036185432373535976,0.039651648985925672,0.001199848500438778,0.0065180473321426805,-0.038822660948581549,0,0,0,0,0.055726588235023938,-0.029956547441224564,0,0,0,0,1,0
0.063216982216017348,-0.031396636094711779,0.009231006536136354,0.030994934426306672,0.05187787367341104,-0.091760284197526104,0,0,0,0,0.056951348416013473,-0.027774439472425947,0,0,0,0,1,0
0.035480601301483103,-0.023972128296157132,-0.010213629603186098,0.092567836787539604,0.062969873571869492,-0.067573140379801999,0,0,0,0,0.058176108597003,-0.025544894373870829,0,0,0,0,1,0
0.015104325394965569,-0.016981943044194169,-0.018243581408304267,0.14500272923649762,0.033624828665271951,0.014791873088245887,0,0,0,0,0.059400868777992541,-0.02326791214555923,0,0,0,0,1,0
0.0010329310731047141,-0.01141015549244493,-0.018652547405757544,0.15968056893268689,-0.0032795143209742119,0.072683143706795891,0,0,0,0,0.060625628958982082,-0.020943492787491125,0,0,0,0,1,0
-0.008174070175423662,-0.0072051820819266895,-0.01543824618795258,0.14293498555840556,-0.027370249221485406,0.078174406065078555,0,0,0,0,0.061850389139971623,-0.018571636299666544,0,0,0,0,1,0
-0.013722377123568299,-0.0040382355992049472,-0.011305653348581664,0.11038374263764508,-0.035408927438466582,0.051013557675992249,0,0,0,0,0.063075149320961157,-0.016152342682085461,0,0,0,0,1,0
-0.016506328834506315,-0.001643170632722036,-0.0076149800098266225,0.075613365763010004,-0.032959226372450315,0.018242228055967865,0,0,0,0,0.064299909501950692,-0.013685611934747884,0,0,0,0,1,0
-0.015503324076468547,-0.00055841191746068455,-0.004806627493629219,0.045845535164258502,-0.026276903011071794,-0.005230666964058283,0,0,0,0,0.065524669682940226,-0.01117144405765382,0,0,0,0,1,0
-0.015308005655165902,0.00085203941514714763,-0.0028979851732819227,0.023155429307590354,-0.019225834383214672,-0.01658003619430581,0,0,0,0,0.066749429863929774,-0.0086098390508032637,0,0,0,0,1,0
-0.013981553190388005,0.0017165116209551432,-0.0016787053860209036,0.0069952815455404833,-0.013327293199919122,-0.018934624269119946,0,0,0,0,0.067974190044919308,-0.0060007969141962153,0,0,0,0,1,0
-0.012027265181038792,0.002124914401076029,-0.00094049484179199532,-0.0039518932313780519,-0.0087735925516530238,-0.016520516708762582,0,0,0,0,0.069198950225908842,-0.0033443176478326758,0,0,0,0,1,0
-0.0098465783596401076,0.0021889130459513302,-0.00051216371545426283,-0.01091147822551668,-0.0052997094356906299,-0.012501450687249487,0,0,0,0,0.07042371040689839,-0.00064040125171264495,0,0,0,0,1,0
-0.007725265124978415,0.0020249828073192941,-0.00027215396424957322,-0.013104749739792447,-0.0033147113751013728,-0.0086048637371192813,0,0,0,0,0.071648470587887925,0.0021109522741638788,0,0,0,0,1,0
-0.0058377012709751952,0.0017369713346884021,-0.00014155147996585473,-0.015256236675022591,-0.0010981328661284187,-0.0055439238492644765,0,0,0,0,0.072873230768877459,0.0049097429297968939,0,0,0,0,1,0
-0.0042655914735653102,0.0014052456468099776,-7.2243256925805913e-05,-0.015510507691742764,0.00048958466882334821,-0.003388438030721445,0,0,0,0,0.074097990949867007,0.0077559707151864015,0,0,0,0,1,0
-0.0030235617771667759,0.0010836624854839809,-3.6254611428768932e-05,-0.014466547200882328,0.0015096818505648452,-0.0019849415274288563,0,0,0,0,0.075322751130856541,0.0106496356303324,0,0,0,0,1,0
0,0,0,-0.012653403554375922,0.0020439029731962274,-0.0011225975396524216,0,0,0,0,0.076547511311846075,0.013590737675234891,0,0,0,0,1,0
0,0,0,-0.010505290059797204,0.0021988375030702729,-0.00061628262403709728,0,0,0,0,0.07777227149283561,0.016579276849893868,0,0,0,0,1,0
0,0,0,-0.0083430482575240598,0.0020915249776566809,-0.00032978091161427859,0,0,0,0,0.078997031673825144,0.019615253154309349,0,0,0,0,1,0
0,0,0,-0.0063730297187731925,0.0018311071291682455,-0.00017258088748179081,0,0,0,0,0.080221791854814678,0.022698666588481312,0,0,0,0,1,0
0,0,0,-0.0047022127163877329,0.0015056482114187385,-8.8560185874903271e-05,0,0,0,0,0.081446552035804212,0.025829517152409779,0,0,0,0,1,0
0,0,0,-0.0033625554943279429,0.0011768746487681491,-4.4659560466917607e-05,0,0,0,0,0.082671312216793746,0.029007804846094717,0,0,0,0,1,0
0,0,0,0,0,0,0,0,0,0,0.083896072397783295,0.03223352966953616,0,0,0,0,1,0
0,0,0,0,0,0,0,0,0,0,0.085120832578772829,0.0355066916227341,0,0,0,0,1,0
0,0,0,0,0,0,0,0,0,0,0.086345592759762363,0.038827290705688515,0,0,0,0,1,0
0,0,0,0,0,0,0,0,0,0,0.087570352940751897,0.042195326918399438,0,0,0,0,1,0
0,0,0,0,0,0,0,0,0,0,0.088795113121741431,0.045610800260866849,0,0,0,0,1,0
0,0,0,0,0,0,0,0,0,0,0.090019873302730979,0.04907371073309074,0,0,0,0,1,0
0,0,0,0,0,0,0,0,0,0,0.091244633483720514,0.052584058335071127,0,0,0,0,1,0
0,0,0,0,0,0,0,0,0,0,0.092469393664710048,0.056141843066808021,0,0,0,0,1,0
0,0,0,0,0,0,0,0,0,0,0.093694153845699582,0.059747064928301383,0,0,0,0,1,0
0,0,0,0,0,0,0,0,0,0,0.094918914026689116,0.06339972391955126,0,0,0,0,1,0
0,0,0,0,0,0,0,0,0,0,0.096143674207678664,0.067099820040557631,0,0,0,0,1,0
0,0,0,0,0,0,0,0,0,0,0.097368434388668185,0.070847353291320483,0,0,0,0,1,0
0,0,0,0,0,0,0,0,0,0,0.098593194569657733,0.07464232367183983,0,0,0,0,1,0
0,0,0,0,0,0,0,0,0,0,0.099817954750647267,0.078484731182115644,0,0,0,0,1,0
0,0,0,0,0,0,0,0,0,0,0.10104271493163682,0.082374575822147966,0,0,0,0,1,0
0,0,0,0,0,0,0,0,0,0,0.10226747511262635,0.086311857591936783,0,0,0,0,1,0
0,0,0,0,0,0,0,0,0,0,0.10349223529361587,0.090296576491482095,0,0,0,0,1,0
0,0,0,0,0,0,0,0,0,0,0.10471699547460542,0.094328732520783901,0,0,0,0,1,0
0,0,0,0,0,0,0,0,0,0,0.10594175565559495,0.098408325679842215,0,0,0,0,1,0
0,0,0,0,0,0,0,0,0,0,0.1071665158365845,0.102535355968657,0,0,0,0,1,0
0,0,0,0,0,0,0,0,0,0,0.10839127601757403,0.10670982338722827,0,0,0,0,1,0
0,0,0,0,0,0,0,0,0,0,0.10961603619856355,0.11093172793555602,0,0,0,0,1,0
0,0,0,0,0,0,0,0,0,0,0.1108407963795531,0.11520106961364028,0,0,0,0,1,0
0,0,0,0,0,0,0,0,0,0,0.11206555656054264,0.11951784842148101,0,0,0,0,1,0
0,0,0,0,0,0,0,0,0,0,0.11329031674153218,0.12388206435907828,0,0,0,0,1,0
0,0,0,0,0,0,0,0,0,0,0.11451507692252172,0.128293717426432,0,0,0,0,1,0
0,0,0,0,0,0,0,0,0,0,0.11573983710351124,0.13275280762354225,0,0,0,0,1,0
0,0,0,0,0,0,0,0,0,0,0.11696459728450077,0.13725933495040896,0,0,0,0,1,0
0,0,0,0,0,0,0,0,0,0,0.11818935746549032,0.14181329940703219,0,0,0,0,1,0
0,0,0,0,0,0,0,0,0,0,0.11941411764647988,0.14641470099341189,0,0,0,0,1,0
0,0,0,0,0,0,0,0,0,0,0.1206388778274694,0.15106353970954808,0,0,0,0,1,0
0,0,0,0,0,0,0,0,0,0,0.12186363800845894,0.15575981555544077,0,0,0,0,1,0
0,0,0,0,0,0,0,0,0,0,0,0,-0.12186363800845887,0.15575981555544058,0,0,0,1
0,0,0,0,0,0,0,0,0,0,0,0,-0.12063887782746929,0.15106353970954811,0,0,0,1
0,0,0,0,0,0,0,0,0,0,0,0,-0.11941411764647987,0.14641470099341186,0,0,0,1
0,0,0,0,0,0,0,0,0,0,0,0,-0.11818935746549031,0.14181329940703216,0,0,0,1
0,0,0,0,0,0,0,0,0,0,0,0,-0.11696459728450079,0.13725933495040898,0,0,0,1
0,0,0,0,0,0,0,0,0,0,0,0,-0.11573983710351125,0.13275280762354227,0,0,0,1
0,0,0,0,0,0,0,0,0,0,0,0,-0.11451507692252172,0.12829371742643203,0,0,0,1
0,0,0,0,0,0,0,0,0,0,0,0,-0.11329031674153218,0.12388206435907829,0,0,0,1
0,0,0,0.00035562994018897371,0.0026079528947184046,-0.0028929709775794817,0,0,0,0,0,0,-0.11206555656054262,0.11951784842148105,0,0,0,1
0,0,0,0.017641986908063945,0.037489221994214485,-0.053440862471698686,0,0,0,0,0,0,-0.1108407963795531,0.11520106961364032,0,0,0,1
0,0,0,0.073539343258269441,0.067882409632409352,-0.080604267000229046,0,0,0,0,0,0,-0.10961603619856357,0.11093172793555604,0,0,0,1
0,0,0,0.13767931431993174,0.05353981699618153,-0.020254278882395938,0,0,0,0,0,0,-0.10839127601757403,0.10670982338722827,0,0,0,1
0,0,0,0.17251430695301517,0.014976910606107258,0.054960145358594177,0,0,0,0,0,0,-0.1071665158365845,0.102535355968657,0,0,0,1
0,0,0,0.16963219458920967,-0.01831546086582124,0.084229602644564375,0,0,0,0,0,0,-0.10594175565559495,0.098408325679842215,0,0,0,1
0,0,0,0.14162889684047966,-0.03485024351242122,0.068477485780010103,0,0,0,0,0,0,-0.10471699547460542,0.094328732520783914,0,0,0,1
0,0,0,0.10470255918769099,-0.037187344666396831,0.034995350750307359,0,0,0,0,0,0,-0.10349223529361588,0.090296576491482122,0,0,0,1
0,0,0,0.069730785534977469,-0.032030131925442656,0.0054643346649849425,0,0,0,0,0,0,-0.10226747511262635,0.086311857591936811,0,0,0,1
0.00035562994018897371,0.0026079528947184046,-0.0028929709775794817,0.041340730771795134,-0.024683480067242403,-0.01202180816056952,0,0,0,0,0,0,-0.10104271493163682,0.082374575822147994,0,0,0,1
0.017641986908063945,0.037489221994214485,-0.053440862471698686,0.02017549220516477,-0.017838507570833863,-0.018464573773305282,0,0,0,0,0,0,-0.099817954750647267,0.078484731182115672,0,0,0,1
0.073539343258269441,0.067882409632409352,-0.080604267000229046,0.0052188843385751905,-0.012300726364596545,-0.018018785338478765,0,0,0,0,0,0,-0.098593194569657733,0.07464232367183983,0,0,0,1
0.13767931431993174,0.05353981699618153,-0.020254278882395938,-0.004841624095562074,-0.0080047773767469924,-0.014536008810233763,0,0,0,0,0,0,-0.097368434388668199,0.070847353291320497,0,0,0,1
0.17251430695301517,0.014976910606107258,0.054960145358594177,-0.011113513711057973,-0.0046805037402321802,-0.010463084948392817,0,0,0,0,0,0,-0.096143674207678664,0.067099820040557631,0,0,0,1
0.16963219458920967,-0.01831546086582124,0.084229602644564375,-0.014457385264610642,-0.002124041035050143,-0.0069581210844023396,0,0,0,0,0,0,-0.094918914026689116,0.063399723919551274,0,0,0,1
0.14168609748440802,-0.034192436107245011,0.067873909374789168,-0.015581687588292179,-0.00022926292402226806,-0.0043596635555776713,0,0,0,0,0,0,-0.093694153845699582,0.059747064928301417,0,0,0,1
0.11575470631071186,-0.0087675378135528021,-0.005281787550055035,-0.015115827290816612,0.0010661398735805525,-0.0026058955572725267,0,0,0,0,0,0,-0.092469393664710048,0.056141843066808028,0,0,0,1
0.12992685903878579,0.033182256714990498,-0.077424590979958005,-0.013626470718360663,0.001831329964178404,-0.0014987623457012765,0,0,0,0,0,0,-0.091244633483720514,0.052584058335071147,0,0,0,1
0.16770105438583702,0.034779028215504146,-0.048534355058236972,-0.011598403279469392,0.0021614854407632847,-0.00083462910182692182,0,0,0,0,0,0,-0.090019873302730979,0.049073710733090754,0,0,0,1
0.18889618518198542,0.0051529085440519739,0.02417309329628254,-0.0094104670571164405,0.0021707633859107357,-0.00045216252540626882,0,0,0,0,0,0,-0.088795113121741431,0.045610800260866856,0,0,0,1
0.17798449045702505,-0.025201376739310225,0.064654524814848666,-0.0073252560130252428,0.0019743562812091272,-0.00023918893783802863,0,0,0,0,0,0,-0.087570352940751897,0.042195326918399445,0,0,0,1
0.14356984542982384,-0.040879409105427859,0.059426587124198779,-0.0054967786135263329,0.0016720225294045866,-0.00012391307583264568,0,0,0,0,0,0,-0.086345592759762363,0.038827290705688536,0,0,0,1
0.10106641903874357,-0.042213492389627301,0.031404244444116679,-0.0039911933216030693,0.0013388430989627559,-6.3018761529524674e-05,0,0,0,0,0,0,-0.085120832578772829,0.035506691622734107,0,0,0,1
0.061814760319190316,-0.035491760404848749,0.0035342150982919035,-0.0028128674008017266,0.0010235720999257065,-3.1525858810590162e-05,0,0,0,0,0,0,-0.083896072397783295,0.032233529669536173,0,0,0,1
0.030843526789772775,-0.026393961859513974,-0.013876972558629519,0,0,0,0,0,0,0,0,0,-0.082671312216793746,0.029007804846094734,0,0,0,1
0.0087558383197915007,-0.017991889670743406,-0.020507749497314695,0,0,0,0,0,0,0,0,0,-0.081446552035804212,0.025829517152409782,0,0,0,1
0.00039729525309220327,0.0083079480290045912,-0.047377813343978156,0,0,0,0,0,0,0,0,0,-0.080221791854814678,0.022698666588481325,0,0,0,1
0.032824124489098182,0.053948406263606571,-0.097105244444317548,0,0,0,0,0,0,0,0,0,-0.078997031673825144,0.019615253154309356,0,0,0,1
0.094450644989251653,0.061004400813792797,-0.063188936841835852,0,0,0,0,0,0,0,0,0,-0.077772271492835596,0.016579276849893881,0,0,0,1
0.14199892442043266,0.030491130396701864,0.020675154435316909,0,0,0,0,0,0,0,0,0,-0.076547511311846061,0.013590737675234903,0,0,0,1
0.15374625752681642,-0.0056817162167890371,0.074127532415977498,0,0,0,0,0,0,0,0,0,-0.075322751130856527,0.010649635630332411,0,0,0,1
0.13543758723260352,-0.028078952674894034,0.075568040580295245,0,0,0,0,0,0,0,0,0,-0.074097990949866993,0.0077559707151864127,0,0,0,1
0.10289810368871476,-0.034790010858874752,0.047107257514985262,0,0,0,0,0,0,0,0,0,-0.072873230768877445,0.0049097429297969035,0,0,0,1
0.071043135749501343,-0.032468148918507252,0.015068278521136664,0,0,0,0,0,0,0,0,0,-0.071648470587887911,0.0021109522741638923,0,0,0,1
0.041960891686264108,-0.025469785970405341,-0.0070464971365030854,0,0,0,0,0,0,0,0,0,-0.070423710406898377,-0.0006404012517126328,0,0,0,1
0.020793444599810258,-0.01413795688480881,-0.0222819700467198,0,0,0,0,0,0,0,0,0,-0.069198950225908842,-0.0033443176478326676,0,0,0,1
0.026320438590257747,0.029342724878868659,-0.078559939381470545,0,0,0,0,0,0,0,0,0,-0.067974190044919294,-0.0060007969141962075,0,0,0,1
0.074767057713313032,0.060268821099643155,-0.094092448998995826,0,0,0,0,0,0,0,0,0,-0.066749429863929774,-0.0086098390508032533,0,0,0,1
0.13084452785864323,0.045368445167845356,-0.023999863324991585,0,0,0,0,0,0,0,0,0,-0.06552466968294024,-0.011171444057653815,0,0,0,1
0.16039213997600393,0.0080019123947598567,0.05209904315662367,0.00035562994018897371,0.0026079528947184046,-0.0028929709775794817,0,0,0,0,0,0,-0.064299909501950692,-0.013685611934747878,0,0,0,1
0.15232048245314572,-0.02166692763017327,0.079001585723317003,0.017641986908063945,0.037489221994214485,-0.053440862471698686,0,0,0,0,0,0,-0.063075149320961157,-0.016152342682085451,0,0,0,1
0.12264914261912536,-0.035001654171904852,0.062248103390347274,0.073539343258269441,0.067882409632409352,-0.080604267000229046,0,0,0,0,0,0,-0.061850389139971623,-0.01857163629966653,0,0,0,1
0.086685695912728733,-0.035317805189470357,0.029751974295625892,0.13767931431993174,0.05353981699618153,-0.020254278882395938,0,0,0,0,0,0,-0.060625628958982082,-0.020943492787491122,0,0,0,1
0.0541151834885727,-0.029255431300913654,0.0020825398318885615,0.17251430695301517,0.014976910606107258,0.054960145358594177,0,0,0,0,0,0,-0.059400868777992548,-0.023267912145559212,0,0,0,1
0.028623592036305955,-0.021753974798026779,-0.013682741757075099,0.16963219458920967,-0.01831546086582124,0.084229602644564375,0,0,0,0,0,0,-0.058176108597003014,-0.025544894373870822,0,0,0,1
0.010287605022338529,-0.015152341402741437,-0.018966856525050309,0.14162889684047966,-0.03485024351242122,0.068477485780010103,0,0,0,0,0,0,-0.056951348416013473,-0.02777443947242593,0,0,0,1
-0.0021784819689503604,-0.010019277856844883,-0.017916595498538392,0.10470255918769099,-0.037187344666396831,0.034995350750307359,0,0,0,0,0,0,-0.055726588235023938,-0.029956547441224553,0,0,0,1
-0.010176750891952798,-0.0061607346018513909,-0.01421023378055283,0.069730785534977469,-0.032030131925442656,0.0054643346649849425,0,0,0,0,0,0,-0.054501828054034397,-0.032091218280266696,0,0,0,1
-0.014813554661000325,-0.0032472724553905914,-0.010118292411183373,0.041340730771795134,-0.024683480067242403,-0.01202180816056952,0,0,0,0,0,0,-0.053277067873044856,-0.034178451989552328,0,0,0,1
-0.012658202599768268,0.0072080202903156915,-0.018410707332974709,0.02017549220516477,-0.017838507570833863,-0.018464573773305282,0,0,0,0,0,0,-0.052052307692055329,-0.036218248569081471,0,0,0,1
0.015265438391806923,0.05028043407506886,-0.074702872612745636,0.0052188843385751905,-0.012300726364596545,-0.018018785338478765,0,0,0,0,0,0,-0.050827547511065788,-0.038210608018854127,0,0,0,1
0.079044843331485551,0.069269444398047497,-0.072175155787812459,-0.004841624095562074,-0.0080047773767469924,-0.014536008810233763,0,0,0,0,0,0,-0.049602787330076253,-0.040155530338870295,0,0,0,1
0.13874986415850529,0.044802837210412866,0.0033730385012103905,-0.011113513711057973,-0.0046805037402321802,-0.010463084948392817,0,0,0,0,0,0,-0.048378027149086712,-0.042053015529129954,0,0,0,1
0.16388666756204906,0.0057081430627911852,0.068729203053607898,-0.014457385264610642,-0.002124041035050143,-0.0069581210844023396,0,0,0,0,0,0,-0.047153266968097178,-0.043903063589633133,0,0,0,1
0.15388640557486735,-0.022934343592440259,0.082685957484284964,-0.015581687588292179,-0.00022926292402226806,-0.0043596635555776713,0,0,0,0,0,0,-0.04592850678710763,-0.045705674520379817,0,0,0,1
0.12573071594876772,-0.02568449818133281,0.047068125735065365,-0.015115827290816612,0.0010661398735805525,-0.0026058955572725267,0,0,0,0,0,0,-0.044703746606118103,-0.047460848321370028,0,0,0,1
0.11922090210040054,0.015858131865466783,-0.045562000517748794,-0.013626470718360663,0.001831329964178404,-0.0014987623457012765,0,0,0,0,0,0,-0.043478986425128568,-0.049168584992603737,0,0,0,1
0.15063033156207731,0.039524304492821224,-0.070880992045537439,-0.011598403279469392,0.0021614854407632847,-0.00083462910182692182,0,0,0,0,0,0,-0.04225422624413902,-0.050828884534080937,0,0,0,1
0.18374167517330992,0.021400887542899795,-0.010184655123196242,-0.0094104670571164405,0.0021707633859107357,-0.00045216252540626882,0,0,0,0,0,0,-0.041029466063149493,-0.052441746945801657,0,0,0,1
0.19036599582482785,-0.012500529387031343,0.050659216552316207,-0.0053246283598675339,0.011088326701031445,-0.011993408257272719,0,0,0,0,0,0,-0.039804705882159945,-0.054007172227765902,0,0,0,1
0.1648228442512587,-0.035986548883007313,0.065958084363274619,0.025365446804454787,0.052026178267181263,-0.070677702506594539,0,0,0,0,0,0,-0.038579945701170418,-0.055525160379973633,0,0,0,1
0.12378144853975563,-0.043662836644247777,0.045744152965867091,0.09005786824950314,0.069443127287390202,-0.069768520407641782,0,0,0,0,0,0,-0.037355185520180884,-0.056995711402424883,0,0,0,1
0.081300075839492406,-0.039974406643319624,0.015782682334680241,0.14937775830687755,0.04394427466395829,0.0047569847270888714,0,0,0,0,0,0,-0.036130425339191342,-0.058418825295119624,0,0,0,1
0.045442306534652456,-0.031375153666292475,-0.0071981026504952207,0.17649519308552555,0.0099748258504508986,0.061523689705355586,0,0,0,0,0,0,-0.034905665158201808,-0.059794502058057898,0,0,0,1
0.018681223662268459,-0.022294431159939478,-0.018696593586577166,0.18910901349455111,0.02118019704104631,0.017685048553807106,0,0,0,0,0,0,-0.033680904977212267,-0.061122741691239657,0,0,0,1
0.00034516760127906019,-0.014686218932075357,-0.021071594107333842,0.21807283631104635,0.031778912995996444,-0.015214635644497189,0,0,0,0,0,0,-0.032456144796222733,-0.062403544194664921,0,0,0,1
-0.01131270861829096,-0.0089225541181075143,-0.018413902316802833,0.24140113484051443,0.01050681000569418,0.021587064972676238,0,0,0,0,0,0,-0.031231384615233195,-0.063636909568333733,0,0,0,1
-0.018022410699866025,-0.0047243564164414489,-0.013998677765967384,0.23517055839803341,-0.022641619952581873,0.06409612423376003,0,0,0,0,0,0,-0.030006624434243657,-0.064822837812246015,0,0,0,1
-0.021154978760680711,-0.001710810041801772,-0.009699424366653062,0.19975026037732324,-0.045527956953296422,0.068964439938619074,0,0,0,0,0,0,-0.028781864253254116,-0.065961328926401816,0,0,0,1
-0.021743192125894494,0.00040158954383882293,-0.0062782238528594448,0.14960773146855647,-0.052280963613171125,0.043457108799505803,0,0,0,0,0,0,-0.027557104072264586,-0.067052382910801137,0,0,0,1
-0.020591849855942278,0.0017921787808425241,-0.00385416919832221,0.099067000889758075,-0.047441954736312034,0.011177209362376324,0,0,0,0,0,0,-0.026332343891275048,-0.068095999765443962,0,0,0,1
-0.018356904740270887,0.0025883626971277066,-0.0022669600249716798,0.056387516312069404,-0.037531000045731067,-0.012355074509200948,0,0,0,0,0,0,-0.02510758371028551,-0.069092179490330294,0,0,0,1
-0.015574071503584235,0.0029079523074154942,-0.0012868650488063072,0.024160250590968567,-0.027067704114318743,-0.023400799618589284,0,0,0,0,0,0,-0.023882823529295969,-0.070040922085460117,0,0,0,1
-0.010944613076581851,0.0021925706393345758,-0.00069632060013425159,0.0017324967843990891,-0.018110729588580527,-0.024867901794404686,0,0,0,0,0,0,-0.022658063348306435,-0.070942227550833473,0,0,0,1
-0.0087651569336343292,0.0021284852683268619,-0.00037441393058564401,-0.012727240142585028,-0.011131022699142505,-0.021218109733777944,0,0,0,0,0,0,-0.021433303167316897,-0.07179609588645032,0,0,0,1
-0.0067452717207271747,0.0018908431669320332,-0.00019676809122113088,-0.021063911906586408,-0.005264967641137373,-0.016535010988807455,0,0,0,0,0,0,-0.020208542986327363,-0.072602527092310673,0,0,0,1
-0.0050100413239320164,0.001572596734198916,-0.00010134979357450091,-0.013995317086247499,0.026278555833156435,-0.05123556432035279,0,0,0,0,0,0,-0.018983782805337825,-0.073361521168414531,0,0,0,1
-0.0036043019775671395,0.0012408064212685581,-5.1279618387867342e-05,0.034412667940457366,0.065710584052791024,-0.08994951221248626,0,0,0,0,0,0,-0.017759022624348288,-0.074073078114761923,0,0,0,1
-0.0025189081358006184,0.00093686903232866145,-2.5535402248417547e-05,0.10199853655867525,0.061666867177544944,-0.040833826369306173,0,0,0,0,0,0,-0.01653426244335875,-0.074737197931352806,0,0,0,1
0,0,0,0.1477879603183764,0.030413609305806798,0.035055186608055851,0,0,0,0,0,0,-0.015309502262369214,-0.075353880618187208,0,0,0,1
0,0,0,0.17612075238979341,0.032559881916367231,0.021566540591266323,0,0,0,0,0,0,-0.014084742081379676,-0.075923126175265088,0,0,0,1
0,0,0,0.21400408643249424,0.039006494657145785,-0.004744994669382413,0,0,0,0,0,0,-0.012859981900390139,-0.076444934602586515,0,0,0,1
0,0,0,0.24355008568393743,0.015742302098492818,0.029544651428269494,0,0,0,0,0,0,-0.011635221719400603,-0.076919305900151433,0,0,0,1
0,0,0,0.24315206124647964,-0.02038327750973502,0.070638829893603122,0,0,0,0,0,0,-0.010410461538411065,-0.077346240067959857,0,0,0,1
0,0,0,0.20893342038973148,-0.045313680378118407,0.074664946429318743,0,0,0,0,0,0,-0.0091857013574215274,-0.077725737106011786,0,0,0,1
0,0,0,0.15824380433844221,-0.053454859717173793,0.047541685907276393,0,0,0,0,0,0,-0.0079609411764319914,-0.078057797014307234,0,0,0,1
0,0,0,0.10616174063150581,-0.049236886398829262,0.013146550698005955,0,0,0,0,0,0,-0.0067361809954424538,-0.078342419792846174,0,0,0,1
0,0,0,0.0633986042428097,-0.040107762215281895,-0.012195766911904776,0,0,0,0,0,0,-0.0055114208144529169,-0.078579605441628633,0,0,0,1
0,0,0,0.028790944311759117,-0.029231005973121973,-0.024357555673692428,0,0,0,0,0,0,-0.0042866606334633801,-0.078769353960654598,0,0,0,1
0,0,0,0.0044351079084224507,-0.019803105807901886,-0.026246903642274333,0,0,0,0,0,0,-0.0030619004524738429,-0.078911665349924082,0,0,0,1
7.540311817014259e-08,3.6947527903245756e-06,-1.4843624814481712e-06,-0.011490349549233494,-0.012377948680044668,-0.022561644475818904,0,0,0,0,0,0,-0.0018371402714843056,-0.079006539609437071,0,0,0,1
0.0044674350748781354,0.015839087991138111,-0.021568738484762106,-0.020931432693126039,-0.0067808261962906957,-0.017025456653343214,0,0,0,0,0,0,-0.00061238009049476862,-0.079053976739193565,0,0,0,1
0.041677034027157979,0.057553994307918514,-0.078406647413305094,-0.025548664143469541,-0.0026761824352191767,-0.011755330299562486,0,0,0,0,0,0,0.00061238009049476743,-0.079053976739193565,0,0,0,1
0.1074765667503866,0.065872299849669455,-0.058222594541486171,-0.02668609543396477,0.00021896427156940161,-0.0075969828553320113,0,0,0,0,0,0,0.0018371402714843067,-0.079006539609437071,0,0,0,1
0.16000064964166497,0.035114082288365163,0.020873328849884201,-0.025443365385814303,0.00211519138324352,-0.0046612468974380128,0,0,0,0,0,0,0.0030619004524738438,-0.078911665349924082,0,0,0,1
0.17526237746469717,-0.0034990963676178205,0.076435963111543589,-0.022729483364599061,0.0031901430169393435,-0.0027418081059497781,0,0,0,0,0,0,0.004286660633463381,-0.078769353960654598,0,0,0,1
0.1576875883211093,-0.028717805497344557,0.080390086471662375,-0.019278462820149188,0.0036191059810686912,-0.0015570235646549266,0,0,0,0,0,0,0.0055114208144529178,-0.078579605441628633,0,0,0,1
0.1234389060054287,-0.037380010713553416,0.052274887322550138,-0.015647149372361294,0.0035801428886980012,-0.00085817045638413698,0,0,0,0,0,0,0.0067361809954424546,-0.078342419792846188,0,0,0,1
0.086557978839591862,-0.035151797011784891,0.018938548656102117,-0.010990578079385003,0.0096838104124044241,-0.0084523947083740194,0,0,0,0,0,0,0.0079609411764319914,-0.07805779701430722,0,0,0,1
0.054610692097892835,-0.028405388279398657,-0.0048562530334726392,0.018899466125355271,0.048220549518175893,-0.065649773556912636,0,0,0,0,0,0,0.0091857013574215291,-0.077725737106011786,0,0,0,1
0.029900701028317527,-0.021116677550146706,-0.016383268103084679,0.081882369163887136,0.070163910045349304,-0.074377049633931977,0,0,0,0,0,0,0.010410461538411065,-0.077346240067959857,0,0,0,1
0.0120053228694725,-0.014899889934118038,-0.018833274475545444,0.14385228022512697,0.047947841686478199,-0.0035794713086396948,0,0,0,0,0,0,0.011635221719400603,-0.076919305900151433,0,0,0,1
-0.00034759125381091224,-0.010014398972921583,-0.016469237090374712,0.17201834872956556,0.0082384782760676969,0.065183379595350685,0,0,0,0,0,0,0.012859981900390139,-0.076444934602586501,0,0,0,1
-0.0071656024650355596,0.00020500156152844593,-0.020467355832711719,0.16548722818304454,-0.023013943746713336,0.083908214120448521,0,0,0,0,0,0,0.014084742081379676,-0.075923126175265102,0,0,0,1
0.012923874252992611,0.042958397155757902,-0.074030472216831747,0.13450996110457367,-0.036247188405236629,0.062313022500255819,0,0,0,0,0,0,0.015309502262369214,-0.075353880618187208,0,0,0,1
0.071957353472983904,0.067426689718339775,-0.079805069625461897,0.097324546140265408,-0.036548317343117684,0.028329782032621268,0,0,0,0,0,0,0.01653426244335875,-0.074737197931352806,0,0,0,1
0.13220080488535105,0.047135200760498833,-0.0069105501912743129,0.063465313935353568,-0.030614072989955037,0.00094728265663218529,0,0,0,0,0,0,0.017759022624348284,-0.074073078114761909,0,0,0,1
0.16473121933220947,0.024593049932320348,0.041659091110425969,0.036550072418014952,-0.023228408804190106,-0.014075789182521866,0,0,0,0,0,0,0.018983782805337825,-0.073361521168414531,0,0,0,1
0.19451085865582662,0.036583953534401401,0.0043789691674910036,0.016730417189566409,-0.016621475965487315,-0.018786446032766368,0,0,0,0,0,0,0.020208542986327363,-0.072602527092310673,0,0,0,1
0.23148123779516305,0.031823948947503108,0.0034741453347325521,0.0028545683894252347,-0.011350604745786112,-0.017465290329030235,0,0,0,0,0,0,0.021433303167316897,-0.07179609588645032,0,0,0,1
0.24898214752440634,0.00065728992290416122,0.048873329970891194,-0.0063685097878110252,-0.0072703313221727291,-0.013715754177002713,0,0,0,0,0,0,0.022658063348306435,-0.070942227550833473,0,0,0,1
0.23235466168127755,-0.032282062228404615,0.077210664880693988,-0.011992300841484747,-0.004112334294774431,-0.0096970963734325025,0,0,0,0,0,0,0.023882823529295973,-0.070040922085460131,0,0,0,1
0.1895354480227365,-0.050440566090115921,0.066225737103265597,-0.014838792486769108,-0.0016943752269767038,-0.0063642659674090591,0,0,0,0,0,0,0.02510758371028551,-0.069092179490330294,0,0,0,1
0.13680676770066716,-0.052824612030272583,0.033443781729316849,-0.015596630121732303,7.5873626471528933e-05,-0.0039468655410530773,0,0,0,0,0,0,0.026332343891275048,-0.068095999765443962,0,0,0,1
0.089412547229017092,-0.046502401757571005,0.0014732583270718816,-0.014882970037785518,0.001258936980716037,-0.0023396551653402662,0,0,0,0,0,0,0.027557104072264586,-0.067052382910801137,0,0,0,1
0.048242182310081802,-0.035675719601571385,-0.018572007210475354,-0.013250185705657782,0.0019286818941736342,-0.0013363878232506893,0,0,0,0,0,0,0.028781864253254116,-0.06596132892640183,0,0,0,1
0.017908400186832783,-0.025229011844921139,-0.026080364476517182,-0.01116352682591743,0.0021852191934715252,-0.0007398669882035427,0,0,0,0,0,0,0.030006624434243657,-0.064822837812246029,0,0,0,1
-0.0028334696172966078,-0.016594265161094742,-0.0251975404429545,-0.0086231879776700448,0.0047523920366529405,-0.0032917820003214118,0,0,0,0,0,0,0.031231384615233192,-0.063636909568333733,0,0,0,1
-0.015944221375543216,-0.0099385253464500528,-0.02041610263142779,0.01070618740697293,0.039408797033566742,-0.053650904132622523,0,0,0,0,0,0,0.032456144796222726,-0.062403544194664942,0,0,0,1
-0.023275540127501583,-0.0049776414873032547,-0.014815570450341334,0.068370374606184656,0.069488336012789559,-0.0807126595656006,0,0,0,0,0,0,0.033680904977212267,-0.061122741691239678,0,0,0,1
-0.026354935445450228,-0.0013860294809277384,-0.0099412515603699708,0.13394931283627978,0.054813047570308644,-0.020309214830604501,0,0,0,0,0,0,0.034905665158201801,-0.059794502058057905,0,0,0,1
-0.026419763500940021,0.0010870863273431063,-0.0062837908374680194,0.1699002948030271,0.015942203235160234,0.054932747673955291,0,0,0,0,0,0,0.036130425339191342,-0.058418825295119638,0,0,0,1
-0.024489325609601782,0.0026340238107578845,-0.0037872490534633747,0.16963219458920967,-0.01831546086582124,0.084229602644564375,0,0,0,0,0,0,0.037355185520180877,-0.05699571140242489,0,0,0,1
-0.020706837601904882,0.0077016699331899927,-0.0072410403933232644,0.14162889684047966,-0.03485024351242122,0.068477485780010103,0,0,0,0,0,0,0.038579945701170411,-0.055525160379973633,0,0,0,1
0.0037930010944726813,0.045609083016284795,-0.060900022050259905,0.10470255918769099,-0.037187344666396831,0.034995350750307359,0,0,0,0,0,0,0.039804705882159945,-0.054007172227765902,0,0,0,1
0.066125154167143721,0.071927168848283984,-0.07858766256946921,0.069730785534977469,-0.032030131925442656,0.0054643346649849425,0,0,0,0,0,0,0.041029466063149493,-0.052441746945801671,0,0,0,1
0.13191081858028342,0.053250800180334401,-0.012255510135502813,0.041340730771795134,-0.024683480067242403,-0.01202180816056952,0,0,0,0,0,0,0.042254226244139027,-0.050828884534080951,0,0,0,1
0.16744268544499652,0.012895973949879581,0.060183954484350911,0.02017549220516477,-0.017838507570833863,-0.018464573773305282,0,0,0,0,0,0,0.043478986425128568,-0.049168584992603737,0,0,0,1
0.16297496194736361,-0.019249259611588174,0.084202087811867249,0.0052188843385751905,-0.012300726364596545,-0.018018785338478765,0,0,0,0,0,0,0.044703746606118103,-0.047460848321370028,0,0,0,1
0.13474176799916635,-0.034440787330011734,0.065421129772736661,-0.004841624095562074,-0.0080047773767469924,-0.014536008810233763,0,0,0,0,0,0,0.04592850678710763,-0.045705674520379831,0,0,0,1
0.10099754998766196,-0.036901180368505281,0.031629727697181254,-0.011113513711057973,-0.0046805037402321802,-0.010463084948392817,0,0,0,0,0,0,0.047153266968097178,-0.04390306358963314,0,0,0,1
0.066562633094301354,-0.031329983399156283,0.0031411294824733051,-0.014457385264610642,-0.002124041035050143,-0.0069581210844023396,0,0,0,0,0,0,0.048378027149086712,-0.042053015529129961,0,0,0,1
0.038909019457760277,-0.02395196395264847,-0.01310318194349863,-0.015581687588292179,-0.00022926292402226806,-0.0043596635555776713,0,0,0,0,0,0,0.049602787330076253,-0.040155530338870295,0,0,0,1
0.018422528607128147,-0.017223066142851188,-0.018657459034696126,-0.015115827290816612,0.0010661398735805525,-0.0026058955572725267,0,0,0,0,0,0,0.050827547511065788,-0.038210608018854141,0,0,0,1
0.0040129745272350532,-0.011819536762583982,-0.017755016982189682,-0.013626470718360663,0.001831329964178404,-0.0014987623457012765,0,0,0,0,0,0,0.052052307692055315,-0.036218248569081485,0,0,0,1
-0.0056234270379601379,-0.007632865611437843,-0.014127471480061294,-0.0085327412697542605,0.014424133479154942,-0.017140524576314202,0,0,0,0,0,0,0.053277067873044863,-0.034178451989552334,0,0,0,1
-0.011567110953081538,-0.0043926940561743195,-0.010076624913541582,0.026678941240769923,0.056304873006688516,-0.075370159138925794,0,0,0,0,0,0,0.054501828054034397,-0.032091218280266696,0,0,0,1
-0.014658830252925978,-0.0019059501295066272,-0.0066564880135400158,0.093493466380942497,0.069186534373998507,-0.064568555048377607,0,0,0,0,0,0,0.055726588235023938,-0.029956547441224564,0,0,0,1
-0.015596787026174196,-7.372166270781005e-05,-0.0041490831819837497,0.15079416671754484,0.04073849256352121,0.01282141356143213,0,0,0,0,0,0,0.056951348416013473,-0.027774439472425947,0,0,0,1
-0.015004218239620644,0.0011651602096200491,-0.0024696541417002049,0.17144996887386077,0.0012864279541890634,0.073193500002024126,0,0,0,0,0,0,0.058176108597003,-0.025544894373870829,0,0,0,1
-0.013440761549173992,0.0018821346463802891,-0.0014154720846890718,0.15766173105348757,-0.025969765298607055,0.081896188959828115,0,0,0,0,0,0,0.059400868777992541,-0.02326791214555923,0,0,0,1
-0.011381557898795981,0.0021748972418880238,-0.0007859271994583311,0.12716489793477329,-0.037121071349244264,0.055692264987694529,0,0,0,0,0,0,0.060625628958982082,-0.020943492787491125,0,0,0,1
-0.0091939839268987307,0.0021585678973727053,-0.000424699549234599,0.090794840790794099,-0.031395248718066218,0.016928120471878656,0,0,0,0,0,0,0.061850389139971623,-0.018571636299666544,0,0,0,1
-0.0071291578674297874,0.0019474409873166221,-0.00022416507720016669,0.079103808263385436,0.01281056658661767,-0.062719893434589669,0,0,0,0,0,0,0.063075149320961157,-0.016152342682085461,0,0,0,1
-0.0053312209841193696,0.0016390874608811011,-0.0001159038577345628,0.11240737557421626,0.04664529090082755,-0.093627896161219554,0,0,0,0,0,0,0.064299909501950692,-0.013685611934747884,0,0,0,1
-0.0038589569488486795,0.0013059203475930387,-5.8843510568274574e-05,0.15639107890580578,0.034734043044038668,-0.030768468665958247,0,0,0,0,0,0,0.065524669682940226,-0.01117144405765382,0,0,0,1
-0.0027119827286480711,0.00099419818545030546,-2.9391527266246361e-05,0.17449116720852464,0.00061653088534891973,0.043536863599123336,0,0,0,0,0,0,0.066749429863929774,-0.0086098390508032637,0,0,0,1
0,0,0,0.15992498299734961,-0.027327325044159845,0.071401990308108537,0,0,0,0,0,0,0.067974190044919308,-0.0060007969141962153,0,0,0,1
0,0,0,0.12534392355282931,-0.039191119723489029,0.056504981486480602,0,0,0,0,0,0,0.069198950225908842,-0.0033443176478326758,0,0,0,1
0,0,0,0.085860693665498547,-0.038191705783122358,0.025821700139450905,0,0,0,0,0,0,0.07042371040689839,-0.00064040125171264495,0,0,0,1
0,0,0,0.051009725185328897,-0.030972518755712289,-0.00042561602670750142,0,0,0,0,0,0,0.071648470587887925,0.0021109522741638788,0,0,0,1
0,0,0,0.024295391726351596,-0.022520856746481816,-0.015200695653051287,0,0,0,0,0,0,0.072873230768877459,0.0049097429297968939,0,0,0,1
0,0,0,0.005566425134600669,-0.01521361409357002,-0.019847581788337239,0,0,0,0,0,0,0.074097990949867007,0.0077559707151864015,0,0,0,1
0,0,0,-0.0067121332202550186,-0.0096224661782711163,-0.018410182128667987,0,0,0,0,0,0,0.075322751130856541,0.0106496356303324,0,0,0,1
0,0,0,-0.014176605196654833,-0.0055220531200633489,-0.014478900548081776,0,0,0,0,0,0,0.076547511311846075,0.013590737675234891,0,0,0,1
0,0,0,-0.018124767946995059,-0.0025313666383205325,-0.010260921263372315,0,0,0,0,0,0,0.07777227149283561,0.016579276849893868,0,0,0,1
0,0,0,-0.019513283348223349,-0.00036679683101291404,-0.006751235765495623,0,0,0,0,0,0,0.078997031673825144,0.019615253154309349,0,0,0,1
0,0,0,-0.019078617354166716,0.0011349566768426929,-0.0041969422029202062,0,0,0,0,0,0,0.080221791854814678,0.022698666588481312,0,0,0,1
0,0,0,-0.017430840114228713,0.0020740996633992724,-0.0024934504352752984,0,0,0,0,0,0,0.081446552035804212,0.025829517152409779,0,0,0,1
0,0,0,-0.013440761549173992,0.0018821346463802891,-0.0014154720846890718,0,0,0,0,0,0,0.082671312216793746,0.029007804846094717,0,0,0,1
0,0,0,-0.011381557898795981,0.0021748972418880238,-0.0007859271994583311,0,0,0,0,0,0,0.083896072397783295,0.03223352966953616,0,0,0,1
0,0,0,-0.0091939839268987307,0.0021585678973727053,-0.000424699549234599,0,0,0,0,0,0,0.085120832578772829,0.0355066916227341,0,0,0,1
0,0,0,-0.0071291578674297874,0.0019474409873166221,-0.00022416507720016669,0,0,0,0,0,0,0.086345592759762363,0.038827290705688515,0,0,0,1
0,0,0,-0.0053312209841193696,0.0016390874608811011,-0.0001159038577345628,0,0,0,0,0,0,0.087570352940751897,0.042195326918399438,0,0,0,1
0,0,0,-0.0038589569488486795,0.0013059203475930387,-5.8843510568274574e-05,0,0,0,0,0,0,0.088795113121741431,0.045610800260866849,0,0,0,1
0,0,0,-0.0027119827286480711,0.00099419818545030546,-2.9391527266246361e-05,0,0,0,0,0,0,0.090019873302730979,0.04907371073309074,0,0,0,1
0,0,0,0,0,0,0,0,0,0,0,0,0.091244633483720514,0.052584058335071127,0,0,0,1
0,0,0,0,0,0,0,0,0,0,0,0,0.092469393664710048,0.056141843066808021,0,0,0,1
0,0,0,0,0,0,0,0,0,0,0,0,0.093694153845699582,0.059747064928301383,0,0,0,1
0,0,0,0,0,0,0,0,0,0,0,0,0.094918914026689116,0.06339972391955126,0,0,0,1
0,0,0,0,0,0,0,0,0,0,0,0,0.096143674207678664,0.067099820040557631,0,0,0,1
0,0,0,0,0,0,0,0,0,0,0,0,0.097368434388668185,0.070847353291320483,0,0,0,1
0,0,0,0,0,0,0,0,0,0,0,0,0.098593194569657733,0.07464232367183983,0,0,0,1
0,0,0,0,0,0,0,0,0,0,0,0,0.099817954750647267,0.078484731182115644,0,0,0,1
0,0,0,0,0,0,0,0,0,0,0,0,0.10104271493163682,0.082374575822147966,0,0,0,1
0,0,0,0,0,0,0,0,0,0,0,0,0.10226747511262635,0.086311857591936783,0,0,0,1
0,0,0,0,0,0,0,0,0,0,0,0,0.10349223529361587,0.090296576491482095,0,0,0,1
0,0,0,0,0,0,0,0,0,0,0,0,0.10471699547460542,0.094328732520783901,0,0,0,1
0,0,0,0,0,0,0,0,0,0,0,0,0.10594175565559495,0.098408325679842215,0,0,0,1
0,0,0,0,0,0,0,0,0,0,0,0,0.1071665158365845,0.102535355968657,0,0,0,1
0,0,0,0,0,0,0,0,0,0,0,0,0.10839127601757403,0.10670982338722827,0,0,0,1
0,0,0,0,0,0,0,0,0,0,0,0,0.10961603619856355,0.11093172793555602,0,0,0,1
0,0,0,0,0,0,0,0,0,0,0,0,0.1108407963795531,0.11520106961364028,0,0,0,1
0,0,0,0,0,0,0,0,0,0,0,0,0.11206555656054264,0.11951784842148101,0,0,0,1
0,0,0,0,0,0,0,0,0,0,0,0,0.11329031674153218,0.12388206435907828,0,0,0,1
0,0,0,0,0,0,0,0,0,0,0,0,0.11451507692252172,0.128293717426432,0,0,0,1
0,0,0,0,0,0,0,0,0,0,0,0,0.11573983710351124,0.13275280762354225,0,0,0,1
0,0,0,0,0,0,0,0,0,0,0,0,0.11696459728450077,0.13725933495040896,0,0,0,1
0,0,0,0,0,0,0,0,0,0,0,0,0.11818935746549032,0.14181329940703219,0,0,0,1
0,0,0,0,0,0,0,0,0,0,0,0,0.11941411764647988,0.14641470099341189,0,0,0,1
0,0,0,0,0,0,0,0,0,0,0,0,0.1206388778274694,0.15106353970954808,0,0,0,1
0,0,0,0,0,0,0,0,0,0,0,0,0.12186363800845894,0.15575981555544077,0,0,0,1
